Drug,ChEMBL_ID,MW,PSA,HBD,HBA,LogP,SMILES,Fu_median,N_fu,Fu_values,Fu_flag,PPB_value,Fu_from_PPB,N_ppb,Fu_source,Fu_final,pKa_exp,N_pka,pKa_values,LogD74_exp,N_logd,LogD_values,pKa_acid_pred,pKa_base_pred,LogD74_pred,Type
AMPHETAMINE,CHEMBL405,135.21,26.02,1,1,1.58,CC(N)Cc1ccccc1,0.8,1,0.8,NA,NA,NA,NA,ChEMBL_Fu,0.8,NA,0,NA,NA,0,NA,NA,9.87,-0.71,BASE
ACETAMINOPHEN,CHEMBL112,151.16,49.33,2,2,1.35,CC(=O)Nc1ccc(O)cc1,1,3,"1, 1, 0.52",FLAG: contains 0 or 1,NA,NA,NA,ChEMBL_Fu,1,9.5,3,"9.63, 0, 9.5",0.30000000000000004,4,"0.51, 0.27, 0.33, 0.2",NA,NA,0.46,NEUTRAL
ASPIRIN,CHEMBL25,180.16,63.60,1,3,1.31,CC(=O)Oc1ccccc1C(=O)O,0.68,1,0.68,NA,NA,NA,NA,ChEMBL_Fu,0.68,3.5,6,"3.5, 3.5, 3.5, 3.5, 3.5, 3.47",-2.57,2,"-2.57, -2.57",4.2,NA,-2.01,ACID
ENALAPRIL,CHEMBL578,376.45,95.94,2,5,1.60,CCOC(=O)[C@H](CCc1ccccc1)N[C@@H](C)C(=O)N1CCC[C@H]1C(=O)O,NA,0,NA,NA,50,0.5,1,ChEMBL_PPB,0.5,2.96,4,"5.49, 3, 2.92, 2.92",-1.8,1,-1.8,7.23,NA,-0.32,ACID
ETHINYL ESTRADIOL,CHEMBL691,296.41,40.46,2,2,3.61,C#C[C@]1(O)CC[C@H]2[C@@H]3CCc4cc(O)ccc4[C@H]3CC[C@@]21C,0.014,1,0.014,NA,NA,NA,NA,ChEMBL_Fu,0.014,NA,0,NA,NA,0,NA,12.19,NA,3.67,ACID
ETHOSUXIMIDE,CHEMBL696,141.17,46.17,1,2,0.45,CCC1(C)CC(=O)NC1=O,NA,0,NA,NA,NA,NA,0,NA,NA,NA,0,NA,NA,0,NA,9.18,NA,0.37,ACID
IVERMECTIN,CHEMBL6067487,875.1,170,3,14,4.1,CCC(C)C1C(CCC2(O1)CC3CC(O2)CC=C(C(C(C=CC=C4COC5C4(C(C=C(C5O)C)C(=O)O3)O)C)OC6CC(C(C(O6)C)OC7CC(C(C(O7)C)O)OC)OC)C)C,NA,0,NA,NA,NA,NA,0,NA,NA,NA,0,NA,NA,0,NA,NA,NA,NA,NEUTRAL
METHOHEXITAL,CHEMBL7413,262.31,66.48,1,3,1.31,C=CCC1(C(C)C#CCC)C(=O)NC(=O)N(C)C1=O,0.27,1,0.27,NA,NA,NA,NA,ChEMBL_Fu,0.27,4.74,1,4.74,NA,0,NA,8.82,NA,2.21,ACID
NORETHINDRONE,CHEMBL1162,298.43,37.30,1,2,3.49,C#C[C@]1(O)CC[C@H]2[C@@H]3CCC4=CC(=O)CC[C@@H]4[C@H]3CC[C@@]21C,NA,0,NA,NA,NA,NA,0,NA,NA,NA,0,NA,NA,0,NA,10.32,NA,2.97,ACID
PHENOBARBITAL,CHEMBL40,232.24,75.27,2,3,0.70,CCC1(c2ccccc2)C(=O)NC(=O)NC1=O,0.49,1,0.49,NA,NA,NA,NA,ChEMBL_Fu,0.49,7.49,7,"7.5, 7.5, 7.26, 7.49, 7.4, 7.5, 7.2",NA,0,NA,7.71,NA,1.3,ACID
THEOPHYLLINE,CHEMBL1355736,198.18,72.68,1,5,-1.04,Cn1c(=O)c2nc[nH]c2n(C)c1=O.O,0.61,3,"0.46, 0.61, 0.989",NA,NA,NA,NA,ChEMBL_Fu,0.61,6.7,4,"8.8, 0, 4.6, 8.8",-0.02,3,"-0.02, -5, -0.02",NA,3.19,-0.02,BASE
THIOPENTAL,CHEMBL441,242.34,58.20,2,3,1.35,CCCC(C)C1(CC)C(=O)NC(=S)NC1=O,0.14,1,0.14,NA,NA,NA,NA,ChEMBL_Fu,0.14,4.199999999999999,2,"0.8, 7.6",NA,0,NA,5.69,NA,1.13,ACID
TINIDAZOLE,CHEMBL1220,247.28,95.10,0,6,0.53,CCS(=O)(=O)CCn1c([N+](=O)[O-])cnc1C,0.8,1,0.8,NA,NA,NA,NA,ChEMBL_Fu,0.8,NA,0,NA,NA,0,NA,NA,3.09,-0.35,BASE
VALPROIC ACID,CHEMBL109,144.21,37.30,1,1,2.29,CCCC(CCC)C(=O)O,0.068,2,"0.084, 0.052",NA,NA,NA,NA,ChEMBL_Fu,0.068,4.8,1,4.8,NA,0,NA,5.25,NA,0.6,ACID
ZONISAMIDE,CHEMBL750,212.23,86.19,1,4,0.62,NS(=O)(=O)Cc1noc2ccccc12,0.308,1,0.308,NA,NA,NA,NA,ChEMBL_Fu,0.308,NA,0,NA,NA,0,NA,7.61,NA,0.27,ACID
ALPRAZOLAM,CHEMBL661,308.77,43.07,0,4,3.58,Cc1nnc2n1-c1ccc(Cl)cc1C(c1ccccc1)=NC2,0.29,3,"0.29, 0.29, 0.29",NA,NA,NA,NA,ChEMBL_Fu,0.29,2.4,3,"6.2, 2.4, 2.4",2.12,1,2.12,NA,4.83,2.12,BASE
AMITRIPTYLINE,CHEMBL629,277.41,3.24,0,1,4.17,CN(C)CCC=C1c2ccccc2CCc2ccccc21,0.065,2,"0.06, 0.07",NA,NA,NA,NA,ChEMBL_Fu,0.065,9.4,11,"9.4, 9.42, 9.4, 9.4, 9.4, 9.49, 9.4, 8.2, 9.4, 9.5, 9.4",2.84,6,"2.62, 2.499, 2.83, 9.4, 2.85, 3",NA,9.91,2.41,BASE
AMLODIPINE,CHEMBL1491,408.88,99.88,2,7,2.27,CCOC(=O)C1=C(COCCN)NC(C)=C(C(=O)OC)C1c1ccccc1Cl,0.005,1,0.005,NA,NA,NA,NA,ChEMBL_Fu,0.005,9.145,6,"9.5, 9.03, 8.6, 8.6, 9.26, 9.45",1.66,1,1.66,NA,8.37,1.82,BASE
AMOXAPINE,CHEMBL1113,313.79,36.86,1,4,3.43,Clc1ccc2c(c1)C(N1CCNCC1)=Nc1ccccc1O2,NA,0,NA,NA,89.05,0.10950000000000004,1,ChEMBL_PPB,0.10950000000000004,8.705,6,"7.6, 3.38, 8.71, 8.7, 8.71, 11.16",2.94,2,"3.48, 2.4",NA,12.5,-1.5,BASE
BUPIVACAINE,CHEMBL1098,288.44,32.34,1,2,3.90,CCCCN1CCCCC1C(=O)Nc1c(C)cccc1C,0.14400000000000002,2,"0.056, 0.232",NA,NA,NA,NA,ChEMBL_Fu,0.14400000000000002,8.129999999999999,2,"8.16, 8.1",NA,0,NA,NA,7.13,3.22,BASE
BUPRENORPHINE,CHEMBL511142,467.65,62.16,2,5,4.41,CO[C@@]12CC[C@@]3(C[C@@H]1[C@](C)(O)C(C)(C)C)[C@H]1Cc4ccc(O)c5c4[C@@]3(CCN1CC1CC1)[C@H]2O5,0.04,1,0.04,NA,NA,NA,NA,ChEMBL_Fu,0.04,8.965,2,"9.62, 8.31",3.93,1,3.93,NA,NA,NA,NEUTRAL
BUPROPION,CHEMBL894,239.75,29.10,1,2,3.30,CC(NC(C)(C)C)C(=O)c1cccc(Cl)c1,0.195,1,0.195,NA,NA,NA,NA,ChEMBL_Fu,0.195,8.35,3,"8.2, 8.35, 8.6",NA,0,NA,NA,6.66,1.76,BASE
CAFFEINE,CHEMBL113,194.19,61.82,0,6,-1.03,Cn1c(=O)c2c(ncn2C)n(C)c1=O,0.64,4,"0.64, 0.64, 0.64, 0.989",NA,NA,NA,NA,ChEMBL_Fu,0.64,0.6,3,"0.6, 0, 3.6",-0.13,5,"-0.07, -0.14, -0.13, 0.02, -0.3",NA,2.43,-0.07,BASE
CHLORAMPHENICOL,CHEMBL130,323.13,112.70,3,5,0.91,O=C(N[C@H](CO)[C@H](O)c1ccc([N+](=O)[O-])cc1)C(Cl)Cl,0.47,3,"0.47, 0.47, 0.34",NA,NA,NA,NA,ChEMBL_Fu,0.47,0.645,2,"1.29, 0",1.045,4,"1, 1.14, 1.04, 1.05",9.39,NA,1.14,ACID
CHLORPROMAZINE,CHEMBL71,318.87,6.48,0,3,4.89,CN(C)CCCN1c2ccccc2Sc2ccc(Cl)cc21,0.03,6,"0.03, 0.03, 0.056, 0.003, 0.0013, 0.302",NA,NA,NA,NA,ChEMBL_Fu,0.03,9.25,19,"9.24, 9.25, 9.3, 9.2, 9.22, 9.41, 9.3, 9.22, 9.54, 9.3, 9.24, 9.25, 9.2, 9.22, 9.36, 9.19, 9.3, 9.22, 9.3",3.23,7,"3.167, 3.221, 9.36, 3.38, 3.7, 3.23, 3.18",NA,4.54,5.41,BASE
CLEMASTINE,CHEMBL1626,343.90,12.47,0,2,5.10,CN1CCC[C@@H]1CCO[C@](C)(c1ccccc1)c1ccc(Cl)cc1,NA,0,NA,NA,NA,NA,0,NA,NA,9.2,1,9.2,NA,0,NA,NA,10.03,1.47,BASE
CLINDAMYCIN,CHEMBL1753,424.99,102.26,4,7,0.39,CCC[C@@H]1C[C@@H](C(=O)N[C@@H]([C@H]2O[C@H](SC)[C@H](O)[C@@H](O)[C@H]2O)[C@H](C)Cl)N(C)C1,0.08,2,"0.06, 0.1",NA,NA,NA,NA,ChEMBL_Fu,0.08,NA,0,NA,NA,0,NA,NA,6.58,2.1,BASE
CLOMIPRAMINE,CHEMBL415,314.86,6.48,0,2,4.53,CN(C)CCCN1c2ccccc2CCc2ccc(Cl)cc21,0.0345,4,"0.04, 0.029, 0.004, 0.186",NA,NA,NA,NA,ChEMBL_Fu,0.0345,9.38,8,"9.38, 9.38, 9.2, 9.38, 9.38, 9.1, 9.38, 9.4",3.2800000000000002,2,"3.32, 3.24",NA,7.42,4.88,BASE
CLONAZEPAM,CHEMBL452,315.72,84.60,1,4,3.04,O=C1CN=C(c2ccccc2Cl)c2cc([N+](=O)[O-])ccc2N1,0.15,1,0.15,NA,NA,NA,NA,ChEMBL_Fu,0.15,NA,0,NA,NA,0,NA,8.75,NA,2.39,ACID
CODEINE,CHEMBL485,299.37,41.93,1,4,1.50,COc1ccc2c3c1O[C@H]1[C@@H](O)C=C[C@H]4[C@@H](C2)N(C)CC[C@@]341,0.815,2,"0.93, 0.7",NA,NA,NA,NA,ChEMBL_Fu,0.815,8.2,7,"8.2, 8.22, 7.9, 8.2, 8.2, 9.48, 8.4",0.225,2,"0.22, 0.23",NA,7.95,0.48,BASE
COLCHICINE,CHEMBL107,399.44,83.09,1,6,2.87,COc1cc2c(c(OC)c1OC)-c1ccc(OC)c(=O)cc1[C@@H](NC(C)=O)CC2,0.61,3,"0.61, 0.61, 0.61",NA,NA,NA,NA,ChEMBL_Fu,0.61,NA,0,NA,1.03,1,1.03,NA,7.16,1.1,BASE
COTININE,CHEMBL578211,176.22,33.20,0,2,1.37,CN1C(=O)CC[C@H]1c1cccnc1,NA,0,NA,NA,NA,NA,0,NA,NA,4.5,1,4.5,NA,0,NA,NA,3.52,0.07,BASE
DESIPRAMINE,CHEMBL72,266.39,15.27,1,2,3.53,CNCCCN1c2ccccc2CCc2ccccc21,0.155,4,"0.18, 0.15, 0.16, 0.011",NA,NA,NA,NA,ChEMBL_Fu,0.155,10.2,14,"10.23, 10.23, 10.44, 10.2, 5.32, 10.2, 9.8, 3.35, 10.16, 10.23, 10.2, 10.2, 10, 10.2",1.28,7,"1.05, 1.28, 1.45, 10.2, 0.89, 1.09, 1.39",NA,7.06,4.74,BASE
DIAZEPAM,CHEMBL12,284.75,32.67,0,2,3.15,CN1C(=O)CN=C(c2ccccc2)c2cc(Cl)ccc21,0.02,9,"0.013, 0.02, 0.023, 0.023, 0.019, 0.016, 0.019, 0.02, 0.023",NA,NA,NA,NA,ChEMBL_Fu,0.02,3.55,5,"3.55, 3.55, 3.4, 3.6, 0.09",3.16,4,"2.79, 3.53, 3.64, 2.1",NA,3.6,2.91,BASE
DOTHIEPIN,CHEMBL1492500,295.45,3.24,0,2,4.68,CN(C)CC/C=C1\c2ccccc2CSc2ccccc21,NA,0,NA,NA,NA,NA,0,NA,NA,9.25,1,9.25,2.66,1,2.66,9.11,NA,4.48,ACID
DOXEPIN,CHEMBL1628227,279.38,12.47,0,2,3.96,CN(C)CCC=C1c2ccccc2COc2ccccc21,0.2,1,0.2,NA,NA,NA,NA,ChEMBL_Fu,0.2,9,5,"9, 8, 9, 9.37, 8",2.217,5,"2.27, 2.217, 2.199, 2.217, 2.3",NA,10.11,1.58,BASE
DULOXETINE,CHEMBL1175,297.42,21.26,1,3,4.63,CNCC[C@H](Oc1cccc2ccccc12)c1cccs1,NA,0,NA,NA,NA,NA,0,NA,NA,9.97,1,9.97,NA,0,NA,NA,5.24,3.77,BASE
ESCITALOPRAM,CHEMBL1508,324.40,36.26,0,3,3.81,CN(C)CCC[C@@]1(c2ccc(F)cc2)OCc2cc(C#N)ccc21,NA,0,NA,NA,NA,NA,0,NA,NA,NA,0,NA,NA,0,NA,NA,7.36,2.22,BASE
FLUOXETINE,CHEMBL41,309.33,21.26,1,2,4.44,CNCCC(Oc1ccc(C(F)(F)F)cc1)c1ccccc1,0.06,5,"0.04, 0.063, 0.056, 0.079, 0.06",NA,NA,NA,NA,ChEMBL_Fu,0.06,10.2,6,"10.2, 10.2, 9.5, 10.2, 10.1, 10.5",2.92,2,"2.84, 3",NA,12.54,-1.09,BASE
FLUVOXAMINE,CHEMBL814,318.34,56.84,1,4,3.20,COCCCC/C(=N\OCCN)c1ccc(C(F)(F)F)cc1,0.022,1,0.022,NA,NA,NA,NA,ChEMBL_Fu,0.022,9.45,2,"9.5, 9.4",2.41,1,2.41,NA,7.05,1.7,BASE
HYDRALAZINE,CHEMBL276832,160.18,63.83,2,4,0.92,NNc1nncc2ccccc12,0.12,1,0.12,NA,NA,NA,NA,ChEMBL_Fu,0.12,7.3,1,7.3,NA,0,NA,NA,7.15,0.81,BASE
HYDROMORPHONE,CHEMBL398707,285.34,49.77,1,4,1.63,CN1CC[C@]23c4c5ccc(O)c4O[C@H]2C(=O)CC[C@H]3[C@H]1C5,0.86,1,0.86,NA,NA,NA,NA,ChEMBL_Fu,0.86,NA,0,NA,NA,0,NA,NA,7.38,1.28,BASE
HYDROXYCHLOROQUINE,CHEMBL1535,335.88,48.39,2,4,3.78,CCN(CCO)CCCC(C)Nc1ccnc2cc(Cl)ccc12,0.57,1,0.57,NA,NA,NA,NA,ChEMBL_Fu,0.57,NA,0,NA,NA,0,NA,9.88,8.56,2.77,AMPHOLYTE
IMIPRAMINE,CHEMBL11,280.42,6.48,0,2,3.88,CN(C)CCCN1c2ccccc2CCc2ccccc21,0.13849999999999998,8,"0.1, 0.1, 0.075, 0.105, 0.172, 0.181, 0.22, 0.472",NA,NA,NA,NA,ChEMBL_Fu,0.13849999999999998,9.5,15,"9.51, 9.45, 9.5, 9.5, 3.52, 9.5, 9.45, 2.1, 9.51, 9.45, 9.4, 10.2, 9.5, 9.5, 9",2.455,10,"2.52, 2.31, 2.4, 2.49, 2.581, 2.49, 1.33, 1.43, 2.52, 2.42",NA,7.89,4.19,BASE
ISONIAZID,CHEMBL64,137.14,68.01,2,3,-0.31,NNC(=O)c1ccncc1,1,1,1,FLAG: contains 0 or 1,NA,NA,NA,ChEMBL_Fu,1,0.925,2,"1.8, 0.05",NA,0,NA,11.19,5.67,-1.77,AMPHOLYTE
LEVODOPA,CHEMBL1009,197.19,103.78,4,4,0.05,N[C@@H](Cc1ccc(O)c(O)c1)C(=O)O,0.76,1,0.76,NA,NA,NA,NA,ChEMBL_Fu,0.76,7.470000000000001,2,"12.73, 2.21",-1.22,1,-1.22,4.03,NA,-5.76,ACID
MAPROTILINE,CHEMBL21731,277.41,12.03,1,1,4.21,CNCCCC12CCC(c3ccccc31)c1ccccc12,0.11499999999999999,2,"0.12, 0.11",NA,NA,NA,NA,ChEMBL_Fu,0.11499999999999999,10.5,5,"10.5, 10.5, 10.5, 10.6, 10.5",2.01,2,"1.12, 2.9",NA,10.14,1.5,BASE
METHADONE,CHEMBL651,309.45,20.31,0,2,4.29,CCC(=O)C(CC(C)N(C)C)(c1ccccc1)c1ccccc1,0.16,2,"0.11, 0.21",NA,NA,NA,NA,ChEMBL_Fu,0.16,8.775,2,"8.25, 9.3",NA,0,NA,NA,NA,NA,NEUTRAL
METHYLPHENIDATE,CHEMBL796,233.31,38.33,1,3,2.09,COC(=O)C(c1ccccc1)C1CCCCN1,0.85,1,0.85,NA,NA,NA,NA,ChEMBL_Fu,0.85,9.24,2,"9.24, 9.24",0.125,2,"-0.15, 0.4",NA,10.54,-2.93,BASE
METOPROLOL,CHEMBL13,267.37,50.72,2,4,1.61,COCCc1ccc(OCC(O)CNC(C)C)cc1,0.89,4,"0.89, 0.89, 0.88, 0.974",NA,NA,NA,NA,ChEMBL_Fu,0.89,9.7,17,"9.6, 9.7, 9.7, 9.7, 9.7, 9.18, 6.55, 9.63, 9.7, 9.18, 2.45, 9.56, 9.7, 9.7, 13.74, 9.7, 9.17",-0.16,7,"0.07, -0.16, -0.24, 0.07, -0.37, 0.05, -0.28",NA,10.43,-1.15,BASE
METRONIDAZOLE,CHEMBL137,171.16,81.19,1,5,0.09,Cc1ncc([N+](=O)[O-])n1CCO,0.89,3,"0.89, 0.89, 0.96",NA,NA,NA,NA,ChEMBL_Fu,0.89,0,1,0,-0.02,2,"-0.02, -0.02",NA,3.33,-0.02,BASE
MIANSERIN,CHEMBL6437,264.37,6.48,0,2,3.08,CN1CCN2c3ccccc3Cc3ccccc3C2C1,0.839,1,0.839,NA,NA,NA,NA,ChEMBL_Fu,0.839,7.1,3,"7.1, 7.1, 8.4",4.08,1,4.08,NA,8.02,3.53,BASE
MINOXIDIL,CHEMBL802,209.25,95.11,2,5,-0.13,Nc1cc(N2CCCCC2)nc(N)[n+]1[O-],NA,0,NA,NA,NA,NA,0,NA,NA,4.6,1,4.6,NA,0,NA,NA,5.59,1.23,BASE
MORPHINE,CHEMBL70,285.34,52.93,2,4,1.20,CN1CC[C@]23c4c5ccc(O)c4O[C@H]2[C@@H](O)C=C[C@H]3[C@H]1C5,0.65,3,"0.65, 0.61, 0.65",NA,NA,NA,NA,ChEMBL_Fu,0.65,8.18,15,"8.18, 8.18, 9.26, 9.26, 9.46, 8.18, 8.17, 8.13, 9.6, 7.93, 8.18, 8.18, 8.18, 8.3, 7.93",-0.07500000000000001,4,"-0.07, -0.02, -0.08, -0.44",NA,8.06,0.14,BASE
NALTREXONE,CHEMBL19019,341.41,70.00,2,5,1.53,O=C1CC[C@@]2(O)[C@H]3Cc4ccc(O)c5c4[C@@]2(CCN3CC2CC2)[C@H]1O5,0.79,1,0.79,NA,NA,NA,NA,ChEMBL_Fu,0.79,8.1,1,8.1,NA,0,NA,NA,6.87,1.81,BASE
NICOTINE,CHEMBL3,162.24,16.13,0,2,1.85,CN1CCC[C@H]1c1cccnc1,0.95,3,"0.95, 0.95, 0.95",NA,NA,NA,NA,ChEMBL_Fu,0.95,8.08,9,"8.1, 8.1, 8, 8.08, 3.4, 7.66, 7.9, 8.11, 8.1",0.4,1,0.4,NA,NA,NA,NEUTRAL
NORTRIPTYLINE,CHEMBL445,263.38,12.03,1,1,3.83,CNCCC=C1c2ccccc2CCc2ccccc21,0.12,3,"0.12, 0.12, 0.006",NA,NA,NA,NA,ChEMBL_Fu,0.12,10.1,9,"10.1, 9.7, 9.7, 10.41, 10.1, 10.41, 10.13, 10.1, 13.9",2.23,5,"2.02, 1.98, 9.73, 2.23, 2.8",NA,10.71,1.2,BASE
PAROXETINE,CHEMBL490,329.37,39.72,1,4,3.33,Fc1ccc([C@@H]2CCNC[C@H]2COc2ccc3c(c2)OCO3)cc1,0.074,7,"0.05, 0.06, 0.005, 0.074, 0.089, 0.099, 0.136",NA,NA,NA,NA,ChEMBL_Fu,0.074,9.805,8,"9.51, 11.2, 10.1, 9.51, 10.1, 9.51, 9.5, 10.34",2.285,2,"2.27, 2.3",NA,NA,NA,NEUTRAL
PEFLOXACIN,CHEMBL267648,333.36,65.78,1,5,1.61,CCn1cc(C(=O)O)c(=O)c2cc(F)c(N3CCN(C)CC3)cc21,0.75,1,0.75,NA,NA,NA,NA,ChEMBL_Fu,0.75,NA,0,NA,0.37,1,0.37,-1.71,7.17,0.07,AMPHOLYTE
PREDNISOLONE,CHEMBL131,360.45,94.83,3,5,1.56,C[C@]12C=CC(=O)C=C1CC[C@@H]1[C@@H]2[C@@H](O)C[C@@]2(C)[C@H]1CC[C@]2(O)C(=O)CO,0.25,5,"0.075, 0.075, 0.25, 0.98, 0.41",NA,NA,NA,NA,ChEMBL_Fu,0.25,0,1,0,1.6,1,1.6,8.59,NA,1.59,ACID
PROPRANOLOL,CHEMBL27,259.35,41.49,2,3,2.58,CC(C)NCC(O)COc1cccc2ccccc12,0.216,11,"0.13, 0.1, 0.13, 0.216, 0.213, 0.231, 0.315, 0.15, 0.915, 0.421, 0.244",NA,NA,NA,NA,ChEMBL_Fu,0.216,9.475,24,"9.45, 9.45, 9.5, 9.5, 9.15, 6.49, 9.68, 9.53, 9.64, 9.45, 9.17, 2.3, 9.53, 9.45, 9.6, 9.6, 10.17, 9.5, 9.45, 9.56, 9.51, 9.43, 9.35, 7.5",1.26,14,"1.54, 1.18, 1.26, 1.25, 1.33, 0.69, 0.72, 1.4, 1.54, 1.62, 1.38, 1.26, 0.2, 1.26",NA,8.86,2.01,BASE
QUININE,CHEMBL170,324.42,45.59,1,4,3.17,C=C[C@H]1CN2CC[C@H]1C[C@H]2[C@H](O)c1ccnc2ccc(OC)cc12,0.3,1,0.3,NA,NA,NA,NA,ChEMBL_Fu,0.3,8.56,9,"8.8, 9.13, 8.5, 8.8, 8.55, 8.56, 1.6, 3.1, 8.8",NA,0,NA,NA,8.25,2.53,BASE
RISPERIDONE,CHEMBL85,410.49,64.16,0,6,3.59,Cc1nc2n(c(=O)c1CCN1CCC(c3noc4cc(F)ccc34)CC1)CCCC2,0.1745,8,"0.11, 0.11, 0.1, 0.163, 0.222, 0.186, 0.276, 0.932",NA,NA,NA,NA,ChEMBL_Fu,0.1745,8.3,11,"7.91, 8.3, 8.7, 3.16, 3.16, 8.63, 8.3, 8.3, 8.3, 13, 8.2",1.71,3,"2.04, 1.66, 1.71",NA,7.61,3.56,BASE
SUMATRIPTAN,CHEMBL128,295.41,65.20,2,3,1.32,CNS(=O)(=O)Cc1ccc2[nH]cc(CCN(C)C)c2c1,0.82,4,"0.82, 0.82, 0.83, 0.68",NA,NA,NA,NA,ChEMBL_Fu,0.82,9.5,6,"9.5, 9.5, 9.4, 9.68, 9.5, 8.7",-1.17,6,"-1.17, -1.17, -1.17, -1, 0, -1.7",10.22,NA,0.93,ACID
TEMAZEPAM,CHEMBL967,300.75,52.90,1,3,2.47,CN1C(=O)C(O)N=C(c2ccccc2)c2cc(Cl)ccc21,NA,0,NA,NA,NA,NA,0,NA,NA,NA,0,NA,NA,0,NA,NA,4.19,2.19,BASE
TIMOLOL,CHEMBL499,316.43,79.74,2,8,0.50,CC(C)(C)NC[C@H](O)COc1nsnc1N1CCOCC1,0.9,3,"0.9, 0.9, 0.988",NA,NA,NA,NA,ChEMBL_Fu,0.9,8.8,7,"8.8, 9.3, 9.53, 8.8, 9.53, 8.8, 3.9",NA,0,NA,NA,9.6,-0.37,BASE
TRIPROLIDINE,CHEMBL855,278.40,16.13,0,2,3.92,Cc1ccc(/C(=C\CN2CCCC2)c2ccccn2)cc1,NA,0,NA,NA,35.46,0.6454,1,ChEMBL_PPB,0.6454,9.69,3,"9.69, 9.25, 9.69",NA,0,NA,NA,8.15,3.1,BASE
VENLAFAXINE,CHEMBL637,277.41,32.70,1,3,3.04,COc1ccc(C(CN(C)C)C2(O)CCCCC2)cc1,0.73,2,"0.73, 0.73",NA,NA,NA,NA,ChEMBL_Fu,0.73,9.6,8,"9.5, 9.2, 9.9, 9.9, 9.5, 9.7, 9.5, 10",0.88,3,"0.88, 1, 0.88",NA,9.4,1.13,BASE
VERAPAMIL,CHEMBL6966,454.61,63.95,0,6,5.09,COc1ccc(CCN(C)CCCC(C#N)(c2ccc(OC)c(OC)c2)C(C)C)cc1OC,0.14550000000000002,8,"0.1, 0.093, 0.137, 0.154, 0.16, 0.233, 0.79, 0.01",NA,NA,NA,NA,ChEMBL_Fu,0.14550000000000002,8.92,18,"9.2, 8.92, 8.29, 8.9, 9.04, 8.92, 8.68, 4.18, 8.92, 8.92, 8.92, 8.76, 1.36, 9.07, 8.92, 8.9, 8.7, 9",2.5949999999999998,4,"1.91, 3.4, 2.52, 2.67",NA,8.43,2.72,BASE
ZIDOVUDINE,CHEMBL129,267.24,133.08,2,6,-0.20,Cc1cn([C@H]2C[C@H](N=[N+]=[N-])[C@@H](CO)O2)c(=O)[nH]c1=O,0.77,3,"0.77, 0.8, 0.695",NA,NA,NA,NA,ChEMBL_Fu,0.77,NA,0,NA,NA,0,NA,6.88,NA,-0.58,ACID
ZOLPIDEM,CHEMBL911,307.40,37.61,0,3,3.25,Cc1ccc(-c2nc3ccc(C)cn3c2CC(=O)N(C)C)cc1,0.08,1,0.08,NA,NA,NA,NA,ChEMBL_Fu,0.08,6.02,2,"6.02, 6.02",2.325,2,"2.35, 2.3",NA,5.12,3.45,BASE
ABACAVIR,CHEMBL1380,286.34,101.88,3,7,1.09,Nc1nc(NC2CC2)c2ncn([C@H]3C=C[C@@H](CO)C3)c2n1,0.5,1,0.5,NA,NA,NA,NA,ChEMBL_Fu,0.5,NA,0,NA,NA,0,NA,NA,5.31,1.22,BASE
APIXABAN,CHEMBL231779,459.51,110.76,1,6,2.70,COc1ccc(-n2nc(C(N)=O)c3c2C(=O)N(c2ccc(N4CCCCC4=O)cc2)CC3)cc1,0.07,1,0.07,NA,NA,NA,NA,ChEMBL_Fu,0.07,8.56,1,8.56,NA,0,NA,8.66,NA,2.49,ACID
BUDESONIDE,CHEMBL1370,430.54,93.06,2,6,2.72,CCCC1O[C@@H]2C[C@H]3[C@@H]4CCC5=CC(=O)C=C[C@]5(C)[C@H]4[C@@H](O)C[C@]3(C)[C@]2(C(=O)CO)O1,0.13,1,0.13,NA,NA,NA,NA,ChEMBL_Fu,0.13,NA,0,NA,NA,0,NA,7.64,NA,2.64,ACID
DOXAZOSIN,CHEMBL707,451.48,112.27,1,9,1.72,COc1cc2nc(N3CCN(C(=O)C4COc5ccccc5O4)CC3)nc(N)c2cc1OC,0.017,1,0.017,NA,NA,NA,NA,ChEMBL_Fu,0.017,6.7,2,"6.5, 6.9",NA,0,NA,NA,6.15,3.28,BASE
ESTRADIOL,CHEMBL135,272.39,40.46,2,2,3.61,C[C@]12CC[C@@H]3c4ccc(O)cc4CC[C@H]3[C@@H]1CC[C@@H]2O,0.015,3,"0.015, 0.015, 0.016",NA,NA,NA,NA,ChEMBL_Fu,0.015,NA,0,NA,4.01,1,4.01,11.66,NA,3.91,ACID
ALCOHOL,CHEMBL545,46.07,20.23,1,1,0.00,CCO,NA,0,NA,NA,NA,NA,0,NA,NA,NA,0,NA,NA,0,NA,12.31,NA,-0.31,ACID
LIDOCAINE,CHEMBL79,234.34,32.34,1,2,2.58,CCN(CC)CC(=O)Nc1c(C)cccc1C,0.303,5,"0.3, 0.3, 0.33, 0.303, 0.959",NA,NA,NA,NA,ChEMBL_Fu,0.303,7.9190000000000005,20,"7.94, 7.94, 7.9, 7.63, 7.95, 7.94, 7.94, 8.5, 7.9, 7.94, 7.95, 7.928, 7.94, 7.86, 7.9, 7.91, 7.91, 7.78, 7.52, 5.2",1.6484999999999999,4,"1.65, 1.71, 1.647, 1.63",NA,6.44,2.3,BASE
LORAZEPAM,CHEMBL580,321.16,61.69,2,3,3.10,O=C1Nc2ccc(Cl)cc2C(c2ccccc2Cl)=NC1O,0.09,4,"0.09, 0.09, 0.09, 0.057",NA,NA,NA,NA,ChEMBL_Fu,0.09,11.5,1,11.5,2.51,1,2.51,9.42,NA,2.39,ACID
MIRTAZAPINE,CHEMBL654,265.36,19.37,0,3,2.48,CN1CCN2c3ncccc3Cc3ccccc3C2C1,0.16,7,"0.15, 0.15, 0.16, 0.266, 0.286, 0.32, 0.15",NA,NA,NA,NA,ChEMBL_Fu,0.16,7.3,8,"7.3, 7.1, 7.3, 3.59, 7.79, 7.3, 7.3, 7.3",2.3,1,2.3,NA,7.35,1.25,BASE
PANTOPRAZOLE,CHEMBL1502,383.38,92.32,1,6,2.88,COc1ccnc(C[S+]([O-])c2nc3cc(OC(F)F)ccc3[nH]2)c1OC,0.02,1,0.02,NA,NA,NA,NA,ChEMBL_Fu,0.02,5.845000000000001,4,"3.92, 8.19, 4, 7.69",NA,0,NA,NA,0.36,1.45,BASE
PENTOXIFYLLINE,CHEMBL628,278.31,78.89,0,7,0.19,CC(=O)CCCCn1c(=O)c2c(ncn2C)n(C)c1=O,1,2,"1, 1",FLAG: contains 0 or 1,NA,NA,NA,ChEMBL_Fu,1,NA,0,NA,0.29,1,0.29,NA,2.41,0.29,BASE
PROPYLTHIOURACIL,CHEMBL1518,170.24,48.65,2,2,1.38,CCCc1cc(=O)[nH]c(=S)[nH]1,0.18,1,0.18,NA,NA,NA,NA,ChEMBL_Fu,0.18,NA,0,NA,0.85,1,0.85,NA,-0.26,-0.39,BASE
QUETIAPINE,CHEMBL716,383.52,48.30,1,6,2.86,OCCOCCN1CCN(C2=Nc3ccccc3Sc3ccccc32)CC1,NA,0,NA,NA,NA,NA,0,NA,NA,6.91,3,"3.64, 6.91, 11.18",3.4,1,3.4,NA,7.7,2.29,BASE
REBOXETINE,CHEMBL14370,313.40,39.72,1,4,3.19,CCOc1ccccc1OC(c1ccccc1)C1CNCCO1,0.0325,2,"0.019, 0.046",NA,NA,NA,NA,ChEMBL_Fu,0.0325,NA,0,NA,NA,0,NA,NA,7.71,2.78,BASE
THEOBROMINE,CHEMBL1114,180.17,72.68,1,5,-1.04,Cn1cnc2c1c(=O)[nH]c(=O)n2C,NA,0,NA,NA,NA,NA,0,NA,NA,NA,0,NA,NA,0,NA,9.82,NA,-0.77,ACID
THIOPENTAL SODIUM,CHEMBL738,264.33,58.20,2,3,1.35,CCCC(C)C1(CC)C(=O)[N-]C(=S)NC1=O.[Na+],NA,0,NA,NA,NA,NA,0,NA,NA,NA,0,NA,NA,0,NA,5.69,NA,-0.19,ACID
LABETALOL,CHEMBL429,328.41,95.58,4,4,2.14,CC(CCc1ccccc1)NCC(O)c1ccc(O)c(C(N)=O)c1,0.5,3,"0.5, 0.5, 0.961",NA,NA,NA,NA,ChEMBL_Fu,0.5,7.6,8,"7.4, 9.3, 2.1, 7.4, 9.3, 7.4, 9.4, 7.8",NA,0,NA,8.2,NA,3.03,ACID
ACITRETIN,CHEMBL1131,326.44,46.53,1,2,5.17,COc1cc(C)c(/C=C/C(C)=C/C=C/C(C)=C/C(=O)O)c(C)c1C,NA,0,NA,NA,NA,NA,0,NA,NA,NA,0,NA,NA,0,NA,6.13,NA,5.11,ACID
FLURBIPROFEN,CHEMBL563,244.26,37.30,1,1,3.68,CC(C(=O)O)c1ccc(-c2ccccc2)c(F)c1,0.982,1,0.982,NA,NA,NA,NA,ChEMBL_Fu,0.982,4.26,8,"4.2, 4.6, 4.2, 4.6, 4.03, 4.3, 4.22, 4.5",0.875,2,"0.85, 0.9",3.84,NA,0.6,ACID
IBUPROFEN,CHEMBL521,206.28,37.30,1,1,3.07,CC(C)Cc1ccc(C(C)C(=O)O)cc1,0.006,5,"0.006, 0.962, 0.006, 0.0023, 0.000122",NA,NA,NA,NA,ChEMBL_Fu,0.006,5.2,13,"5.2, 7.95, 5.2, 5.2, 2.92, 4.45, 5.4, 4.8, 4.67, 4.83, 5.35, 6.01, 6.3",1.1,1,1.1,4.91,NA,1.25,ACID
MESALAMINE,CHEMBL704,153.14,83.55,3,3,0.67,Nc1ccc(O)c(C(=O)O)c1,0.39,1,0.39,NA,NA,NA,NA,ChEMBL_Fu,0.39,NA,0,NA,NA,0,NA,3.82,NA,-2.77,ACID
NELFINAVIR,CHEMBL584,567.80,101.90,4,6,4.75,Cc1c(O)cccc1C(=O)N[C@@H](CSc1ccccc1)[C@H](O)CN1C[C@H]2CCCC[C@H]2C[C@H]1C(=O)NC(C)(C)C,NA,0,NA,NA,NA,NA,0,NA,NA,7.4350000000000005,2,"6.3, 8.57",NA,0,NA,7.44,NA,3.37,ACID
OXCARBAZEPINE,CHEMBL1068,252.27,63.40,1,2,2.64,NC(=O)N1c2ccccc2CC(=O)c2ccccc21,NA,0,NA,NA,NA,NA,0,NA,NA,NA,0,NA,NA,0,NA,12.36,NA,2.17,ACID
PIROXICAM,CHEMBL527,331.35,99.60,2,5,1.58,CN1C(C(=O)Nc2ccccn2)=C(O)c2ccccc2S1(=O)=O,NA,0,NA,NA,99.15,0.008499999999999952,4,ChEMBL_PPB,0.008499999999999952,4.5,21,"6.5, 1.86, 7.43, 4.5, 6.3, 1.88, 5.3, 2.23, 1.89, 5.29, 1.89, 4.74, 0, 0.55, 5.3, 2.5, 1.9, 5.3, 1.86, 5.46, 5.3",-0.08,3,"-0.08, -0.3, 0",4.22,NA,-0.66,ACID
PROBENECID,CHEMBL897,285.37,74.68,1,3,2.20,CCCN(CCC)S(=O)(=O)c1ccc(C(=O)O)cc1,0.13,1,0.13,NA,NA,NA,NA,ChEMBL_Fu,0.13,3.205,2,"3.4, 3.01",NA,0,NA,3.79,NA,-0.4,ACID
QUINAPRIL,CHEMBL1592,438.52,95.94,2,5,2.57,CCOC(=O)[C@H](CCc1ccccc1)N[C@@H](C)C(=O)N1Cc2ccccc2C[C@H]1C(=O)O,NA,0,NA,NA,95.82,0.04180000000000006,1,ChEMBL_PPB,0.04180000000000006,NA,0,NA,NA,0,NA,6.81,NA,0.12,ACID
SULFASALAZINE,CHEMBL421,398.40,141.31,3,7,3.70,O=C(O)c1cc(/N=N/c2ccc(S(=O)(=O)Nc3ccccn3)cc2)ccc1O,NA,0,NA,NA,NA,NA,0,NA,NA,2.325,2,"2.65, 2",-0.13,1,-0.13,4.01,NA,-0.96,ACID
WARFARIN,CHEMBL1464,308.33,67.51,1,4,3.61,CC(=O)CC(c1ccccc1)c1c(O)c2ccccc2oc1=O,0.011,10,"0.015, 0.295, 0.006, 0.013, 0.014, 0.009, 0.008, 0.0062, 0.0041, 0.05",NA,NA,NA,NA,ChEMBL_Fu,0.011,4.9,5,"5.1, 4.85, 5.1, 4.9, 0.41",0.86,3,"0.12, 0.9, 0.86",NA,NA,2.7,NEUTRAL
ALBENDAZOLE,CHEMBL1483,265.34,67.01,2,4,3.24,CCCSc1ccc2[nH]c(NC(=O)OC)nc2c1,NA,0,NA,NA,95.43,0.04569999999999996,1,ChEMBL_PPB,0.04569999999999996,NA,0,NA,3.57,1,3.57,10.58,NA,3.07,ACID
ARIPIPRAZOLE,CHEMBL1112,448.39,44.81,1,4,4.86,O=C1CCc2ccc(OCCCCN3CCN(c4cccc(Cl)c4Cl)CC3)cc2N1,0.006,2,"0.01, 0.002",NA,NA,NA,NA,ChEMBL_Fu,0.006,NA,0,NA,NA,0,NA,NA,7.05,5.36,BASE
CITALOPRAM,CHEMBL549,324.40,36.26,0,3,3.81,CN(C)CCCC1(c2ccc(F)cc2)OCc2cc(C#N)ccc21,0.2,3,"0.2, 0.2, 0.047",NA,NA,NA,NA,ChEMBL_Fu,0.2,9.440000000000001,6,"9.38, 9.2, 9.72, 9.5, 9.7, 9.38",1.92,2,"1.94, 1.9",NA,7.36,2.22,BASE
DAPSONE,CHEMBL1043,248.31,86.18,2,4,1.68,Nc1ccc(S(=O)(=O)c2ccc(N)cc2)cc1,0.25,2,"0.25, 0.25",NA,NA,NA,NA,ChEMBL_Fu,0.25,NA,0,NA,NA,0,NA,NA,1.49,0.97,BASE
EFAVIRENZ,CHEMBL223228,315.68,38.33,1,2,4.07,O=C1Nc2ccc(Cl)cc2[C@@](C#CC2CC2)(C(F)(F)F)O1,0.0049499999999999995,2,"0.0052, 0.0047",NA,NA,NA,NA,ChEMBL_Fu,0.0049499999999999995,7.18,1,7.18,NA,0,NA,9.38,NA,3.87,ACID
LOPINAVIR,CHEMBL729,628.81,120.00,4,5,4.33,Cc1cccc(C)c1OCC(=O)N[C@@H](Cc1ccccc1)[C@@H](O)C[C@H](Cc1ccccc1)NC(=O)[C@H](C(C)C)N1CCCNC1=O,NA,0,NA,NA,NA,NA,0,NA,NA,NA,0,NA,NA,0,NA,8.45,NA,4.69,ACID
LORATADINE,CHEMBL998,382.89,42.43,0,3,4.89,CCOC(=O)N1CCC(=C2c3ccc(Cl)cc3CCc3cccnc32)CC1,NA,0,NA,NA,NA,NA,0,NA,NA,4.58,1,4.58,4.4,2,"4.4, 4.4",8.63,NA,5.18,ACID
NAPROXEN,CHEMBL154,230.26,46.53,1,2,3.04,COc1ccc2cc([C@H](C)C(=O)O)ccc2c1,0.01,3,"0.989, 0.01, 1.21e-05",NA,NA,NA,NA,ChEMBL_Fu,0.01,4.1899999999999995,12,"4.01, 4.2, 4.18, 4.18, 8.41, 4.2, 4, 4.4, 3.29, 4.18, 4.2, 4.2",1.75,2,"3.3, 0.2",5,NA,0.78,ACID
NEFAZODONE,CHEMBL623,470.02,55.53,0,7,3.55,CCc1nn(CCCN2CCN(c3cccc(Cl)c3)CC2)c(=O)n1CCOc1ccccc1,0.009,3,"0.009, 0.009, 0.01",NA,NA,NA,NA,ChEMBL_Fu,0.009,6.645,4,"6.79, 6.5, 6.5, 13.8",NA,0,NA,8.2,NA,4.41,ACID
PHENACETIN,CHEMBL16073,179.22,38.33,1,2,2.04,CCOc1ccc(NC(C)=O)cc1,0.8785000000000001,4,"0.47, 0.78, 0.98, 0.977",NA,NA,NA,NA,ChEMBL_Fu,0.8785000000000001,2.2,1,2.2,NA,0,NA,13.44,NA,1.58,ACID
PROPAFENONE,CHEMBL631,341.45,58.56,2,4,3.24,CCCNCC(O)COc1ccccc1C(=O)CCc1ccccc1,0.05,4,"0.05, 0.05, 0.038, 0.783",NA,NA,NA,NA,ChEMBL_Fu,0.05,9.27,10,"9.27, 9.27, 9.2, 9.31, 9.27, 9.27, 8.8, 9, 9.48, 9.3",1.77,3,"1.81, 1.6, 1.77",NA,7.18,3.13,BASE
QUAZEPAM,CHEMBL1200472,386.80,15.60,0,2,5.03,Fc1ccccc1C1=NCC(=S)N(CC(F)(F)F)c2ccc(Cl)cc21,NA,0,NA,NA,NA,NA,0,NA,NA,NA,0,NA,NA,0,NA,NA,4.12,4.03,BASE
TERFENADINE,CHEMBL17157,471.69,43.70,2,3,6.45,CC(C)(C)c1ccc(C(O)CCCN2CCC(C(O)(c3ccccc3)c3ccccc3)CC2)cc1,NA,0,NA,NA,99.16,0.008400000000000074,1,ChEMBL_PPB,0.008400000000000074,8.6,4,"8.6, 9.86, 8.5, 8.6",NA,0,NA,NA,8.5,4.1,BASE
TOLMETIN,CHEMBL1020,257.29,59.30,1,3,2.19,Cc1ccc(C(=O)c2ccc(CC(=O)O)n2C)cc1,NA,0,NA,NA,99.7,0.0030000000000000027,3,ChEMBL_PPB,0.0030000000000000027,3.5,4,"3.5, 3.5, 3.5, 3.5",-1,1,-1,5.89,NA,1.27,ACID
TRAZODONE,CHEMBL621,371.87,45.78,0,6,2.36,O=c1n(CCCN2CCN(c3cccc(Cl)c3)CC2)nc2ccccn12,0.07350000000000001,4,"0.07, 0.07, 0.077, 0.98",NA,NA,NA,NA,ChEMBL_Fu,0.07350000000000001,6.73,7,"6.79, 6.79, 6.7, 6.73, 6.73, 6.79, 6.7",2.97,3,"2.54, 2.97, 2.99",NA,6.02,2.4,BASE
ALLOPURINOL,CHEMBL1467,136.11,74.69,2,4,0.06,Oc1ncnc2[nH]ncc12,0.95,3,"0.95, 0.95, 0.97",NA,NA,NA,NA,ChEMBL_Fu,0.95,9.35,2,"9.7, 9",-0.44,1,-0.44,NA,1.83,-0.5,BASE
AMIODARONE,CHEMBL633,645.32,42.68,0,4,6.94,CCCCc1oc2ccccc2c1C(=O)c1cc(I)c(OCCN(CC)CC)c(I)c1,2e-4,4,"2e-04, 2e-04, 2e-04, 1e-04",NA,NA,NA,NA,ChEMBL_Fu,2e-4,8.73,8,"8.73, 8.73, 6.6, 9.37, 8.7, 8.73, 9.06, 4.84",6.1,1,6.1,NA,5.57,7.56,BASE
CANNABIDIOL,CHEMBL190461,314.47,40.46,2,2,5.85,C=C(C)[C@@H]1CCC(C)=C[C@H]1c1c(O)cc(CCCCC)cc1O,NA,0,NA,NA,90,0.09999999999999998,1,ChEMBL_PPB,0.09999999999999998,NA,0,NA,NA,0,NA,9.64,NA,6.38,ACID
CARBAMAZEPINE,CHEMBL108,236.27,46.33,1,1,3.39,NC(=O)N1c2ccccc2C=Cc2ccccc21,0.2895,6,"0.171, 0.299, 0.288, 0.291, 0.303, 0.276",NA,NA,NA,NA,ChEMBL_Fu,0.2895,NA,0,NA,1.77,5,"2.45, 2.19, 1.77, 1.77, 0.13",5.07,NA,0.12,ACID
CELECOXIB,CHEMBL118,381.38,77.98,1,4,3.51,Cc1ccc(-c2cc(C(F)(F)F)nn2-c2ccc(S(N)(=O)=O)cc2)cc1,0.0030499999999999998,2,"0.003, 0.0031",NA,NA,NA,NA,ChEMBL_Fu,0.0030499999999999998,NA,0,NA,NA,0,NA,12.97,0.87,2.97,AMPHOLYTE
CLOZAPINE,CHEMBL42,326.83,30.87,1,4,3.72,CN1CCN(C2=Nc3cc(Cl)ccc3Nc3ccccc32)CC1,0.055,7,"0.05, 0.05, 0.055, 0.042, 0.058, 0.081, 0.101",NA,NA,NA,NA,ChEMBL_Fu,0.055,7.63,14,"7.63, 7.63, 8, 3.79, 7.7, 3.79, 7.96, 7.63, 7.9, 7.8, 7.63, 7.63, 7.5, 4.02",3.295,4,"2.993, 3.13, 3.46, 3.48",NA,9.78,0.85,BASE
CYCLOSPORINE,CHEMBL160,1202.63,NA,NA,NA,NA,C/C=C/C[C@@H](C)[C@@H](O)[C@H]1C(=O)N[C@@H](CC)C(=O)N(C)CC(=O)N(C)[C@@H](CC(C)C)C(=O)N[C@@H](C(C)C)C(=O)N(C)[C@@H](CC(C)C)C(=O)N[C@@H](C)C(=O)N[C@H](C)C(=O)N(C)[C@@H](CC(C)C)C(=O)N(C)[C@@H](CC(C)C)C(=O)N(C)[C@@H](C(C)C)C(=O)N1C,0.036500000000000005,2,"0.068, 0.005",NA,NA,NA,NA,ChEMBL_Fu,0.036500000000000005,NA,0,NA,4.06,3,"4.4, 3.7, 4.06",NA,NA,2.92,NEUTRAL
DOMPERIDONE,CHEMBL219916,425.92,78.82,2,5,3.35,O=c1[nH]c2ccccc2n1CCCN1CCC(n2c(=O)[nH]c3cc(Cl)ccc32)CC1,0.082,3,"0.08, 0.082, 0.598",NA,NA,NA,NA,ChEMBL_Fu,0.082,7.9,5,"7.9, 7.7, 8.06, 7.9, 7.9",NA,0,NA,6.55,4.24,1.89,AMPHOLYTE
DRONABINOL,CHEMBL465,314.47,29.46,1,2,5.74,CCCCCc1cc(O)c2c(c1)OC(C)(C)[C@@H]1CCC(C)=C[C@@H]21,0.03,3,"0.03, 0.03, 0.05",NA,NA,NA,NA,ChEMBL_Fu,0.03,NA,0,NA,NA,0,NA,7.8,NA,7.01,ACID
DROSPIRENONE,CHEMBL1509,366.50,43.37,0,3,4.31,C[C@]12CCC(=O)C=C1[C@@H]1C[C@@H]1[C@H]1[C@@H]3[C@@H]4C[C@@H]4[C@@]4(CCC(=O)O4)[C@@]3(C)CC[C@@H]12,NA,0,NA,NA,NA,NA,0,NA,NA,NA,0,NA,NA,0,NA,NA,NA,3,NEUTRAL
HALOPERIDOL,CHEMBL54,375.87,40.54,1,3,4.43,O=C(CCCN1CCC(O)(c2ccc(Cl)cc2)CC1)c1ccc(F)cc1,0.10200000000000001,8,"0.08, 0.08, 0.08, 0.124, 0.164, 0.161, 0.223, 0.08",NA,NA,NA,NA,ChEMBL_Fu,0.10200000000000001,8.65,14,"8.65, 8.65, 8.3, 8.25, 9.02, 8.3, 9.02, 8.65, 9.07, 8.65, 8.65, 8.5, 8.65, 8.3",2.49,5,"2.98, 0.18, 2.49, 2.42, 2.49",NA,NA,4.29,NEUTRAL
IMATINIB,CHEMBL941,493.62,86.28,2,7,4.59,Cc1ccc(NC(=O)c2ccc(CN3CCN(C)CC3)cc2)cc1Nc1nccc(-c2cccnc2)n1,0.05,1,0.05,NA,NA,NA,NA,ChEMBL_Fu,0.05,8.07,1,8.07,NA,0,NA,NA,8.35,3.03,BASE
LAMOTRIGINE,CHEMBL741,256.10,90.71,2,5,2.01,Nc1nnc(-c2cccc(Cl)c2Cl)c(N)n1,0.45,1,0.45,NA,NA,NA,NA,ChEMBL_Fu,0.45,5.195,4,"5.7, 5.19, 5.19, 5.2",0.27,2,"0.54, 0",NA,5.05,2.57,BASE
NEVIRAPINE,CHEMBL57,266.30,58.12,1,4,2.65,Cc1ccnc2c1NC(=O)c1cccnc1N2C1CC1,0.32,1,0.32,NA,NA,NA,NA,ChEMBL_Fu,0.32,NA,0,NA,1.81,1,1.81,NA,2.92,1.81,BASE
NIFEDIPINE,CHEMBL193,346.34,107.77,1,7,2.18,COC(=O)C1=C(C)NC(C)=C(C(=O)OC)C1c1ccccc1[N+](=O)[O-],0.041999999999999996,4,"0.04, 0.04, 0.044, 0.949",NA,NA,NA,NA,ChEMBL_Fu,0.041999999999999996,1,1,1,3.17,1,3.17,NA,4.93,2.53,BASE
NIMODIPINE,CHEMBL1428,418.45,117.00,1,8,2.97,COCCOC(=O)C1=C(C)NC(C)=C(C(=O)OC(C)C)C1c1cccc([N+](=O)[O-])c1,0.012,2,"0.016, 0.008",NA,NA,NA,NA,ChEMBL_Fu,0.012,NA,0,NA,NA,0,NA,NA,6.08,3.03,BASE
NITRENDIPINE,CHEMBL475534,360.37,107.77,1,7,2.57,CCOC(=O)C1=C(C)NC(C)=C(C(=O)OC)C1c1cccc([N+](=O)[O-])c1,0.02,1,0.02,NA,NA,NA,NA,ChEMBL_Fu,0.02,NA,0,NA,0.97,1,0.97,NA,5.37,2.88,BASE
OLANZAPINE,CHEMBL715,312.44,30.87,1,5,3.44,Cc1cc2c(s1)Nc1ccccc1N=C2N1CCN(C)CC1,NA,0,NA,NA,89.27,0.10730000000000006,1,ChEMBL_PPB,0.10730000000000006,7.9,4,"8, 4.66, 8.5, 7.8",1.9,1,1.9,8.25,NA,2.94,ACID
OXAZEPAM,CHEMBL568,286.72,61.69,2,3,2.45,O=C1Nc2ccc(Cl)cc2C(c2ccccc2)=NC1O,0.0495,4,"0.04, 0.04, 0.105, 0.059",NA,NA,NA,NA,ChEMBL_Fu,0.0495,0.165,2,"0.06, 0.27",NA,0,NA,8.93,NA,2.23,ACID
PACLITAXEL,CHEMBL428647,853.92,221.29,4,14,3.74,CC(=O)O[C@H]1C(=O)[C@@]2(C)[C@H]([C@H](OC(=O)c3ccccc3)[C@]3(O)C[C@H](OC(=O)[C@H](O)[C@@H](NC(=O)c4ccccc4)c4ccccc4)C(C)=C1C3(C)C)[C@]1(OC(C)=O)CO[C@@H]1C[C@@H]2O,0.07,3,"0.03, 0.07, 0.12",NA,NA,NA,NA,ChEMBL_Fu,0.07,NA,0,NA,3.6,1,3.6,6.16,NA,0.75,ACID
PRAZIQUANTEL,CHEMBL976,312.41,40.62,0,2,2.53,O=C(C1CCCCC1)N1CC(=O)N2CCc3ccccc3C2C1,NA,0,NA,NA,39.595,0.60405,2,ChEMBL_PPB,0.60405,NA,0,NA,3,1,3,NA,4.7,1.74,BASE
PREDNISONE,CHEMBL635,358.43,91.67,2,5,1.77,C[C@]12C=CC(=O)C=C1CC[C@@H]1[C@@H]2C(=O)C[C@@]2(C)[C@H]1CC[C@]2(O)C(=O)CO,0.25,3,"0.25, 0.25, 0.27",NA,NA,NA,NA,ChEMBL_Fu,0.25,NA,0,NA,1.46,1,1.46,8.77,NA,1.45,ACID
PRIMIDONE,CHEMBL856,218.26,58.20,2,2,0.54,CCC1(c2ccccc2)C(=O)NCNC1=O,NA,0,NA,NA,NA,NA,0,NA,NA,NA,0,NA,NA,0,NA,8.36,NA,0.86,ACID
RITONAVIR,CHEMBL163,720.96,145.78,4,9,5.91,CC(C)c1nc(CN(C)C(=O)N[C@H](C(=O)N[C@@H](Cc2ccccc2)C[C@H](O)[C@H](Cc2ccccc2)NC(=O)OCc2cncs2)C(C)C)cs1,0.021,1,0.021,NA,NA,NA,NA,ChEMBL_Fu,0.021,NA,0,NA,NA,0,NA,6.22,NA,2.26,ACID
RIVAROXABAN,CHEMBL198362,435.89,88.18,1,6,2.52,O=C(NC[C@H]1CN(c2ccc(N3CCOCC3=O)cc2)C(=O)O1)c1ccc(Cl)s1,NA,0,NA,NA,NA,NA,0,NA,NA,NA,0,NA,NA,0,NA,NA,3.94,2.08,BASE
ROFECOXIB,CHEMBL122,314.36,60.44,0,4,2.56,CS(=O)(=O)c1ccc(C2=C(c3ccccc3)C(=O)OC2)cc1,NA,0,NA,NA,93.1,0.06900000000000006,1,ChEMBL_PPB,0.06900000000000006,NA,0,NA,NA,0,NA,NA,NA,3.17,NEUTRAL
SPIRONOLACTONE,CHEMBL1393,416.58,60.44,0,5,4.85,CC(=O)S[C@@H]1CC2=CC(=O)CC[C@]2(C)[C@H]2CC[C@@]3(C)[C@@H](CC[C@@]34CCC(=O)O4)[C@H]12,NA,0,NA,NA,49,0.51,1,ChEMBL_PPB,0.51,NA,0,NA,NA,0,NA,NA,NA,2.78,NEUTRAL
TACROLIMUS,CHEMBL3989887,822.05,178.36,3,12,4.64,C=CC[C@@H]1/C=C(\C)C[C@H](C)C[C@H](OC)[C@H]2O[C@@](O)(C(=O)C(=O)N3CCCC[C@H]3C(=O)O[C@H](/C(C)=C/[C@@H]3CC[C@@H](O)[C@H](OC)C3)[C@H](C)[C@@H](O)CC1=O)[C@H](C)C[C@@H]2OC.O,NA,0,NA,NA,NA,NA,0,NA,NA,NA,0,NA,NA,0,NA,NA,6.19,2.4,BASE
ZALEPLON,CHEMBL1521,305.34,74.29,0,5,2.64,CCN(C(C)=O)c1cccc(-c2ccnc3c(C#N)cnn23)c1,0.4,3,"0.4, 0.49, 0.4",NA,NA,NA,NA,ChEMBL_Fu,0.4,NA,0,NA,NA,0,NA,NA,1.25,1.23,BASE
AZTREONAM,CHEMBL158,435.44,201.58,4,10,-1.17,C[C@H]1[C@H](NC(=O)/C(=N\OC(C)(C)C(=O)O)c2csc(N)n2)C(=O)N1S(=O)(=O)O,0.62,5,"0.72, 0.71, 0.4, 0.62, 0.62",NA,NA,NA,NA,ChEMBL_Fu,0.62,2.75,1,2.75,NA,0,NA,6.04,NA,-0.87,ACID
PENICILLIN G,CHEMBL29,334.40,86.71,2,4,0.86,CC1(C)S[C@@H]2[C@H](NC(=O)Cc3ccccc3)C(=O)N2[C@H]1C(=O)O,0.4,1,0.4,NA,NA,NA,NA,ChEMBL_Fu,0.4,2.72,3,"2.6, 2.8, 2.72",NA,0,NA,5.78,NA,0.2,ACID
CAPTOPRIL,CHEMBL1560,217.29,57.61,2,3,0.63,C[C@H](CS)C(=O)N1CCC[C@H]1C(=O)O,0.73,1,0.73,NA,NA,NA,NA,ChEMBL_Fu,0.73,3.7,1,3.7,NA,0,NA,2.62,NA,-4.44,ACID
CEFONICID,CHEMBL1601,542.58,204.91,4,12,-0.92,O=C(O)C1=C(CSc2nnnn2CS(=O)(=O)O)CS[C@@H]2[C@H](NC(=O)[C@H](O)c3ccccc3)C(=O)N12,NA,0,NA,NA,NA,NA,0,NA,NA,NA,0,NA,NA,0,NA,5.84,NA,-1.4,ACID
CEFOTAXIME,CHEMBL1730,455.47,173.51,3,11,-0.62,CO/N=C(\C(=O)N[C@@H]1C(=O)N2C(C(=O)O)=C(COC(C)=O)CS[C@H]12)c1csc(N)n1,0.6,1,0.6,NA,NA,NA,NA,ChEMBL_Fu,0.6,3.75,1,3.75,NA,0,NA,4.78,6.34,-1.56,AMPHOLYTE
CEFOXITIN,CHEMBL996,427.46,148.26,3,8,0.10,CO[C@@]1(NC(=O)Cc2cccs2)C(=O)N2C(C(=O)O)=C(COC(N)=O)CS[C@@H]21,0.73,1,0.73,NA,NA,NA,NA,ChEMBL_Fu,0.73,NA,0,NA,NA,0,NA,5.16,NA,-2.26,ACID
EMTRICITABINE,CHEMBL885,247.25,90.37,2,7,-0.46,Nc1nc(=O)n([C@@H]2CS[C@H](CO)O2)cc1F,NA,0,NA,NA,NA,NA,0,NA,NA,NA,0,NA,NA,0,NA,5.09,NA,-2.74,ACID
ENALAPRILAT,CHEMBL3989406,384.43,106.94,3,4,1.13,C[C@H](N[C@@H](CCc1ccccc1)C(=O)O)C(=O)N1CCC[C@H]1C(=O)O.O.O,NA,0,NA,NA,NA,NA,0,NA,NA,NA,0,NA,NA,0,NA,4.07,NA,-4.06,ACID
HYDROCHLOROTHIAZIDE,CHEMBL435,297.75,118.36,3,5,-0.35,NS(=O)(=O)c1cc2c(cc1Cl)NCNS2(=O)=O,NA,0,NA,NA,64.995,0.35005,2,ChEMBL_PPB,0.35005,9.035,10,"10.07, 7, 9.95, 7.9, 8.53, 0, 8.68, 9.39, 9.82, 10.1",-0.2,1,-0.2,8.32,NA,-0.12,ACID
LEVOFLOXACIN,CHEMBL5315124,740.76,75.01,1,6,1.54,C[C@H]1COc2c(N3CCN(C)CC3)c(F)cc3c(=O)c(C(=O)O)cn1c23.C[C@H]1COc2c(N3CCN(C)CC3)c(F)cc3c(=O)c(C(=O)O)cn1c23.O,0.53,2,"0.31, 0.75",NA,NA,NA,NA,ChEMBL_Fu,0.53,6.1,7,"5.1, 6, 8.6, 8.12, 6.1, 6, 8.5",-0.43,1,-0.43,1.2,NA,-6.59,ACID
METHOTREXATE SODIUM,CHEMBL3244648,498.41,210.54,5,10,0.27,CN(Cc1cnc2nc(N)nc(N)c2n1)c1ccc(C(=O)N[C@@H](CCC(=O)[O-])C(=O)[O-])cc1.[Na+].[Na+],NA,0,NA,NA,NA,NA,0,NA,NA,NA,0,NA,NA,0,NA,NA,NA,NA,NEUTRAL
METHYLDOPA,CHEMBL459,211.22,103.78,4,4,0.44,C[C@](N)(Cc1ccc(O)c(O)c1)C(=O)O,0.85,1,0.85,NA,NA,NA,NA,ChEMBL_Fu,0.85,2.218,3,"12.66, 2.21, 2.218",NA,0,NA,4.25,7.68,-1.88,AMPHOLYTE
TENOFOVIR,CHEMBL3989702,305.23,136.38,3,7,-0.05,C[C@H](Cn1cnc2c(N)ncnc21)OCP(=O)(O)O.O,NA,0,NA,NA,NA,NA,0,NA,NA,NA,0,NA,NA,0,NA,1.29,7.96,-4.07,AMPHOLYTE
TOPIRAMATE,CHEMBL220492,339.37,115.54,1,8,-0.40,CC1(C)O[C@@H]2[C@@H](CO[C@@]3(COS(N)(=O)=O)OC(C)(C)O[C@@H]23)O1,NA,0,NA,NA,NA,NA,0,NA,NA,8.68,2,"8.66, 8.7",NA,0,NA,NA,4.97,0.26,BASE
VIGABATRIN,CHEMBL89598,129.16,63.32,2,2,0.36,C=CC(N)CCC(=O)O,NA,0,NA,NA,NA,NA,0,NA,NA,9.5,1,9.5,NA,0,NA,NA,NA,NA,NEUTRAL
ATENOLOL,CHEMBL24,266.34,84.58,3,4,0.45,CC(C)NCC(O)COc1ccc(CC(N)=O)cc1,0.925,2,"0.91, 0.94",NA,NA,NA,NA,ChEMBL_Fu,0.925,9.54,17,"9.6, 9.6, 9.6, 9.3, 9.54, 9.6, 9.19, 9.54, 9.58, 9.6, 9.7, 9.6, 9.43, 9.36, 9.36, 9.37, 7.4",-1.15,5,"-2, -2.14, -0.19, -0.16, -1.15",NA,8.16,-0.67,BASE
AZITHROMYCIN,CHEMBL529,749.00,180.08,5,14,1.90,CC[C@H]1OC(=O)[C@H](C)[C@@H](O[C@H]2C[C@@](C)(OC)[C@@H](O)[C@H](C)O2)[C@H](C)[C@@H](O[C@@H]2O[C@H](C)C[C@H](N(C)C)[C@H]2O)[C@](C)(O)C[C@@H](C)CN(C)[C@H](C)[C@@H](O)[C@]1(C)O,0.88,2,"0.88, 0.88",NA,NA,NA,NA,ChEMBL_Fu,0.88,9.094999999999999,2,"8.74, 9.45",2.11,1,2.11,NA,6.55,3.96,BASE
BACLOFEN,CHEMBL701,213.66,63.32,2,2,1.86,NCC(CC(=O)O)c1ccc(Cl)cc1,NA,0,NA,NA,NA,NA,0,NA,NA,6.699999999999999,2,"3.7, 9.7",NA,0,NA,4.12,NA,-4.23,ACID
CHLOROQUINE,CHEMBL76,319.88,28.16,1,3,4.81,CCN(CC)CCCC(C)Nc1ccnc2cc(Cl)ccc12,0.43,1,0.43,NA,NA,NA,NA,ChEMBL_Fu,0.43,9.9,11,"10.2, 9.9, 10.27, 9.94, 9.94, 8.41, 8.1, 10.8, 8.4, 8.38, 8.5",0.89,9,"0.85, 0.06, 0.85, 0.9, 0.9, 2, 0.89, 0.92, 0.85",NA,11.34,0.69,BASE
CIMETIDINE,CHEMBL30,252.35,88.89,3,4,0.60,CN/C(=N\CCSCc1nc[nH]c1C)NC#N,0.81,3,"0.81, 0.81, 0.78",NA,NA,NA,NA,ChEMBL_Fu,0.81,6.885,12,"6.97, 6.97, 6.4, 14, 6.8, 6.8, 7.02, 6.8, 6.97, 6.76, 6.8, 7",0.315,4,"0.35, 0.29, 0.34, -0.4",NA,9.2,-1.41,BASE
DISOPYRAMIDE,CHEMBL517,339.48,59.22,1,3,3.36,CC(C)N(CCC(C(N)=O)(c1ccccc1)c1ccccn1)C(C)C,0.16,1,0.16,NA,NA,NA,NA,ChEMBL_Fu,0.16,10.32,3,"10.4, 10.1, 10.32",-0.66,1,-0.66,NA,8.93,1.04,BASE
FAMOTIDINE,CHEMBL902,337.46,175.83,4,6,-0.77,NC(N)=Nc1nc(CSCC/C(N)=N/S(N)(=O)=O)cs1,0.84,1,0.84,NA,NA,NA,NA,ChEMBL_Fu,0.84,7.1,3,"7.1, 7.1, 0.02",NA,0,NA,NA,5.71,-0.65,BASE
FLECAINIDE,CHEMBL652,414.35,59.59,2,4,3.44,O=C(NCC1CCCCN1)c1cc(OCC(F)(F)F)ccc1OCC(F)(F)F,0.39,3,"0.39, 0.39, 0.52",NA,NA,NA,NA,ChEMBL_Fu,0.39,9.3,5,"9.3, 9.3, 9.3, 9.3, 9.28",0.97,1,0.97,7.87,8.52,2.92,AMPHOLYTE
FLUCONAZOLE,CHEMBL106,306.28,81.65,1,7,0.74,OC(Cn1cncn1)(Cn1cncn1)c1ccc(F)cc1F,0.89,5,"0.89, 0.89, 0.89, 0.89, 0.9",NA,NA,NA,NA,ChEMBL_Fu,0.89,NA,0,NA,0.425,6,"0.5, 0.41, 0.44, 0.4, 0.4, 0.5",NA,2.12,0.5,BASE
METFORMIN,CHEMBL1431,129.17,88.99,4,2,-1.03,CN(C)C(=N)NC(=N)N,1,1,1,FLAG: contains 0 or 1,NA,NA,NA,ChEMBL_Fu,1,11.25,4,"11.5, 11, 12.4, 2.8",-3.37,2,"-3.37, -3.37",NA,13.28,-5.5,BASE
METOCLOPRAMIDE,CHEMBL86,299.80,67.59,2,4,2.00,CCN(CC)CCNC(=O)c1cc(Cl)c(N)cc1OC,0.6,4,"0.6, 0.6, 0.6, 0.295",NA,NA,NA,NA,ChEMBL_Fu,0.6,9.455,8,"9.33, 9.51, 9.3, 9.59, 9.59, 9.51, 9.4, 9.33",0.64,3,"0.64, 3.31, 0",NA,11.21,-1.19,BASE
NADOLOL,CHEMBL521606,309.41,81.95,4,5,0.63,CC(C)(C)NCC(O)COc1cccc2c1CC(O)C(O)C2,0.42,2,"0.7, 0.14",NA,NA,NA,NA,ChEMBL_Fu,0.42,9.67,8,"9.67, 9.7, 9.67, 2.37, 9.69, 9.67, 9.9, 9.3",-0.25999999999999995,2,"0.68, -1.2",9.8,9.8,-1.59,AMPHOLYTE
OFLOXACIN,CHEMBL4,361.37,75.01,1,6,1.54,CC1COc2c(N3CCN(C)CC3)c(F)cc3c(=O)c(C(=O)O)cn1c23,0.75,1,0.75,NA,NA,NA,NA,ChEMBL_Fu,0.75,8.31,1,8.31,NA,0,NA,1.2,NA,-6.59,ACID
PILSICAINIDE,CHEMBL163238,272.39,32.34,1,2,3.26,Cc1cccc(C)c1NC(=O)CC12CCCN1CCC2,NA,0,NA,NA,NA,NA,0,NA,NA,NA,0,NA,NA,0,NA,NA,7.04,2.29,BASE
PSEUDOEPHEDRINE,CHEMBL1590,165.24,32.26,2,2,1.33,CN[C@@H](C)[C@@H](O)c1ccccc1,NA,0,NA,NA,NA,NA,0,NA,NA,10.055,2,"10.25, 9.86",NA,0,NA,NA,9.58,-0.69,BASE
PYRIDOSTIGMINE,CHEMBL1115,181.22,33.42,0,2,0.57,CN(C)C(=O)Oc1ccc[n+](C)c1,1,1,1,FLAG: contains 0 or 1,NA,NA,NA,ChEMBL_Fu,1,NA,0,NA,NA,0,NA,NA,4.82,1.94,BASE
PYRIMETHAMINE,CHEMBL36,248.72,77.82,2,4,2.52,CCc1nc(N)nc(N)c1-c1ccc(Cl)cc1,0.095,1,0.095,NA,NA,NA,NA,ChEMBL_Fu,0.095,7.36,1,7.36,1.93,1,1.93,NA,6.73,2.61,BASE
SOTALOL,CHEMBL471,272.37,78.43,3,4,1.09,CC(C)NCC(O)c1ccc(NS(C)(=O)=O)cc1,0.81,2,"1, 0.62",FLAG: contains 0 or 1,NA,NA,NA,ChEMBL_Fu,0.81,9.76,2,"9.76, 9.76",-1.35,1,-1.35,8.12,NA,0.16,ACID
STAVUDINE,CHEMBL991,224.22,84.32,2,5,-0.71,Cc1cn([C@H]2C=C[C@@H](CO)O2)c(=O)[nH]c1=O,1,1,1,FLAG: contains 0 or 1,NA,NA,NA,ChEMBL_Fu,1,NA,0,NA,NA,0,NA,8.69,NA,-0.74,ACID
TERBUTALINE,CHEMBL1760,225.29,72.72,4,4,1.52,CC(C)(C)NCC(O)c1cc(O)cc(O)c1,0.8,3,"0.8, 0.8, 0.75",NA,NA,NA,NA,ChEMBL_Fu,0.8,8.7,9,"11.1, 8.7, 8.7, 8.8, 8.67, 8.65, 8.7, 8.8, 10",-1.4,1,-1.4,NA,8.51,-0.24,BASE
DIGOXIN,CHEMBL1751,780.95,203.06,6,14,2.22,C[C@H]1O[C@@H](O[C@H]2[C@@H](O)C[C@H](O[C@H]3[C@@H](O)C[C@H](O[C@H]4CC[C@@]5(C)[C@H](CC[C@@H]6[C@@H]5C[C@@H](O)[C@]5(C)[C@@H](C7=CC(=O)OC7)CC[C@]65O)C4)O[C@@H]3C)O[C@@H]2C)C[C@H](O)[C@@H]1O,0.44999999999999996,2,"0.7, 0.2",NA,NA,NA,NA,ChEMBL_Fu,0.44999999999999996,NA,0,NA,NA,0,NA,NA,5.82,1.25,BASE
LAMIVUDINE,CHEMBL141,229.26,90.37,2,7,-0.59,Nc1ccn([C@@H]2CS[C@H](CO)O2)c(=O)n1,0.94,1,0.94,NA,NA,NA,NA,ChEMBL_Fu,0.94,NA,0,NA,NA,0,NA,7.25,NA,-1.31,ACID
LEVETIRACETAM,CHEMBL1286,170.21,63.40,1,2,-0.13,CC[C@@H](C(N)=O)N1CCCC1=O,NA,0,NA,NA,NA,NA,0,NA,NA,NA,0,NA,NA,0,NA,9.42,NA,-0.82,ACID
NIZATIDINE,CHEMBL3183075,331.47,83.33,2,8,1.32,CNC(=C[N+](=O)[O-])NCCSCc1csc(CN(C)C)n1,0.78,3,"0.78, 0.78, 0.65",NA,NA,NA,NA,ChEMBL_Fu,0.78,6.59,3,"6.59, 6.59, 6.8",-0.52,1,-0.52,NA,9.86,-2.09,BASE
AMPICILLIN,CHEMBL174,349.41,112.73,3,5,0.32,CC1(C)S[C@@H]2[C@H](NC(=O)[C@H](N)c3ccccc3)C(=O)N2[C@H]1C(=O)O,0.85,1,0.85,NA,NA,NA,NA,ChEMBL_Fu,0.85,4.895,4,"2.55, 7.14, 2.65, 7.25",NA,0,NA,5.86,NA,-0.2,ACID
CEPHALEXIN,CHEMBL1200544,365.41,112.73,3,5,0.44,CC1=C(C(=O)O)N2C(=O)[C@@H](NC(=O)[C@H](N)c3ccccc3)[C@H]2SC1.O,NA,0,NA,NA,NA,NA,0,NA,NA,NA,0,NA,NA,0,NA,6.6,NA,-0.21,ACID
GABAPENTIN,CHEMBL940,171.24,63.32,2,2,1.37,NCC1(CC(=O)O)CCCCC1,0.97,1,0.97,NA,NA,NA,NA,ChEMBL_Fu,0.97,4.1,3,"4.1, 3.9, 10.5",NA,0,NA,3.92,NA,-4.58,ACID
PREGABALIN,CHEMBL1059,159.23,63.32,2,2,1.08,CC(C)C[C@H](CN)CC(=O)O,NA,0,NA,NA,NA,NA,0,NA,NA,NA,0,NA,NA,0,NA,4.08,NA,-5.31,ACID
ACYCLOVIR,CHEMBL184,225.21,119.05,3,7,-1.33,Nc1nc2c(ncn2COCCO)c(=O)[nH]1,0.825,2,"0.8, 0.85",NA,NA,NA,NA,ChEMBL_Fu,0.825,NA,0,NA,NA,0,NA,7.06,5.23,-2.31,AMPHOLYTE
APAZONE,CHEMBL1565476,300.36,56.22,0,4,2.06,CCCC1C(=O)N2C(N(C)C)=Nc3ccc(C)cc3N2C1=O,0.004,1,0.004,NA,NA,NA,NA,ChEMBL_Fu,0.004,5.8,5,"5.8, 2, 6.3, 0.15, 6.46",NA,0,NA,NA,3.3,0.5,BASE
CANDESARTAN,CHEMBL1016,440.46,118.81,2,7,4.03,CCOc1nc2cccc(C(=O)O)c2n1Cc1ccc(-c2ccccc2-c2nnn[nH]2)cc1,NA,0,NA,NA,NA,NA,0,NA,NA,3.9,3,"3.9, 5.3, 3.9",NA,0,NA,1.71,NA,-1.55,ACID
CEFPROZIL,CHEMBL3301800,389.43,132.96,4,6,0.71,CC=CC1=C(C(=O)O)N2C(=O)[C@@H](NC(=O)[C@H](N)c3ccc(O)cc3)[C@H]2SC1,0.59,1,0.59,NA,NA,NA,NA,ChEMBL_Fu,0.59,NA,0,NA,NA,0,NA,8.25,7.2,0.6,AMPHOLYTE
CIPROFLOXACIN,CHEMBL8,331.35,74.57,2,5,1.58,O=C(O)c1cn(C2CC2)c2cc(N3CCNCC3)c(F)cc2c1=O,0.74,3,"0.7, 0.74, 0.821",NA,NA,NA,NA,ChEMBL_Fu,0.74,6.225,6,"6.2, 6.16, 8.62, 6.25, 6.02, 8.62",-0.94,3,"-0.94, -0.98, -0.7",-0.74,7.91,-0.35,AMPHOLYTE
NITROFURANTOIN,CHEMBL572,238.16,118.05,1,6,0.07,O=C1CN(/N=C/c2ccc([N+](=O)[O-])o2)C(=O)N1,0.28500000000000003,2,"0.17, 0.4",NA,NA,NA,NA,ChEMBL_Fu,0.28500000000000003,NA,0,NA,NA,0,NA,2.2,NA,-5.67,ACID
PENICILLIN V,CHEMBL615,350.40,95.94,2,5,0.70,CC1(C)S[C@@H]2[C@H](NC(=O)COc3ccccc3)C(=O)N2[C@H]1C(=O)O,0.45,1,0.45,NA,NA,NA,NA,ChEMBL_Fu,0.45,2.735,1,2.735,NA,0,NA,5.68,NA,0.36,ACID
SULFISOXAZOLE,CHEMBL453,267.31,98.22,2,5,1.67,Cc1noc(NS(=O)(=O)c2ccc(N)cc2)c1C,0.079,1,0.079,NA,NA,NA,NA,ChEMBL_Fu,0.079,5,3,"5, 5, 4.8",NA,0,NA,4.26,NA,-2.13,ACID
AMISULPRIDE,CHEMBL243712,369.49,101.73,2,6,1.29,CCN1CCCC1CNC(=O)c1cc(S(=O)(=O)CC)c(N)cc1OC,NA,0,NA,NA,NA,NA,0,NA,NA,9.335,2,"9.3, 9.37",NA,0,NA,NA,9.8,-1.3,BASE
PALIPERIDONE,CHEMBL1621,426.49,84.39,1,7,3.08,Cc1nc2n(c(=O)c1CCN1CCC(c3noc4cc(F)ccc34)CC1)CCCC2O,0.116,1,0.116,NA,NA,NA,NA,ChEMBL_Fu,0.116,NA,0,NA,NA,0,NA,NA,7.36,1.47,BASE
ROXITHROMYCIN,CHEMBL1214185,837.06,216.89,5,17,2.21,CC[C@H]1OC(=O)[C@H](C)[C@@H](O[C@H]2C[C@@](C)(OC)[C@@H](O)[C@H](C)O2)[C@H](C)[C@@H](O[C@@H]2O[C@H](C)C[C@H](N(C)C)[C@H]2O)[C@](C)(O)C[C@@H](C)/C(=N\OCOCCOC)[C@H](C)[C@@H](O)[C@]1(C)O,NA,0,NA,NA,NA,NA,0,NA,NA,9.235,2,"9.2, 9.27",NA,0,NA,NA,NA,NA,NEUTRAL
ACETAZOLAMIDE,CHEMBL20,222.25,115.04,2,6,-0.86,CC(=O)Nc1nnc(S(N)(=O)=O)s1,0.04,1,0.04,NA,NA,NA,NA,ChEMBL_Fu,0.04,7.4,7,"7.4, 7.4, 7.2, 7.4, 7.4, 7.4, 7",-0.2595,2,"0.001, -0.52",6.63,NA,-1.1,ACID
LEVONORGESTREL,CHEMBL1389,312.45,37.30,1,2,3.88,C#C[C@]1(O)CC[C@H]2[C@@H]3CCC4=CC(=O)CC[C@@H]4[C@H]3CC[C@@]21CC,0.025,1,0.025,NA,NA,NA,NA,ChEMBL_Fu,0.025,NA,0,NA,NA,0,NA,10.17,NA,3.07,ACID
MEDROXYPROGESTERONE ACETATE,CHEMBL717,386.53,60.44,0,4,4.66,CC(=O)O[C@]1(C(C)=O)CC[C@H]2[C@@H]3C[C@H](C)C4=CC(=O)CC[C@]4(C)[C@H]3CC[C@@]21C,NA,0,NA,NA,NA,NA,0,NA,NA,NA,0,NA,NA,0,NA,NA,NA,3.33,NEUTRAL
FLEROXACIN,CHEMBL6273,369.34,65.78,1,5,1.70,CN1CCN(c2c(F)cc3c(=O)c(C(=O)O)cn(CCF)c3c2F)CC1,0.73,1,0.73,NA,NA,NA,NA,ChEMBL_Fu,0.73,6.85,4,"5.5, 8.2, 8.8, 5.5",NA,0,NA,-2.18,6.75,0.15,AMPHOLYTE
FEXOFENADINE,CHEMBL914,501.67,81.00,3,4,5.51,CC(C)(C(=O)O)c1ccc(C(O)CCCN2CCC(C(O)(c3ccccc3)c3ccccc3)CC2)cc1,0.00421,1,0.00421,NA,NA,NA,NA,ChEMBL_Fu,0.00421,4.7,3,"4.2, 4.7, 9.3",0.3,1,0.3,4.17,8.78,3.11,AMPHOLYTE
