Drug,ChEMBL_ID,MW,PSA,HBD,HBA,LogP,Fu_median,N_fu,Fu_values,Fu_flag,SMILES,PPB_value,Fu_from_PPB,N_ppb,Fu_source,Fu_final
AMPHETAMINE,CHEMBL405,135.21,26.02,1,1,1.58,0.8,1,0.8,NA,CC(N)Cc1ccccc1,NA,NA,NA,ChEMBL_Fu,0.8
ACETAMINOPHEN,CHEMBL112,151.16,49.33,2,2,1.35,1,3,"1, 1, 0.52",FLAG: contains 0 or 1,CC(=O)Nc1ccc(O)cc1,NA,NA,NA,ChEMBL_Fu,1
ASPIRIN,CHEMBL25,180.16,63.60,1,3,1.31,0.68,1,0.68,NA,CC(=O)Oc1ccccc1C(=O)O,NA,NA,NA,ChEMBL_Fu,0.68
ENALAPRIL,CHEMBL578,376.45,95.94,2,5,1.60,NA,0,NA,NA,CCOC(=O)[C@H](CCc1ccccc1)N[C@@H](C)C(=O)N1CCC[C@H]1C(=O)O,50,0.5,1,ChEMBL_PPB,0.5
ETHINYL ESTRADIOL,CHEMBL691,296.41,40.46,2,2,3.61,0.014,1,0.014,NA,C#C[C@]1(O)CC[C@H]2[C@@H]3CCc4cc(O)ccc4[C@H]3CC[C@@]21C,NA,NA,NA,ChEMBL_Fu,0.014
ETHOSUXIMIDE,CHEMBL696,141.17,46.17,1,2,0.45,NA,0,NA,NA,CCC1(C)CC(=O)NC1=O,NA,NA,0,NA,NA
IVERMECTIN,CHEMBL6067487,875.1,170,3,14,4.1,NA,0,NA,NA,CCC(C)C1C(CCC2(O1)CC3CC(O2)CC=C(C(C(C=CC=C4COC5C4(C(C=C(C5O)C)C(=O)O3)O)C)OC6CC(C(C(O6)C)OC7CC(C(C(O7)C)O)OC)OC)C)C,NA,NA,0,NA,NA
METHOHEXITAL,CHEMBL7413,262.31,66.48,1,3,1.31,0.27,1,0.27,NA,C=CCC1(C(C)C#CCC)C(=O)NC(=O)N(C)C1=O,NA,NA,NA,ChEMBL_Fu,0.27
NORETHINDRONE,CHEMBL1162,298.43,37.30,1,2,3.49,NA,0,NA,NA,C#C[C@]1(O)CC[C@H]2[C@@H]3CCC4=CC(=O)CC[C@@H]4[C@H]3CC[C@@]21C,NA,NA,0,NA,NA
PHENOBARBITAL,CHEMBL40,232.24,75.27,2,3,0.70,0.49,1,0.49,NA,CCC1(c2ccccc2)C(=O)NC(=O)NC1=O,NA,NA,NA,ChEMBL_Fu,0.49
THEOPHYLLINE,CHEMBL1355736,198.18,72.68,1,5,-1.04,0.61,3,"0.46, 0.61, 0.989",NA,Cn1c(=O)c2nc[nH]c2n(C)c1=O.O,NA,NA,NA,ChEMBL_Fu,0.61
THIOPENTAL,CHEMBL441,242.34,58.20,2,3,1.35,0.14,1,0.14,NA,CCCC(C)C1(CC)C(=O)NC(=S)NC1=O,NA,NA,NA,ChEMBL_Fu,0.14
TINIDAZOLE,CHEMBL1220,247.28,95.10,0,6,0.53,0.8,1,0.8,NA,CCS(=O)(=O)CCn1c([N+](=O)[O-])cnc1C,NA,NA,NA,ChEMBL_Fu,0.8
VALPROIC ACID,CHEMBL109,144.21,37.30,1,1,2.29,0.068,2,"0.084, 0.052",NA,CCCC(CCC)C(=O)O,NA,NA,NA,ChEMBL_Fu,0.068
ZONISAMIDE,CHEMBL750,212.23,86.19,1,4,0.62,0.308,1,0.308,NA,NS(=O)(=O)Cc1noc2ccccc12,NA,NA,NA,ChEMBL_Fu,0.308
ALPRAZOLAM,CHEMBL661,308.77,43.07,0,4,3.58,0.29,3,"0.29, 0.29, 0.29",NA,Cc1nnc2n1-c1ccc(Cl)cc1C(c1ccccc1)=NC2,NA,NA,NA,ChEMBL_Fu,0.29
AMITRIPTYLINE,CHEMBL629,277.41,3.24,0,1,4.17,0.065,2,"0.06, 0.07",NA,CN(C)CCC=C1c2ccccc2CCc2ccccc21,NA,NA,NA,ChEMBL_Fu,0.065
AMLODIPINE,CHEMBL1491,408.88,99.88,2,7,2.27,0.005,1,0.005,NA,CCOC(=O)C1=C(COCCN)NC(C)=C(C(=O)OC)C1c1ccccc1Cl,NA,NA,NA,ChEMBL_Fu,0.005
AMOXAPINE,CHEMBL1113,313.79,36.86,1,4,3.43,NA,0,NA,NA,Clc1ccc2c(c1)C(N1CCNCC1)=Nc1ccccc1O2,89.05,0.10950000000000004,1,ChEMBL_PPB,0.10950000000000004
BUPIVACAINE,CHEMBL1098,288.44,32.34,1,2,3.90,0.14400000000000002,2,"0.056, 0.232",NA,CCCCN1CCCCC1C(=O)Nc1c(C)cccc1C,NA,NA,NA,ChEMBL_Fu,0.14400000000000002
BUPRENORPHINE,CHEMBL511142,467.65,62.16,2,5,4.41,0.04,1,0.04,NA,CO[C@@]12CC[C@@]3(C[C@@H]1[C@](C)(O)C(C)(C)C)[C@H]1Cc4ccc(O)c5c4[C@@]3(CCN1CC1CC1)[C@H]2O5,NA,NA,NA,ChEMBL_Fu,0.04
BUPROPION,CHEMBL894,239.75,29.10,1,2,3.30,0.195,1,0.195,NA,CC(NC(C)(C)C)C(=O)c1cccc(Cl)c1,NA,NA,NA,ChEMBL_Fu,0.195
CAFFEINE,CHEMBL113,194.19,61.82,0,6,-1.03,0.64,4,"0.64, 0.64, 0.64, 0.989",NA,Cn1c(=O)c2c(ncn2C)n(C)c1=O,NA,NA,NA,ChEMBL_Fu,0.64
CHLORAMPHENICOL,CHEMBL130,323.13,112.70,3,5,0.91,0.47,3,"0.47, 0.47, 0.34",NA,O=C(N[C@H](CO)[C@H](O)c1ccc([N+](=O)[O-])cc1)C(Cl)Cl,NA,NA,NA,ChEMBL_Fu,0.47
CHLORPROMAZINE,CHEMBL71,318.87,6.48,0,3,4.89,0.03,6,"0.03, 0.03, 0.056, 0.003, 0.0013, 0.302",NA,CN(C)CCCN1c2ccccc2Sc2ccc(Cl)cc21,NA,NA,NA,ChEMBL_Fu,0.03
CLEMASTINE,CHEMBL1626,343.90,12.47,0,2,5.10,NA,0,NA,NA,CN1CCC[C@@H]1CCO[C@](C)(c1ccccc1)c1ccc(Cl)cc1,NA,NA,0,NA,NA
CLINDAMYCIN,CHEMBL1753,424.99,102.26,4,7,0.39,0.08,2,"0.06, 0.1",NA,CCC[C@@H]1C[C@@H](C(=O)N[C@@H]([C@H]2O[C@H](SC)[C@H](O)[C@@H](O)[C@H]2O)[C@H](C)Cl)N(C)C1,NA,NA,NA,ChEMBL_Fu,0.08
CLOMIPRAMINE,CHEMBL415,314.86,6.48,0,2,4.53,0.0345,4,"0.04, 0.029, 0.004, 0.186",NA,CN(C)CCCN1c2ccccc2CCc2ccc(Cl)cc21,NA,NA,NA,ChEMBL_Fu,0.0345
CLONAZEPAM,CHEMBL452,315.72,84.60,1,4,3.04,0.15,1,0.15,NA,O=C1CN=C(c2ccccc2Cl)c2cc([N+](=O)[O-])ccc2N1,NA,NA,NA,ChEMBL_Fu,0.15
CODEINE,CHEMBL485,299.37,41.93,1,4,1.50,0.815,2,"0.93, 0.7",NA,COc1ccc2c3c1O[C@H]1[C@@H](O)C=C[C@H]4[C@@H](C2)N(C)CC[C@@]341,NA,NA,NA,ChEMBL_Fu,0.815
COLCHICINE,CHEMBL107,399.44,83.09,1,6,2.87,0.61,3,"0.61, 0.61, 0.61",NA,COc1cc2c(c(OC)c1OC)-c1ccc(OC)c(=O)cc1[C@@H](NC(C)=O)CC2,NA,NA,NA,ChEMBL_Fu,0.61
COTININE,CHEMBL578211,176.22,33.20,0,2,1.37,NA,0,NA,NA,CN1C(=O)CC[C@H]1c1cccnc1,NA,NA,0,NA,NA
DESIPRAMINE,CHEMBL72,266.39,15.27,1,2,3.53,0.155,4,"0.18, 0.15, 0.16, 0.011",NA,CNCCCN1c2ccccc2CCc2ccccc21,NA,NA,NA,ChEMBL_Fu,0.155
DIAZEPAM,CHEMBL12,284.75,32.67,0,2,3.15,0.02,9,"0.013, 0.02, 0.023, 0.023, 0.019, 0.016, 0.019, 0.02, 0.023",NA,CN1C(=O)CN=C(c2ccccc2)c2cc(Cl)ccc21,NA,NA,NA,ChEMBL_Fu,0.02
DOTHIEPIN,CHEMBL1492500,295.45,3.24,0,2,4.68,NA,0,NA,NA,CN(C)CC/C=C1\c2ccccc2CSc2ccccc21,NA,NA,0,NA,NA
DOXEPIN,CHEMBL1628227,279.38,12.47,0,2,3.96,0.2,1,0.2,NA,CN(C)CCC=C1c2ccccc2COc2ccccc21,NA,NA,NA,ChEMBL_Fu,0.2
DULOXETINE,CHEMBL1175,297.42,21.26,1,3,4.63,NA,0,NA,NA,CNCC[C@H](Oc1cccc2ccccc12)c1cccs1,NA,NA,0,NA,NA
ESCITALOPRAM,CHEMBL1508,324.40,36.26,0,3,3.81,NA,0,NA,NA,CN(C)CCC[C@@]1(c2ccc(F)cc2)OCc2cc(C#N)ccc21,NA,NA,0,NA,NA
FLUOXETINE,CHEMBL41,309.33,21.26,1,2,4.44,0.06,5,"0.04, 0.063, 0.056, 0.079, 0.06",NA,CNCCC(Oc1ccc(C(F)(F)F)cc1)c1ccccc1,NA,NA,NA,ChEMBL_Fu,0.06
FLUVOXAMINE,CHEMBL814,318.34,56.84,1,4,3.20,0.022,1,0.022,NA,COCCCC/C(=N\OCCN)c1ccc(C(F)(F)F)cc1,NA,NA,NA,ChEMBL_Fu,0.022
HYDRALAZINE,CHEMBL276832,160.18,63.83,2,4,0.92,0.12,1,0.12,NA,NNc1nncc2ccccc12,NA,NA,NA,ChEMBL_Fu,0.12
HYDROMORPHONE,CHEMBL398707,285.34,49.77,1,4,1.63,0.86,1,0.86,NA,CN1CC[C@]23c4c5ccc(O)c4O[C@H]2C(=O)CC[C@H]3[C@H]1C5,NA,NA,NA,ChEMBL_Fu,0.86
HYDROXYCHLOROQUINE,CHEMBL1535,335.88,48.39,2,4,3.78,0.57,1,0.57,NA,CCN(CCO)CCCC(C)Nc1ccnc2cc(Cl)ccc12,NA,NA,NA,ChEMBL_Fu,0.57
IMIPRAMINE,CHEMBL11,280.42,6.48,0,2,3.88,0.13849999999999998,8,"0.1, 0.1, 0.075, 0.105, 0.172, 0.181, 0.22, 0.472",NA,CN(C)CCCN1c2ccccc2CCc2ccccc21,NA,NA,NA,ChEMBL_Fu,0.13849999999999998
ISONIAZID,CHEMBL64,137.14,68.01,2,3,-0.31,1,1,1,FLAG: contains 0 or 1,NNC(=O)c1ccncc1,NA,NA,NA,ChEMBL_Fu,1
LEVODOPA,CHEMBL1009,197.19,103.78,4,4,0.05,0.76,1,0.76,NA,N[C@@H](Cc1ccc(O)c(O)c1)C(=O)O,NA,NA,NA,ChEMBL_Fu,0.76
MAPROTILINE,CHEMBL21731,277.41,12.03,1,1,4.21,0.11499999999999999,2,"0.12, 0.11",NA,CNCCCC12CCC(c3ccccc31)c1ccccc12,NA,NA,NA,ChEMBL_Fu,0.11499999999999999
METHADONE,CHEMBL651,309.45,20.31,0,2,4.29,0.16,2,"0.11, 0.21",NA,CCC(=O)C(CC(C)N(C)C)(c1ccccc1)c1ccccc1,NA,NA,NA,ChEMBL_Fu,0.16
METHYLPHENIDATE,CHEMBL796,233.31,38.33,1,3,2.09,0.85,1,0.85,NA,COC(=O)C(c1ccccc1)C1CCCCN1,NA,NA,NA,ChEMBL_Fu,0.85
METOPROLOL,CHEMBL13,267.37,50.72,2,4,1.61,0.89,4,"0.89, 0.89, 0.88, 0.974",NA,COCCc1ccc(OCC(O)CNC(C)C)cc1,NA,NA,NA,ChEMBL_Fu,0.89
METRONIDAZOLE,CHEMBL137,171.16,81.19,1,5,0.09,0.89,3,"0.89, 0.89, 0.96",NA,Cc1ncc([N+](=O)[O-])n1CCO,NA,NA,NA,ChEMBL_Fu,0.89
MIANSERIN,CHEMBL6437,264.37,6.48,0,2,3.08,0.839,1,0.839,NA,CN1CCN2c3ccccc3Cc3ccccc3C2C1,NA,NA,NA,ChEMBL_Fu,0.839
MINOXIDIL,CHEMBL802,209.25,95.11,2,5,-0.13,NA,0,NA,NA,Nc1cc(N2CCCCC2)nc(N)[n+]1[O-],NA,NA,0,NA,NA
MORPHINE,CHEMBL70,285.34,52.93,2,4,1.20,0.65,3,"0.65, 0.61, 0.65",NA,CN1CC[C@]23c4c5ccc(O)c4O[C@H]2[C@@H](O)C=C[C@H]3[C@H]1C5,NA,NA,NA,ChEMBL_Fu,0.65
NALTREXONE,CHEMBL19019,341.41,70.00,2,5,1.53,0.79,1,0.79,NA,O=C1CC[C@@]2(O)[C@H]3Cc4ccc(O)c5c4[C@@]2(CCN3CC2CC2)[C@H]1O5,NA,NA,NA,ChEMBL_Fu,0.79
NICOTINE,CHEMBL3,162.24,16.13,0,2,1.85,0.95,3,"0.95, 0.95, 0.95",NA,CN1CCC[C@H]1c1cccnc1,NA,NA,NA,ChEMBL_Fu,0.95
NORTRIPTYLINE,CHEMBL445,263.38,12.03,1,1,3.83,0.12,3,"0.12, 0.12, 0.006",NA,CNCCC=C1c2ccccc2CCc2ccccc21,NA,NA,NA,ChEMBL_Fu,0.12
PAROXETINE,CHEMBL490,329.37,39.72,1,4,3.33,0.074,7,"0.05, 0.06, 0.005, 0.074, 0.089, 0.099, 0.136",NA,Fc1ccc([C@@H]2CCNC[C@H]2COc2ccc3c(c2)OCO3)cc1,NA,NA,NA,ChEMBL_Fu,0.074
PEFLOXACIN,CHEMBL267648,333.36,65.78,1,5,1.61,0.75,1,0.75,NA,CCn1cc(C(=O)O)c(=O)c2cc(F)c(N3CCN(C)CC3)cc21,NA,NA,NA,ChEMBL_Fu,0.75
PREDNISOLONE,CHEMBL131,360.45,94.83,3,5,1.56,0.25,5,"0.075, 0.075, 0.25, 0.98, 0.41",NA,C[C@]12C=CC(=O)C=C1CC[C@@H]1[C@@H]2[C@@H](O)C[C@@]2(C)[C@H]1CC[C@]2(O)C(=O)CO,NA,NA,NA,ChEMBL_Fu,0.25
PROPRANOLOL,CHEMBL27,259.35,41.49,2,3,2.58,0.216,11,"0.13, 0.1, 0.13, 0.216, 0.213, 0.231, 0.315, 0.15, 0.915, 0.421, 0.244",NA,CC(C)NCC(O)COc1cccc2ccccc12,NA,NA,NA,ChEMBL_Fu,0.216
QUININE,CHEMBL170,324.42,45.59,1,4,3.17,0.3,1,0.3,NA,C=C[C@H]1CN2CC[C@H]1C[C@H]2[C@H](O)c1ccnc2ccc(OC)cc12,NA,NA,NA,ChEMBL_Fu,0.3
RISPERIDONE,CHEMBL85,410.49,64.16,0,6,3.59,0.1745,8,"0.11, 0.11, 0.1, 0.163, 0.222, 0.186, 0.276, 0.932",NA,Cc1nc2n(c(=O)c1CCN1CCC(c3noc4cc(F)ccc34)CC1)CCCC2,NA,NA,NA,ChEMBL_Fu,0.1745
SUMATRIPTAN,CHEMBL128,295.41,65.20,2,3,1.32,0.82,4,"0.82, 0.82, 0.83, 0.68",NA,CNS(=O)(=O)Cc1ccc2[nH]cc(CCN(C)C)c2c1,NA,NA,NA,ChEMBL_Fu,0.82
TEMAZEPAM,CHEMBL967,300.75,52.90,1,3,2.47,NA,0,NA,NA,CN1C(=O)C(O)N=C(c2ccccc2)c2cc(Cl)ccc21,NA,NA,0,NA,NA
TIMOLOL,CHEMBL499,316.43,79.74,2,8,0.50,0.9,3,"0.9, 0.9, 0.988",NA,CC(C)(C)NC[C@H](O)COc1nsnc1N1CCOCC1,NA,NA,NA,ChEMBL_Fu,0.9
TRIPROLIDINE,CHEMBL855,278.40,16.13,0,2,3.92,NA,0,NA,NA,Cc1ccc(/C(=C\CN2CCCC2)c2ccccn2)cc1,35.46,0.6454,1,ChEMBL_PPB,0.6454
VENLAFAXINE,CHEMBL637,277.41,32.70,1,3,3.04,0.73,2,"0.73, 0.73",NA,COc1ccc(C(CN(C)C)C2(O)CCCCC2)cc1,NA,NA,NA,ChEMBL_Fu,0.73
VERAPAMIL,CHEMBL6966,454.61,63.95,0,6,5.09,0.14550000000000002,8,"0.1, 0.093, 0.137, 0.154, 0.16, 0.233, 0.79, 0.01",NA,COc1ccc(CCN(C)CCCC(C#N)(c2ccc(OC)c(OC)c2)C(C)C)cc1OC,NA,NA,NA,ChEMBL_Fu,0.14550000000000002
ZIDOVUDINE,CHEMBL129,267.24,133.08,2,6,-0.20,0.77,3,"0.77, 0.8, 0.695",NA,Cc1cn([C@H]2C[C@H](N=[N+]=[N-])[C@@H](CO)O2)c(=O)[nH]c1=O,NA,NA,NA,ChEMBL_Fu,0.77
ZOLPIDEM,CHEMBL911,307.40,37.61,0,3,3.25,0.08,1,0.08,NA,Cc1ccc(-c2nc3ccc(C)cn3c2CC(=O)N(C)C)cc1,NA,NA,NA,ChEMBL_Fu,0.08
ABACAVIR,CHEMBL1380,286.34,101.88,3,7,1.09,0.5,1,0.5,NA,Nc1nc(NC2CC2)c2ncn([C@H]3C=C[C@@H](CO)C3)c2n1,NA,NA,NA,ChEMBL_Fu,0.5
APIXABAN,CHEMBL231779,459.51,110.76,1,6,2.70,0.07,1,0.07,NA,COc1ccc(-n2nc(C(N)=O)c3c2C(=O)N(c2ccc(N4CCCCC4=O)cc2)CC3)cc1,NA,NA,NA,ChEMBL_Fu,0.07
BUDESONIDE,CHEMBL1370,430.54,93.06,2,6,2.72,0.13,1,0.13,NA,CCCC1O[C@@H]2C[C@H]3[C@@H]4CCC5=CC(=O)C=C[C@]5(C)[C@H]4[C@@H](O)C[C@]3(C)[C@]2(C(=O)CO)O1,NA,NA,NA,ChEMBL_Fu,0.13
DOXAZOSIN,CHEMBL707,451.48,112.27,1,9,1.72,0.017,1,0.017,NA,COc1cc2nc(N3CCN(C(=O)C4COc5ccccc5O4)CC3)nc(N)c2cc1OC,NA,NA,NA,ChEMBL_Fu,0.017
ESTRADIOL,CHEMBL135,272.39,40.46,2,2,3.61,0.015,3,"0.015, 0.015, 0.016",NA,C[C@]12CC[C@@H]3c4ccc(O)cc4CC[C@H]3[C@@H]1CC[C@@H]2O,NA,NA,NA,ChEMBL_Fu,0.015
ALCOHOL,CHEMBL545,46.07,20.23,1,1,0.00,NA,0,NA,NA,CCO,NA,NA,0,NA,NA
LIDOCAINE,CHEMBL79,234.34,32.34,1,2,2.58,0.303,5,"0.3, 0.3, 0.33, 0.303, 0.959",NA,CCN(CC)CC(=O)Nc1c(C)cccc1C,NA,NA,NA,ChEMBL_Fu,0.303
LORAZEPAM,CHEMBL580,321.16,61.69,2,3,3.10,0.09,4,"0.09, 0.09, 0.09, 0.057",NA,O=C1Nc2ccc(Cl)cc2C(c2ccccc2Cl)=NC1O,NA,NA,NA,ChEMBL_Fu,0.09
MIRTAZAPINE,CHEMBL654,265.36,19.37,0,3,2.48,0.16,7,"0.15, 0.15, 0.16, 0.266, 0.286, 0.32, 0.15",NA,CN1CCN2c3ncccc3Cc3ccccc3C2C1,NA,NA,NA,ChEMBL_Fu,0.16
PANTOPRAZOLE,CHEMBL1502,383.38,92.32,1,6,2.88,0.02,1,0.02,NA,COc1ccnc(C[S+]([O-])c2nc3cc(OC(F)F)ccc3[nH]2)c1OC,NA,NA,NA,ChEMBL_Fu,0.02
PENTOXIFYLLINE,CHEMBL628,278.31,78.89,0,7,0.19,1,2,"1, 1",FLAG: contains 0 or 1,CC(=O)CCCCn1c(=O)c2c(ncn2C)n(C)c1=O,NA,NA,NA,ChEMBL_Fu,1
PROPYLTHIOURACIL,CHEMBL1518,170.24,48.65,2,2,1.38,0.18,1,0.18,NA,CCCc1cc(=O)[nH]c(=S)[nH]1,NA,NA,NA,ChEMBL_Fu,0.18
QUETIAPINE,CHEMBL716,383.52,48.30,1,6,2.86,NA,0,NA,NA,OCCOCCN1CCN(C2=Nc3ccccc3Sc3ccccc32)CC1,NA,NA,0,NA,NA
REBOXETINE,CHEMBL14370,313.40,39.72,1,4,3.19,0.0325,2,"0.019, 0.046",NA,CCOc1ccccc1OC(c1ccccc1)C1CNCCO1,NA,NA,NA,ChEMBL_Fu,0.0325
THEOBROMINE,CHEMBL1114,180.17,72.68,1,5,-1.04,NA,0,NA,NA,Cn1cnc2c1c(=O)[nH]c(=O)n2C,NA,NA,0,NA,NA
THIOPENTAL SODIUM,CHEMBL738,264.33,58.20,2,3,1.35,NA,0,NA,NA,CCCC(C)C1(CC)C(=O)[N-]C(=S)NC1=O.[Na+],NA,NA,0,NA,NA
LABETALOL,CHEMBL429,328.41,95.58,4,4,2.14,0.5,3,"0.5, 0.5, 0.961",NA,CC(CCc1ccccc1)NCC(O)c1ccc(O)c(C(N)=O)c1,NA,NA,NA,ChEMBL_Fu,0.5
ACITRETIN,CHEMBL1131,326.44,46.53,1,2,5.17,NA,0,NA,NA,COc1cc(C)c(/C=C/C(C)=C/C=C/C(C)=C/C(=O)O)c(C)c1C,NA,NA,0,NA,NA
FLURBIPROFEN,CHEMBL563,244.26,37.30,1,1,3.68,0.982,1,0.982,NA,CC(C(=O)O)c1ccc(-c2ccccc2)c(F)c1,NA,NA,NA,ChEMBL_Fu,0.982
IBUPROFEN,CHEMBL521,206.28,37.30,1,1,3.07,0.006,5,"0.006, 0.962, 0.006, 0.0023, 0.000122",NA,CC(C)Cc1ccc(C(C)C(=O)O)cc1,NA,NA,NA,ChEMBL_Fu,0.006
MESALAMINE,CHEMBL704,153.14,83.55,3,3,0.67,0.39,1,0.39,NA,Nc1ccc(O)c(C(=O)O)c1,NA,NA,NA,ChEMBL_Fu,0.39
NELFINAVIR,CHEMBL584,567.80,101.90,4,6,4.75,NA,0,NA,NA,Cc1c(O)cccc1C(=O)N[C@@H](CSc1ccccc1)[C@H](O)CN1C[C@H]2CCCC[C@H]2C[C@H]1C(=O)NC(C)(C)C,NA,NA,0,NA,NA
OXCARBAZEPINE,CHEMBL1068,252.27,63.40,1,2,2.64,NA,0,NA,NA,NC(=O)N1c2ccccc2CC(=O)c2ccccc21,NA,NA,0,NA,NA
PIROXICAM,CHEMBL527,331.35,99.60,2,5,1.58,NA,0,NA,NA,CN1C(C(=O)Nc2ccccn2)=C(O)c2ccccc2S1(=O)=O,99.15,0.008499999999999952,4,ChEMBL_PPB,0.008499999999999952
PROBENECID,CHEMBL897,285.37,74.68,1,3,2.20,0.13,1,0.13,NA,CCCN(CCC)S(=O)(=O)c1ccc(C(=O)O)cc1,NA,NA,NA,ChEMBL_Fu,0.13
QUINAPRIL,CHEMBL1592,438.52,95.94,2,5,2.57,NA,0,NA,NA,CCOC(=O)[C@H](CCc1ccccc1)N[C@@H](C)C(=O)N1Cc2ccccc2C[C@H]1C(=O)O,95.82,0.04180000000000006,1,ChEMBL_PPB,0.04180000000000006
SULFASALAZINE,CHEMBL421,398.40,141.31,3,7,3.70,NA,0,NA,NA,O=C(O)c1cc(/N=N/c2ccc(S(=O)(=O)Nc3ccccn3)cc2)ccc1O,NA,NA,0,NA,NA
WARFARIN,CHEMBL1464,308.33,67.51,1,4,3.61,0.011,10,"0.015, 0.295, 0.006, 0.013, 0.014, 0.009, 0.008, 0.0062, 0.0041, 0.05",NA,CC(=O)CC(c1ccccc1)c1c(O)c2ccccc2oc1=O,NA,NA,NA,ChEMBL_Fu,0.011
ALBENDAZOLE,CHEMBL1483,265.34,67.01,2,4,3.24,NA,0,NA,NA,CCCSc1ccc2[nH]c(NC(=O)OC)nc2c1,95.43,0.04569999999999996,1,ChEMBL_PPB,0.04569999999999996
ARIPIPRAZOLE,CHEMBL1112,448.39,44.81,1,4,4.86,0.006,2,"0.01, 0.002",NA,O=C1CCc2ccc(OCCCCN3CCN(c4cccc(Cl)c4Cl)CC3)cc2N1,NA,NA,NA,ChEMBL_Fu,0.006
CITALOPRAM,CHEMBL549,324.40,36.26,0,3,3.81,0.2,3,"0.2, 0.2, 0.047",NA,CN(C)CCCC1(c2ccc(F)cc2)OCc2cc(C#N)ccc21,NA,NA,NA,ChEMBL_Fu,0.2
DAPSONE,CHEMBL1043,248.31,86.18,2,4,1.68,0.25,2,"0.25, 0.25",NA,Nc1ccc(S(=O)(=O)c2ccc(N)cc2)cc1,NA,NA,NA,ChEMBL_Fu,0.25
EFAVIRENZ,CHEMBL223228,315.68,38.33,1,2,4.07,0.0049499999999999995,2,"0.0052, 0.0047",NA,O=C1Nc2ccc(Cl)cc2[C@@](C#CC2CC2)(C(F)(F)F)O1,NA,NA,NA,ChEMBL_Fu,0.0049499999999999995
LOPINAVIR,CHEMBL729,628.81,120.00,4,5,4.33,NA,0,NA,NA,Cc1cccc(C)c1OCC(=O)N[C@@H](Cc1ccccc1)[C@@H](O)C[C@H](Cc1ccccc1)NC(=O)[C@H](C(C)C)N1CCCNC1=O,NA,NA,0,NA,NA
LORATADINE,CHEMBL998,382.89,42.43,0,3,4.89,NA,0,NA,NA,CCOC(=O)N1CCC(=C2c3ccc(Cl)cc3CCc3cccnc32)CC1,NA,NA,0,NA,NA
NAPROXEN,CHEMBL154,230.26,46.53,1,2,3.04,0.01,3,"0.989, 0.01, 1.21e-05",NA,COc1ccc2cc([C@H](C)C(=O)O)ccc2c1,NA,NA,NA,ChEMBL_Fu,0.01
NEFAZODONE,CHEMBL623,470.02,55.53,0,7,3.55,0.009,3,"0.009, 0.009, 0.01",NA,CCc1nn(CCCN2CCN(c3cccc(Cl)c3)CC2)c(=O)n1CCOc1ccccc1,NA,NA,NA,ChEMBL_Fu,0.009
PHENACETIN,CHEMBL16073,179.22,38.33,1,2,2.04,0.8785000000000001,4,"0.47, 0.78, 0.98, 0.977",NA,CCOc1ccc(NC(C)=O)cc1,NA,NA,NA,ChEMBL_Fu,0.8785000000000001
PROPAFENONE,CHEMBL631,341.45,58.56,2,4,3.24,0.05,4,"0.05, 0.05, 0.038, 0.783",NA,CCCNCC(O)COc1ccccc1C(=O)CCc1ccccc1,NA,NA,NA,ChEMBL_Fu,0.05
QUAZEPAM,CHEMBL1200472,386.80,15.60,0,2,5.03,NA,0,NA,NA,Fc1ccccc1C1=NCC(=S)N(CC(F)(F)F)c2ccc(Cl)cc21,NA,NA,0,NA,NA
TERFENADINE,CHEMBL17157,471.69,43.70,2,3,6.45,NA,0,NA,NA,CC(C)(C)c1ccc(C(O)CCCN2CCC(C(O)(c3ccccc3)c3ccccc3)CC2)cc1,99.16,0.008400000000000074,1,ChEMBL_PPB,0.008400000000000074
TOLMETIN,CHEMBL1020,257.29,59.30,1,3,2.19,NA,0,NA,NA,Cc1ccc(C(=O)c2ccc(CC(=O)O)n2C)cc1,99.7,0.0030000000000000027,3,ChEMBL_PPB,0.0030000000000000027
TRAZODONE,CHEMBL621,371.87,45.78,0,6,2.36,0.07350000000000001,4,"0.07, 0.07, 0.077, 0.98",NA,O=c1n(CCCN2CCN(c3cccc(Cl)c3)CC2)nc2ccccn12,NA,NA,NA,ChEMBL_Fu,0.07350000000000001
ALLOPURINOL,CHEMBL1467,136.11,74.69,2,4,0.06,0.95,3,"0.95, 0.95, 0.97",NA,Oc1ncnc2[nH]ncc12,NA,NA,NA,ChEMBL_Fu,0.95
AMIODARONE,CHEMBL633,645.32,42.68,0,4,6.94,2e-4,4,"2e-04, 2e-04, 2e-04, 1e-04",NA,CCCCc1oc2ccccc2c1C(=O)c1cc(I)c(OCCN(CC)CC)c(I)c1,NA,NA,NA,ChEMBL_Fu,2e-4
CANNABIDIOL,CHEMBL190461,314.47,40.46,2,2,5.85,NA,0,NA,NA,C=C(C)[C@@H]1CCC(C)=C[C@H]1c1c(O)cc(CCCCC)cc1O,90,0.09999999999999998,1,ChEMBL_PPB,0.09999999999999998
CARBAMAZEPINE,CHEMBL108,236.27,46.33,1,1,3.39,0.2895,6,"0.171, 0.299, 0.288, 0.291, 0.303, 0.276",NA,NC(=O)N1c2ccccc2C=Cc2ccccc21,NA,NA,NA,ChEMBL_Fu,0.2895
CELECOXIB,CHEMBL118,381.38,77.98,1,4,3.51,0.0030499999999999998,2,"0.003, 0.0031",NA,Cc1ccc(-c2cc(C(F)(F)F)nn2-c2ccc(S(N)(=O)=O)cc2)cc1,NA,NA,NA,ChEMBL_Fu,0.0030499999999999998
CLOZAPINE,CHEMBL42,326.83,30.87,1,4,3.72,0.055,7,"0.05, 0.05, 0.055, 0.042, 0.058, 0.081, 0.101",NA,CN1CCN(C2=Nc3cc(Cl)ccc3Nc3ccccc32)CC1,NA,NA,NA,ChEMBL_Fu,0.055
CYCLOSPORINE,CHEMBL160,1202.63,NA,NA,NA,NA,0.036500000000000005,2,"0.068, 0.005",NA,C/C=C/C[C@@H](C)[C@@H](O)[C@H]1C(=O)N[C@@H](CC)C(=O)N(C)CC(=O)N(C)[C@@H](CC(C)C)C(=O)N[C@@H](C(C)C)C(=O)N(C)[C@@H](CC(C)C)C(=O)N[C@@H](C)C(=O)N[C@H](C)C(=O)N(C)[C@@H](CC(C)C)C(=O)N(C)[C@@H](CC(C)C)C(=O)N(C)[C@@H](C(C)C)C(=O)N1C,NA,NA,NA,ChEMBL_Fu,0.036500000000000005
DOMPERIDONE,CHEMBL219916,425.92,78.82,2,5,3.35,0.082,3,"0.08, 0.082, 0.598",NA,O=c1[nH]c2ccccc2n1CCCN1CCC(n2c(=O)[nH]c3cc(Cl)ccc32)CC1,NA,NA,NA,ChEMBL_Fu,0.082
DRONABINOL,CHEMBL465,314.47,29.46,1,2,5.74,0.03,3,"0.03, 0.03, 0.05",NA,CCCCCc1cc(O)c2c(c1)OC(C)(C)[C@@H]1CCC(C)=C[C@@H]21,NA,NA,NA,ChEMBL_Fu,0.03
DROSPIRENONE,CHEMBL1509,366.50,43.37,0,3,4.31,NA,0,NA,NA,C[C@]12CCC(=O)C=C1[C@@H]1C[C@@H]1[C@H]1[C@@H]3[C@@H]4C[C@@H]4[C@@]4(CCC(=O)O4)[C@@]3(C)CC[C@@H]12,NA,NA,0,NA,NA
HALOPERIDOL,CHEMBL54,375.87,40.54,1,3,4.43,0.10200000000000001,8,"0.08, 0.08, 0.08, 0.124, 0.164, 0.161, 0.223, 0.08",NA,O=C(CCCN1CCC(O)(c2ccc(Cl)cc2)CC1)c1ccc(F)cc1,NA,NA,NA,ChEMBL_Fu,0.10200000000000001
IMATINIB,CHEMBL941,493.62,86.28,2,7,4.59,0.05,1,0.05,NA,Cc1ccc(NC(=O)c2ccc(CN3CCN(C)CC3)cc2)cc1Nc1nccc(-c2cccnc2)n1,NA,NA,NA,ChEMBL_Fu,0.05
LAMOTRIGINE,CHEMBL741,256.10,90.71,2,5,2.01,0.45,1,0.45,NA,Nc1nnc(-c2cccc(Cl)c2Cl)c(N)n1,NA,NA,NA,ChEMBL_Fu,0.45
NEVIRAPINE,CHEMBL57,266.30,58.12,1,4,2.65,0.32,1,0.32,NA,Cc1ccnc2c1NC(=O)c1cccnc1N2C1CC1,NA,NA,NA,ChEMBL_Fu,0.32
NIFEDIPINE,CHEMBL193,346.34,107.77,1,7,2.18,0.041999999999999996,4,"0.04, 0.04, 0.044, 0.949",NA,COC(=O)C1=C(C)NC(C)=C(C(=O)OC)C1c1ccccc1[N+](=O)[O-],NA,NA,NA,ChEMBL_Fu,0.041999999999999996
NIMODIPINE,CHEMBL1428,418.45,117.00,1,8,2.97,0.012,2,"0.016, 0.008",NA,COCCOC(=O)C1=C(C)NC(C)=C(C(=O)OC(C)C)C1c1cccc([N+](=O)[O-])c1,NA,NA,NA,ChEMBL_Fu,0.012
NITRENDIPINE,CHEMBL475534,360.37,107.77,1,7,2.57,0.02,1,0.02,NA,CCOC(=O)C1=C(C)NC(C)=C(C(=O)OC)C1c1cccc([N+](=O)[O-])c1,NA,NA,NA,ChEMBL_Fu,0.02
OLANZAPINE,CHEMBL715,312.44,30.87,1,5,3.44,NA,0,NA,NA,Cc1cc2c(s1)Nc1ccccc1N=C2N1CCN(C)CC1,89.27,0.10730000000000006,1,ChEMBL_PPB,0.10730000000000006
OXAZEPAM,CHEMBL568,286.72,61.69,2,3,2.45,0.0495,4,"0.04, 0.04, 0.105, 0.059",NA,O=C1Nc2ccc(Cl)cc2C(c2ccccc2)=NC1O,NA,NA,NA,ChEMBL_Fu,0.0495
PACLITAXEL,CHEMBL428647,853.92,221.29,4,14,3.74,0.07,3,"0.03, 0.07, 0.12",NA,CC(=O)O[C@H]1C(=O)[C@@]2(C)[C@H]([C@H](OC(=O)c3ccccc3)[C@]3(O)C[C@H](OC(=O)[C@H](O)[C@@H](NC(=O)c4ccccc4)c4ccccc4)C(C)=C1C3(C)C)[C@]1(OC(C)=O)CO[C@@H]1C[C@@H]2O,NA,NA,NA,ChEMBL_Fu,0.07
PRAZIQUANTEL,CHEMBL976,312.41,40.62,0,2,2.53,NA,0,NA,NA,O=C(C1CCCCC1)N1CC(=O)N2CCc3ccccc3C2C1,39.595,0.60405,2,ChEMBL_PPB,0.60405
PREDNISONE,CHEMBL635,358.43,91.67,2,5,1.77,0.25,3,"0.25, 0.25, 0.27",NA,C[C@]12C=CC(=O)C=C1CC[C@@H]1[C@@H]2C(=O)C[C@@]2(C)[C@H]1CC[C@]2(O)C(=O)CO,NA,NA,NA,ChEMBL_Fu,0.25
PRIMIDONE,CHEMBL856,218.26,58.20,2,2,0.54,NA,0,NA,NA,CCC1(c2ccccc2)C(=O)NCNC1=O,NA,NA,0,NA,NA
RITONAVIR,CHEMBL163,720.96,145.78,4,9,5.91,0.021,1,0.021,NA,CC(C)c1nc(CN(C)C(=O)N[C@H](C(=O)N[C@@H](Cc2ccccc2)C[C@H](O)[C@H](Cc2ccccc2)NC(=O)OCc2cncs2)C(C)C)cs1,NA,NA,NA,ChEMBL_Fu,0.021
RIVAROXABAN,CHEMBL198362,435.89,88.18,1,6,2.52,NA,0,NA,NA,O=C(NC[C@H]1CN(c2ccc(N3CCOCC3=O)cc2)C(=O)O1)c1ccc(Cl)s1,NA,NA,0,NA,NA
ROFECOXIB,CHEMBL122,314.36,60.44,0,4,2.56,NA,0,NA,NA,CS(=O)(=O)c1ccc(C2=C(c3ccccc3)C(=O)OC2)cc1,93.1,0.06900000000000006,1,ChEMBL_PPB,0.06900000000000006
SPIRONOLACTONE,CHEMBL1393,416.58,60.44,0,5,4.85,NA,0,NA,NA,CC(=O)S[C@@H]1CC2=CC(=O)CC[C@]2(C)[C@H]2CC[C@@]3(C)[C@@H](CC[C@@]34CCC(=O)O4)[C@H]12,49,0.51,1,ChEMBL_PPB,0.51
TACROLIMUS,CHEMBL3989887,822.05,178.36,3,12,4.64,NA,0,NA,NA,C=CC[C@@H]1/C=C(\C)C[C@H](C)C[C@H](OC)[C@H]2O[C@@](O)(C(=O)C(=O)N3CCCC[C@H]3C(=O)O[C@H](/C(C)=C/[C@@H]3CC[C@@H](O)[C@H](OC)C3)[C@H](C)[C@@H](O)CC1=O)[C@H](C)C[C@@H]2OC.O,NA,NA,0,NA,NA
ZALEPLON,CHEMBL1521,305.34,74.29,0,5,2.64,0.4,3,"0.4, 0.49, 0.4",NA,CCN(C(C)=O)c1cccc(-c2ccnc3c(C#N)cnn23)c1,NA,NA,NA,ChEMBL_Fu,0.4
AZTREONAM,CHEMBL158,435.44,201.58,4,10,-1.17,0.62,5,"0.72, 0.71, 0.4, 0.62, 0.62",NA,C[C@H]1[C@H](NC(=O)/C(=N\OC(C)(C)C(=O)O)c2csc(N)n2)C(=O)N1S(=O)(=O)O,NA,NA,NA,ChEMBL_Fu,0.62
PENICILLIN G,CHEMBL29,334.40,86.71,2,4,0.86,0.4,1,0.4,NA,CC1(C)S[C@@H]2[C@H](NC(=O)Cc3ccccc3)C(=O)N2[C@H]1C(=O)O,NA,NA,NA,ChEMBL_Fu,0.4
CAPTOPRIL,CHEMBL1560,217.29,57.61,2,3,0.63,0.73,1,0.73,NA,C[C@H](CS)C(=O)N1CCC[C@H]1C(=O)O,NA,NA,NA,ChEMBL_Fu,0.73
CEFONICID,CHEMBL1601,542.58,204.91,4,12,-0.92,NA,0,NA,NA,O=C(O)C1=C(CSc2nnnn2CS(=O)(=O)O)CS[C@@H]2[C@H](NC(=O)[C@H](O)c3ccccc3)C(=O)N12,NA,NA,0,NA,NA
CEFOTAXIME,CHEMBL1730,455.47,173.51,3,11,-0.62,0.6,1,0.6,NA,CO/N=C(\C(=O)N[C@@H]1C(=O)N2C(C(=O)O)=C(COC(C)=O)CS[C@H]12)c1csc(N)n1,NA,NA,NA,ChEMBL_Fu,0.6
CEFOXITIN,CHEMBL996,427.46,148.26,3,8,0.10,0.73,1,0.73,NA,CO[C@@]1(NC(=O)Cc2cccs2)C(=O)N2C(C(=O)O)=C(COC(N)=O)CS[C@@H]21,NA,NA,NA,ChEMBL_Fu,0.73
EMTRICITABINE,CHEMBL885,247.25,90.37,2,7,-0.46,NA,0,NA,NA,Nc1nc(=O)n([C@@H]2CS[C@H](CO)O2)cc1F,NA,NA,0,NA,NA
ENALAPRILAT,CHEMBL3989406,384.43,106.94,3,4,1.13,NA,0,NA,NA,C[C@H](N[C@@H](CCc1ccccc1)C(=O)O)C(=O)N1CCC[C@H]1C(=O)O.O.O,NA,NA,0,NA,NA
HYDROCHLOROTHIAZIDE,CHEMBL435,297.75,118.36,3,5,-0.35,NA,0,NA,NA,NS(=O)(=O)c1cc2c(cc1Cl)NCNS2(=O)=O,64.995,0.35005,2,ChEMBL_PPB,0.35005
LEVOFLOXACIN,CHEMBL5315124,740.76,75.01,1,6,1.54,0.53,2,"0.31, 0.75",NA,C[C@H]1COc2c(N3CCN(C)CC3)c(F)cc3c(=O)c(C(=O)O)cn1c23.C[C@H]1COc2c(N3CCN(C)CC3)c(F)cc3c(=O)c(C(=O)O)cn1c23.O,NA,NA,NA,ChEMBL_Fu,0.53
METHOTREXATE SODIUM,CHEMBL3244648,498.41,210.54,5,10,0.27,NA,0,NA,NA,CN(Cc1cnc2nc(N)nc(N)c2n1)c1ccc(C(=O)N[C@@H](CCC(=O)[O-])C(=O)[O-])cc1.[Na+].[Na+],NA,NA,0,NA,NA
METHYLDOPA,CHEMBL459,211.22,103.78,4,4,0.44,0.85,1,0.85,NA,C[C@](N)(Cc1ccc(O)c(O)c1)C(=O)O,NA,NA,NA,ChEMBL_Fu,0.85
TENOFOVIR,CHEMBL3989702,305.23,136.38,3,7,-0.05,NA,0,NA,NA,C[C@H](Cn1cnc2c(N)ncnc21)OCP(=O)(O)O.O,NA,NA,0,NA,NA
TOPIRAMATE,CHEMBL220492,339.37,115.54,1,8,-0.40,NA,0,NA,NA,CC1(C)O[C@@H]2[C@@H](CO[C@@]3(COS(N)(=O)=O)OC(C)(C)O[C@@H]23)O1,NA,NA,0,NA,NA
VIGABATRIN,CHEMBL89598,129.16,63.32,2,2,0.36,NA,0,NA,NA,C=CC(N)CCC(=O)O,NA,NA,0,NA,NA
ATENOLOL,CHEMBL24,266.34,84.58,3,4,0.45,0.925,2,"0.91, 0.94",NA,CC(C)NCC(O)COc1ccc(CC(N)=O)cc1,NA,NA,NA,ChEMBL_Fu,0.925
AZITHROMYCIN,CHEMBL529,749.00,180.08,5,14,1.90,0.88,2,"0.88, 0.88",NA,CC[C@H]1OC(=O)[C@H](C)[C@@H](O[C@H]2C[C@@](C)(OC)[C@@H](O)[C@H](C)O2)[C@H](C)[C@@H](O[C@@H]2O[C@H](C)C[C@H](N(C)C)[C@H]2O)[C@](C)(O)C[C@@H](C)CN(C)[C@H](C)[C@@H](O)[C@]1(C)O,NA,NA,NA,ChEMBL_Fu,0.88
BACLOFEN,CHEMBL701,213.66,63.32,2,2,1.86,NA,0,NA,NA,NCC(CC(=O)O)c1ccc(Cl)cc1,NA,NA,0,NA,NA
CHLOROQUINE,CHEMBL76,319.88,28.16,1,3,4.81,0.43,1,0.43,NA,CCN(CC)CCCC(C)Nc1ccnc2cc(Cl)ccc12,NA,NA,NA,ChEMBL_Fu,0.43
CIMETIDINE,CHEMBL30,252.35,88.89,3,4,0.60,0.81,3,"0.81, 0.81, 0.78",NA,CN/C(=N\CCSCc1nc[nH]c1C)NC#N,NA,NA,NA,ChEMBL_Fu,0.81
DISOPYRAMIDE,CHEMBL517,339.48,59.22,1,3,3.36,0.16,1,0.16,NA,CC(C)N(CCC(C(N)=O)(c1ccccc1)c1ccccn1)C(C)C,NA,NA,NA,ChEMBL_Fu,0.16
FAMOTIDINE,CHEMBL902,337.46,175.83,4,6,-0.77,0.84,1,0.84,NA,NC(N)=Nc1nc(CSCC/C(N)=N/S(N)(=O)=O)cs1,NA,NA,NA,ChEMBL_Fu,0.84
FLECAINIDE,CHEMBL652,414.35,59.59,2,4,3.44,0.39,3,"0.39, 0.39, 0.52",NA,O=C(NCC1CCCCN1)c1cc(OCC(F)(F)F)ccc1OCC(F)(F)F,NA,NA,NA,ChEMBL_Fu,0.39
FLUCONAZOLE,CHEMBL106,306.28,81.65,1,7,0.74,0.89,5,"0.89, 0.89, 0.89, 0.89, 0.9",NA,OC(Cn1cncn1)(Cn1cncn1)c1ccc(F)cc1F,NA,NA,NA,ChEMBL_Fu,0.89
METFORMIN,CHEMBL1431,129.17,88.99,4,2,-1.03,1,1,1,FLAG: contains 0 or 1,CN(C)C(=N)NC(=N)N,NA,NA,NA,ChEMBL_Fu,1
METOCLOPRAMIDE,CHEMBL86,299.80,67.59,2,4,2.00,0.6,4,"0.6, 0.6, 0.6, 0.295",NA,CCN(CC)CCNC(=O)c1cc(Cl)c(N)cc1OC,NA,NA,NA,ChEMBL_Fu,0.6
NADOLOL,CHEMBL521606,309.41,81.95,4,5,0.63,0.42,2,"0.7, 0.14",NA,CC(C)(C)NCC(O)COc1cccc2c1CC(O)C(O)C2,NA,NA,NA,ChEMBL_Fu,0.42
OFLOXACIN,CHEMBL4,361.37,75.01,1,6,1.54,0.75,1,0.75,NA,CC1COc2c(N3CCN(C)CC3)c(F)cc3c(=O)c(C(=O)O)cn1c23,NA,NA,NA,ChEMBL_Fu,0.75
PILSICAINIDE,CHEMBL163238,272.39,32.34,1,2,3.26,NA,0,NA,NA,Cc1cccc(C)c1NC(=O)CC12CCCN1CCC2,NA,NA,0,NA,NA
PSEUDOEPHEDRINE,CHEMBL1590,165.24,32.26,2,2,1.33,NA,0,NA,NA,CN[C@@H](C)[C@@H](O)c1ccccc1,NA,NA,0,NA,NA
PYRIDOSTIGMINE,CHEMBL1115,181.22,33.42,0,2,0.57,1,1,1,FLAG: contains 0 or 1,CN(C)C(=O)Oc1ccc[n+](C)c1,NA,NA,NA,ChEMBL_Fu,1
PYRIMETHAMINE,CHEMBL36,248.72,77.82,2,4,2.52,0.095,1,0.095,NA,CCc1nc(N)nc(N)c1-c1ccc(Cl)cc1,NA,NA,NA,ChEMBL_Fu,0.095
SOTALOL,CHEMBL471,272.37,78.43,3,4,1.09,0.81,2,"1, 0.62",FLAG: contains 0 or 1,CC(C)NCC(O)c1ccc(NS(C)(=O)=O)cc1,NA,NA,NA,ChEMBL_Fu,0.81
STAVUDINE,CHEMBL991,224.22,84.32,2,5,-0.71,1,1,1,FLAG: contains 0 or 1,Cc1cn([C@H]2C=C[C@@H](CO)O2)c(=O)[nH]c1=O,NA,NA,NA,ChEMBL_Fu,1
TERBUTALINE,CHEMBL1760,225.29,72.72,4,4,1.52,0.8,3,"0.8, 0.8, 0.75",NA,CC(C)(C)NCC(O)c1cc(O)cc(O)c1,NA,NA,NA,ChEMBL_Fu,0.8
DIGOXIN,CHEMBL1751,780.95,203.06,6,14,2.22,0.44999999999999996,2,"0.7, 0.2",NA,C[C@H]1O[C@@H](O[C@H]2[C@@H](O)C[C@H](O[C@H]3[C@@H](O)C[C@H](O[C@H]4CC[C@@]5(C)[C@H](CC[C@@H]6[C@@H]5C[C@@H](O)[C@]5(C)[C@@H](C7=CC(=O)OC7)CC[C@]65O)C4)O[C@@H]3C)O[C@@H]2C)C[C@H](O)[C@@H]1O,NA,NA,NA,ChEMBL_Fu,0.44999999999999996
LAMIVUDINE,CHEMBL141,229.26,90.37,2,7,-0.59,0.94,1,0.94,NA,Nc1ccn([C@@H]2CS[C@H](CO)O2)c(=O)n1,NA,NA,NA,ChEMBL_Fu,0.94
LEVETIRACETAM,CHEMBL1286,170.21,63.40,1,2,-0.13,NA,0,NA,NA,CC[C@@H](C(N)=O)N1CCCC1=O,NA,NA,0,NA,NA
NIZATIDINE,CHEMBL3183075,331.47,83.33,2,8,1.32,0.78,3,"0.78, 0.78, 0.65",NA,CNC(=C[N+](=O)[O-])NCCSCc1csc(CN(C)C)n1,NA,NA,NA,ChEMBL_Fu,0.78
AMPICILLIN,CHEMBL174,349.41,112.73,3,5,0.32,0.85,1,0.85,NA,CC1(C)S[C@@H]2[C@H](NC(=O)[C@H](N)c3ccccc3)C(=O)N2[C@H]1C(=O)O,NA,NA,NA,ChEMBL_Fu,0.85
CEPHALEXIN,CHEMBL1200544,365.41,112.73,3,5,0.44,NA,0,NA,NA,CC1=C(C(=O)O)N2C(=O)[C@@H](NC(=O)[C@H](N)c3ccccc3)[C@H]2SC1.O,NA,NA,0,NA,NA
GABAPENTIN,CHEMBL940,171.24,63.32,2,2,1.37,0.97,1,0.97,NA,NCC1(CC(=O)O)CCCCC1,NA,NA,NA,ChEMBL_Fu,0.97
PREGABALIN,CHEMBL1059,159.23,63.32,2,2,1.08,NA,0,NA,NA,CC(C)C[C@H](CN)CC(=O)O,NA,NA,0,NA,NA
ACYCLOVIR,CHEMBL184,225.21,119.05,3,7,-1.33,0.825,2,"0.8, 0.85",NA,Nc1nc2c(ncn2COCCO)c(=O)[nH]1,NA,NA,NA,ChEMBL_Fu,0.825
APAZONE,CHEMBL1565476,300.36,56.22,0,4,2.06,0.004,1,0.004,NA,CCCC1C(=O)N2C(N(C)C)=Nc3ccc(C)cc3N2C1=O,NA,NA,NA,ChEMBL_Fu,0.004
CANDESARTAN,CHEMBL1016,440.46,118.81,2,7,4.03,NA,0,NA,NA,CCOc1nc2cccc(C(=O)O)c2n1Cc1ccc(-c2ccccc2-c2nnn[nH]2)cc1,NA,NA,0,NA,NA
CEFPROZIL,CHEMBL3301800,389.43,132.96,4,6,0.71,0.59,1,0.59,NA,CC=CC1=C(C(=O)O)N2C(=O)[C@@H](NC(=O)[C@H](N)c3ccc(O)cc3)[C@H]2SC1,NA,NA,NA,ChEMBL_Fu,0.59
CIPROFLOXACIN,CHEMBL8,331.35,74.57,2,5,1.58,0.74,3,"0.7, 0.74, 0.821",NA,O=C(O)c1cn(C2CC2)c2cc(N3CCNCC3)c(F)cc2c1=O,NA,NA,NA,ChEMBL_Fu,0.74
NITROFURANTOIN,CHEMBL572,238.16,118.05,1,6,0.07,0.28500000000000003,2,"0.17, 0.4",NA,O=C1CN(/N=C/c2ccc([N+](=O)[O-])o2)C(=O)N1,NA,NA,NA,ChEMBL_Fu,0.28500000000000003
PENICILLIN V,CHEMBL615,350.40,95.94,2,5,0.70,0.45,1,0.45,NA,CC1(C)S[C@@H]2[C@H](NC(=O)COc3ccccc3)C(=O)N2[C@H]1C(=O)O,NA,NA,NA,ChEMBL_Fu,0.45
SULFISOXAZOLE,CHEMBL453,267.31,98.22,2,5,1.67,0.079,1,0.079,NA,Cc1noc(NS(=O)(=O)c2ccc(N)cc2)c1C,NA,NA,NA,ChEMBL_Fu,0.079
AMISULPRIDE,CHEMBL243712,369.49,101.73,2,6,1.29,NA,0,NA,NA,CCN1CCCC1CNC(=O)c1cc(S(=O)(=O)CC)c(N)cc1OC,NA,NA,0,NA,NA
PALIPERIDONE,CHEMBL1621,426.49,84.39,1,7,3.08,0.116,1,0.116,NA,Cc1nc2n(c(=O)c1CCN1CCC(c3noc4cc(F)ccc34)CC1)CCCC2O,NA,NA,NA,ChEMBL_Fu,0.116
ROXITHROMYCIN,CHEMBL1214185,837.06,216.89,5,17,2.21,NA,0,NA,NA,CC[C@H]1OC(=O)[C@H](C)[C@@H](O[C@H]2C[C@@](C)(OC)[C@@H](O)[C@H](C)O2)[C@H](C)[C@@H](O[C@@H]2O[C@H](C)C[C@H](N(C)C)[C@H]2O)[C@](C)(O)C[C@@H](C)/C(=N\OCOCCOC)[C@H](C)[C@@H](O)[C@]1(C)O,NA,NA,0,NA,NA
ACETAZOLAMIDE,CHEMBL20,222.25,115.04,2,6,-0.86,0.04,1,0.04,NA,CC(=O)Nc1nnc(S(N)(=O)=O)s1,NA,NA,NA,ChEMBL_Fu,0.04
LEVONORGESTREL,CHEMBL1389,312.45,37.30,1,2,3.88,0.025,1,0.025,NA,C#C[C@]1(O)CC[C@H]2[C@@H]3CCC4=CC(=O)CC[C@@H]4[C@H]3CC[C@@]21CC,NA,NA,NA,ChEMBL_Fu,0.025
MEDROXYPROGESTERONE ACETATE,CHEMBL717,386.53,60.44,0,4,4.66,NA,0,NA,NA,CC(=O)O[C@]1(C(C)=O)CC[C@H]2[C@@H]3C[C@H](C)C4=CC(=O)CC[C@]4(C)[C@H]3CC[C@@]21C,NA,NA,0,NA,NA
FLEROXACIN,CHEMBL6273,369.34,65.78,1,5,1.70,0.73,1,0.73,NA,CN1CCN(c2c(F)cc3c(=O)c(C(=O)O)cn(CCF)c3c2F)CC1,NA,NA,NA,ChEMBL_Fu,0.73
FEXOFENADINE,CHEMBL914,501.67,81.00,3,4,5.51,0.00421,1,0.00421,NA,CC(C)(C(=O)O)c1ccc(C(O)CCCN2CCC(C(O)(c3ccccc3)c3ccccc3)CC2)cc1,NA,NA,NA,ChEMBL_Fu,0.00421
