Drug,ChEMBL_ID,MW,PSA,HBD,HBA,LogP,SMILES,Source,Fu_median,N_fu,Fu_values,PPB_value,Fu_from_PPB,N_ppb,Fu_source,Fu_final,pKa_exp,N_pka,pKa_values,LogD74_exp,N_logd,LogD_values,pKa_acid_pred,pKa_base_pred,LogD74_pred,LogP_opera,Type,MW_rdkit,PSA_rdkit,HBD_rdkit,HBA_rdkit,LogP_rdkit,MW_chembl,PSA_chembl,LogP_chembl,MW_diff_rdkit,PSA_diff_rdkit,HBD_diff_rdkit,HBA_diff_rdkit,LogP_diff_rdkit,pKa_pkasolver,N_pka_pkasolver,Type_pkasolver,pKa_acid_v1,pKa_base_v1,pKa_acid_v2,pKa_base_v2,FG_acid_v2,FG_base_v2,f_neutral_v2,fraction_ionized_v2,LogD74_calc_pkasolver_v2
Amphetamine,CHEMBL405,135.21,26.02,1,1,1.58,CC(N)Cc1ccccc1,ChEMBL,0.8,1,0.8,NA,NA,NA,ChEMBL_Fu,0.8,NA,0,NA,NA,0,NA,NA,9.87,-0.71,1.76,BASE,135.20999999999998,26.02,1,1,1.5763,135.21,26.02,1.58,2.842170943040401e-14,0,0,0,0.0037000000000000366,9.718,1,BASE,NA,9.71785472869873,NA,9.71785472869873,NA,aliphatic_amine,0.004786976790210965,0.995213023209789,-0.7399386782017237
Acetaminophen,CHEMBL112,151.16,49.33,2,2,1.35,CC(=O)Nc1ccc(O)cc1,ChEMBL,1,3,"1, 1, 0.52",NA,NA,NA,ChEMBL_Fu,1,9.5,3,"9.63, 0, 9.5",0.30000000000000004,4,"0.51, 0.27, 0.33, 0.2",NA,NA,0.46,0.46,NEUTRAL,151.165,49.33,2,2,1.3505999999999998,151.16,49.33,1.35,0.0049999999999954525,0,0,0,5.999999999997119e-4,"5.891, 9.547, 10.991",3,"BASE, ACID, ACID",9.54687282562256,5.890574645996094,9.54687282562256,NA,phenol,NA,0.9929198676662243,0.0070801323337756905,1.3469142007263688
Aspirin,CHEMBL25,180.16,63.60,1,3,1.31,CC(=O)Oc1ccccc1C(=O)O,ChEMBL,0.68,1,0.68,NA,NA,NA,ChEMBL_Fu,0.68,3.5,6,"3.5, 3.5, 3.5, 3.5, 3.5, 3.47",-2.57,2,"-2.57, -2.57",4.2,NA,-2.01,1.19,ACID,180.15899999999996,63.60000000000001,1,3,1.3101,180.16,63.6,1.31,0.0010000000000331966,7.105427357601002e-15,0,0,9.999999999998899e-5,3.646,1,ACID,3.6455733299255373,NA,3.6455733299255373,NA,carboxylate,NA,1.7599360613796983e-4,0.999824006393862,-2.4445031098531125
Enalapril,CHEMBL578,376.45,95.94,2,5,1.60,CCOC(=O)[C@H](CCc1ccccc1)N[C@@H](C)C(=O)N1CCC[C@H]1C(=O)O,ChEMBL,NA,0,NA,50,0.5,1,ChEMBL_PPB,0.5,2.96,4,"5.49, 3, 2.92, 2.92",-1.8,1,-1.8,7.23,NA,-0.32,0.07,ACID,376.45300000000026,95.94000000000001,2,5,1.6046,376.45,95.94,1.6,0.00300000000027012,1.4210854715202004e-14,0,0,0.0045999999999999375,"5.152, 7.108, 7.456",3,"ACID, BASE, BASE",5.152421379089356,7.456208782196045,5.152421379089356,7.10762300491333,carboxylate,aliphatic_amine,0.005606974805185788,0.9943930251948142,-0.6512713953895326
Ethinyl estradiol,CHEMBL691,296.41,40.46,2,2,3.61,C#C[C@]1(O)CC[C@H]2[C@@H]3CCc4cc(O)ccc4[C@H]3CC[C@@]21C,ChEMBL,0.014,1,0.014,NA,NA,NA,ChEMBL_Fu,0.014,NA,0,NA,NA,0,NA,12.19,NA,3.67,3.67,ACID,296.4100000000001,40.46,2,2,3.6126000000000023,296.41,40.46,3.61,5.684341886080802e-14,0,0,0,0.002600000000002378,"9.867, 10.367",2,"ACID, ACID",9.867010192871094,NA,9.867010192871094,NA,phenol,NA,0.9965997520932114,0.0034002479067886116,3.608520774803166
Ethosuximide,CHEMBL696,141.17,46.17,1,2,0.45,CCC1(C)CC(=O)NC1=O,ChEMBL,NA,0,NA,NA,NA,0,NA,NA,NA,0,NA,NA,0,NA,9.18,NA,0.37,0.38,ACID,141.17,46.17,1,2,0.4491999999999999,141.17,46.17,0.45,0,0,0,0,8.000000000001339e-4,"6.444, 9.415",2,"ACID, ACID",6.44419900894165,NA,6.44419900894165,NA,imide,NA,0.09967749498557205,0.9003225050144279,-0.5514028848864838
Ivermectin,CHEMBL6067487,875.1,170,3,14,4.1,CCC(C)C1C(CCC2(O1)CC3CC(O2)CC=C(C(C(C=CC=C4COC5C4(C(C=C(C5O)C)C(=O)O3)O)C)OC6CC(C(C(O6)C)OC7CC(C(C(O7)C)O)OC)OC)C)C,ChEMBL,NA,0,NA,NA,NA,0,NA,NA,NA,0,NA,NA,0,NA,NA,NA,NA,NA,NEUTRAL,875.1060000000001,170.06,3,14,5.601400000000006,875.1,170,4.1,0.0060000000000854925,0.060000000000002274,0,0,1.5014000000000065,"8.55, 8.702",2,"ACID, ACID",8.55029296875,NA,8.55029296875,NA,alcohol,NA,0.9339275773996842,0.06607242260031576,4.0703131996185595
Methohexital,CHEMBL7413,262.31,66.48,1,3,1.31,C=CCC1(C(C)C#CCC)C(=O)NC(=O)N(C)C1=O,ChEMBL,0.27,1,0.27,NA,NA,NA,ChEMBL_Fu,0.27,4.74,1,4.74,NA,0,NA,8.82,NA,2.21,2.23,ACID,262.30899999999997,66.48,1,3,1.3066,262.31,66.48,1.31,0.0010000000000331966,0,0,0,0.0034000000000000696,7.333,1,ACID,7.3327294921875,NA,7.3327294921875,NA,acidic_amide,NA,0.4613532223385834,0.5386467776614166,0.9740335583036244
Norethindrone,CHEMBL1162,298.43,37.30,1,2,3.49,C#C[C@]1(O)CC[C@H]2[C@@H]3CCC4=CC(=O)CC[C@@H]4[C@H]3CC[C@@]21C,ChEMBL,NA,0,NA,NA,NA,0,NA,NA,NA,0,NA,NA,0,NA,10.32,NA,2.97,2.97,ACID,298.42600000000004,37.3,1,2,3.4925000000000024,298.43,37.3,3.49,0.003999999999962256,0,0,0,0.002500000000002167,8.425,1,ACID,8.424506530761718,NA,8.424506530761718,NA,alcohol,NA,0.9136480042885222,0.08635199571147778,3.450778909914374
Phenobarbital,CHEMBL40,232.24,75.27,2,3,0.70,CCC1(c2ccccc2)C(=O)NC(=O)NC1=O,ChEMBL,0.49,1,0.49,NA,NA,NA,ChEMBL_Fu,0.49,7.49,7,"7.5, 7.5, 7.26, 7.49, 7.4, 7.5, 7.2",NA,0,NA,7.71,NA,1.3,1.47,ACID,232.23899999999995,75.27000000000001,2,3,0.7004,232.24,75.27,0.7,0.0010000000000616183,1.4210854715202004e-14,0,0,4.0000000000006697e-4,"7.575, 7.996",2,"ACID, ACID",7.574669151306153,NA,7.574669151306153,NA,acidic_amide,NA,0.5992138574930653,0.4007861425069347,0.4775818483549306
Theophylline,CHEMBL1355736,198.18,72.68,1,5,-1.04,Cn1c(=O)c2nc[nH]c2n(C)c1=O.O,ChEMBL,0.61,3,"0.46, 0.61, 0.989",NA,NA,NA,ChEMBL_Fu,0.61,6.7,4,"8.8, 0, 4.6, 8.8",-0.02,3,"-0.02, -5, -0.02",NA,3.19,-0.02,-0.02,BASE,198.18199999999996,104.18,1,3,-1.8643999999999998,198.18,72.68,-1.04,0.0019999999999527063,31.5,0,2,0.8243999999999998,"4.044, 5.608, 8.83",3,"ACID, BASE, BASE",4.043516082763672,8.830215187072755,4.043516082763672,8.830215187072755,acidic_aniline,heterocyclic_N_basic_5ring_polyhet,4.3472133754795134e-4,0.999565278662452,-4.401789042689524
Thiopental,CHEMBL441,242.34,58.20,2,3,1.35,CCCC(C)C1(CC)C(=O)NC(=S)NC1=O,ChEMBL,0.14,1,0.14,NA,NA,NA,ChEMBL_Fu,0.14,4.199999999999999,2,"0.8, 7.6",NA,0,NA,5.69,NA,1.13,2.85,ACID,242.34400000000002,58.2,2,3,1.3498999999999999,242.34,58.2,1.35,0.004000000000019099,0,0,0,1.0000000000021103e-4,"7.691, 8.148",2,"ACID, ACID",7.690595645904541,NA,7.690595645904541,NA,acidic_amide,NA,0.661306353787287,0.33869364621271303,1.1704026953964084
Tinidazole,CHEMBL1220,247.28,95.10,0,6,0.53,CCS(=O)(=O)CCn1c([N+](=O)[O-])cnc1C,ChEMBL,0.8,1,0.8,NA,NA,NA,ChEMBL_Fu,0.8,NA,0,NA,NA,0,NA,NA,3.09,-0.35,-0.35,BASE,247.27599999999998,95.1,0,5,0.5344200000000001,247.28,95.1,0.53,0.004000000000019099,0,0,1,0.0044200000000000905,3.467,1,BASE,NA,3.467329797744751,NA,3.467329797744751,NA,heterocyclic_N_basic_5ring_polyhet,0.9998832440321412,1.1675596785876152e-4,0.5299492905670576
Valproic Acid,CHEMBL109,144.21,37.30,1,1,2.29,CCCC(CCC)C(=O)O,ChEMBL,0.068,2,"0.084, 0.052",NA,NA,NA,ChEMBL_Fu,0.068,4.8,1,4.8,NA,0,NA,5.25,NA,0.6,2.75,ACID,144.214,37.3,1,1,2.2874,144.21,37.3,2.29,0.003999999999990678,0,0,0,0.0026000000000001577,4.837,1,ACID,4.836618785858154,NA,4.836618785858154,NA,carboxylate,NA,0.002725420604047074,0.9972745793959529,-0.27456646515948524
Zonisamide,CHEMBL750,212.23,86.19,1,4,0.62,NS(=O)(=O)Cc1noc2ccccc12,ChEMBL,0.308,1,0.308,NA,NA,NA,ChEMBL_Fu,0.308,NA,0,NA,NA,0,NA,7.61,NA,0.27,0.48,ACID,212.23000000000002,86.19000000000001,1,4,0.6163,212.23,86.19,0.62,2.842170943040401e-14,1.4210854715202004e-14,0,0,0.0037000000000000366,"2.56, 6.098, 8.089",3,"BASE, ACID, ACID",6.098102359771729,NA,6.098102359771729,NA,sulfonamide,NA,0.04752852513306994,0.9524714748669301,-0.7030456621728897
Alprazolam,CHEMBL661,308.77,43.07,0,4,3.58,Cc1nnc2n1-c1ccc(Cl)cc1C(c1ccccc1)=NC2,ChEMBL,0.29,3,"0.29, 0.29, 0.29",NA,NA,NA,ChEMBL_Fu,0.29,2.4,3,"6.2, 2.4, 2.4",2.12,1,2.12,NA,4.83,2.12,2.12,BASE,308.77200000000005,43.07,0,3,3.5801200000000017,308.77,43.07,3.58,0.002000000000066393,0,0,1,1.2000000000167432e-4,"3.366, 4.153",2,"BASE, BASE",NA,4.153007087707519,NA,4.153007087707519,NA,heterocyclic_N_basic_5ring_polyhet,0.9994340719257733,5.659280742267292e-4,3.579754150987217
Amitriptyline,CHEMBL629,277.41,3.24,0,1,4.17,CN(C)CCC=C1c2ccccc2CCc2ccccc21,ChEMBL,0.065,2,"0.06, 0.07",NA,NA,NA,ChEMBL_Fu,0.065,9.4,11,"9.4, 9.42, 9.4, 9.4, 9.4, 9.49, 9.4, 8.2, 9.4, 9.5, 9.4",2.84,6,"2.62, 2.499, 2.83, 9.4, 2.85, 3",NA,9.91,2.41,4.92,BASE,277.411,3.24,0,1,4.168600000000003,277.41,3.24,4.17,9.999999999763531e-4,0,0,0,0.0013999999999967372,9.494,1,BASE,NA,9.493635368347167,NA,9.493635368347167,NA,aliphatic_amine,0.007996096244870746,0.9920039037551293,2.072878012855374
Amlodipine,CHEMBL1491,408.88,99.88,2,7,2.27,CCOC(=O)C1=C(COCCN)NC(C)=C(C(=O)OC)C1c1ccccc1Cl,ChEMBL,0.005,1,0.005,NA,NA,NA,ChEMBL_Fu,0.005,9.145,6,"9.5, 9.03, 8.6, 8.6, 9.26, 9.45",1.66,1,1.66,NA,8.37,1.82,2.83,BASE,408.88200000000006,99.88000000000001,2,7,2.266300000000001,408.88,99.88,2.27,0.002000000000066393,1.4210854715202004e-14,0,0,0.0036999999999989264,"5.231, 6.789",2,"BASE, BASE",NA,6.789095344543457,NA,6.789095344543457,NA,aliphatic_amine,0.8032385959717784,0.19676140402822162,2.1748445683453284
Bupivacaine,CHEMBL1098,288.44,32.34,1,2,3.90,CCCCN1CCCCC1C(=O)Nc1c(C)cccc1C,ChEMBL,0.14400000000000002,2,"0.056, 0.232",NA,NA,NA,ChEMBL_Fu,0.14400000000000002,8.129999999999999,2,"8.16, 8.1",NA,0,NA,NA,7.13,3.22,3.41,BASE,288.43500000000006,32.34,1,2,3.8965400000000026,288.44,32.34,3.9,0.004999999999938609,0,0,0,0.003459999999997354,"5.629, 8.016, 10.075",3,"BASE, BASE, ACID",10.074686241149902,8.016181926727295,10.074686241149902,8.016181926727295,acidic_amide,aliphatic_amine,0.19476773380592008,0.80523226619408,3.1895170111118416
Buprenorphine,CHEMBL511142,467.65,62.16,2,5,4.41,CO[C@@]12CC[C@@]3(C[C@@H]1[C@](C)(O)C(C)(C)C)[C@H]1Cc4ccc(O)c5c4[C@@]3(CCN1CC1CC1)[C@H]2O5,ChEMBL,0.04,1,0.04,NA,NA,NA,ChEMBL_Fu,0.04,8.965,2,"9.62, 8.31",3.93,1,3.93,NA,NA,NA,NA,NEUTRAL,467.6500000000003,62.16,2,5,4.413800000000004,467.65,62.16,4.41,3.410605131648481e-13,0,0,0,0.0038000000000035783,"8.643, 9.459, 10.018",3,"BASE, ACID, ACID",9.458731498718262,8.642583236694335,9.458731498718262,8.642583236694335,phenol,aliphatic_amine,0.05408206579444193,0.945917934205558,3.1430532721715974
Bupropion,CHEMBL894,239.75,29.10,1,2,3.30,CC(NC(C)(C)C)C(=O)c1cccc(Cl)c1,ChEMBL,0.195,1,0.195,NA,NA,NA,ChEMBL_Fu,0.195,8.35,3,"8.2, 8.35, 8.6",NA,0,NA,NA,6.66,1.76,1.83,BASE,239.746,29.1,1,2,3.2993000000000023,239.75,29.1,3.3,0.003999999999990678,0,0,0,6.999999999974804e-4,8.376,1,BASE,NA,8.376285762786866,NA,8.376285762786866,NA,aliphatic_amine,0.09552375823612969,0.9044762417638703,2.2801114007734067
Caffeine,CHEMBL113,194.19,61.82,0,6,-1.03,Cn1c(=O)c2c(ncn2C)n(C)c1=O,ChEMBL,0.64,4,"0.64, 0.64, 0.64, 0.989",NA,NA,NA,ChEMBL_Fu,0.64,0.6,3,"0.6, 0, 3.6",-0.1,6,"-0.07, -0.14, -0.13, 0.02, -0.3, 0",NA,2.43,-0.07,-0.07,BASE,194.194,61.82,0,3,-1.0293,194.19,61.82,-1.03,0.003999999999990678,0,0,3,6.999999999999229e-4,3.649,1,BASE,NA,3.648952217102051,NA,3.648952217102051,NA,heterocyclic_N_basic_5ring_polyhet,0.9998226320361885,1.7736796381151443e-4,-1.0300770367600784
Chloramphenicol,CHEMBL130,323.13,112.70,3,5,0.91,O=C(N[C@H](CO)[C@H](O)c1ccc([N+](=O)[O-])cc1)C(Cl)Cl,ChEMBL,0.47,3,"0.47, 0.47, 0.34",NA,NA,NA,ChEMBL_Fu,0.47,0.645,2,"1.29, 0",1.045,4,"1, 1.14, 1.04, 1.05",9.39,NA,1.14,1.14,ACID,323.13199999999995,112.70000000000002,3,5,0.9089999999999998,323.13,112.7,0.91,0.0019999999999527063,1.4210854715202004e-14,0,0,0.001000000000000223,"5.475, 8.027, 8.712, 9.126",4,"BASE, ACID, ACID, ACID",8.026658191680909,5.475377006530762,8.026658191680909,NA,alcohol,NA,0.808908557722789,0.19109144227721098,0.8178994299917872
Chlorpromazine,CHEMBL71,318.87,6.48,0,3,4.89,CN(C)CCCN1c2ccccc2Sc2ccc(Cl)cc21,ChEMBL,0.03,6,"0.03, 0.03, 0.056, 0.003, 0.0013, 0.302",NA,NA,NA,ChEMBL_Fu,0.03,9.25,19,"9.24, 9.25, 9.3, 9.2, 9.22, 9.41, 9.3, 9.22, 9.54, 9.3, 9.24, 9.25, 9.2, 9.22, 9.36, 9.19, 9.3, 9.22, 9.3",3.23,7,"3.167, 3.221, 9.36, 3.38, 3.7, 3.23, 3.18",NA,4.54,5.41,5.41,BASE,318.8730000000001,6.48,0,3,4.894400000000004,318.87,6.48,4.89,0.0030000000000995897,0,0,0,0.004400000000003956,"4.667, 9.257",2,"BASE, BASE",NA,9.256706657409667,NA,9.256706657409667,NA,aliphatic_amine,0.013718113749374978,0.9862818862506251,3.0272943996684845
Clemastine,CHEMBL1626,343.90,12.47,0,2,5.10,CN1CCC[C@@H]1CCO[C@](C)(c1ccccc1)c1ccc(Cl)cc1,ChEMBL,NA,0,NA,NA,NA,0,NA,NA,9.2,1,9.2,NA,0,NA,NA,10.03,1.47,4.1,BASE,343.898,12.47,0,2,5.104400000000005,343.9,12.47,5.1,0.0019999999999527063,0,0,0,0.004400000000005733,9.146,1,BASE,NA,9.145569267272949,NA,9.145569267272949,NA,aliphatic_amine,0.017648094660263052,0.9823519053397369,3.346697824556657
Clindamycin,CHEMBL1753,424.99,102.26,4,7,0.39,CCC[C@@H]1C[C@@H](C(=O)N[C@@H]([C@H]2O[C@H](SC)[C@H](O)[C@@H](O)[C@H]2O)[C@H](C)Cl)N(C)C1,ChEMBL,0.08,2,"0.06, 0.1",NA,NA,NA,ChEMBL_Fu,0.08,NA,0,NA,NA,0,NA,NA,6.58,2.1,2.16,BASE,424.9910000000001,102.26,4,7,0.3895000000000004,424.99,102.26,0.39,0.00100000000009004,0,0,0,4.999999999996119e-4,"5.377, 7.217, 8.043, 8.149, 8.231, 8.704",6,"BASE, BASE, ACID, ACID, ACID, ACID",8.042730140686036,7.217128391265869,8.042730140686036,7.217128391265869,alcohol,aliphatic_amine,0.5307882593838689,0.46921174061613113,0.11492130804848094
Clomipramine,CHEMBL415,314.86,6.48,0,2,4.53,CN(C)CCCN1c2ccccc2CCc2ccc(Cl)cc21,ChEMBL,0.0345,4,"0.04, 0.029, 0.004, 0.186",NA,NA,NA,ChEMBL_Fu,0.0345,9.38,8,"9.38, 9.38, 9.2, 9.38, 9.38, 9.1, 9.38, 9.4",3.2800000000000002,2,"3.32, 3.24",NA,7.42,4.88,5.19,BASE,314.86,6.48,0,2,4.528400000000004,314.86,6.48,4.53,0,0,0,0,0.001599999999996271,"5.462, 8.767",2,"BASE, BASE",NA,8.766977272033692,NA,8.766977272033692,NA,aliphatic_amine,0.041186680105485075,0.9588133198945149,3.144756786615895
Clonazepam,CHEMBL452,315.72,84.60,1,4,3.04,O=C1CN=C(c2ccccc2Cl)c2cc([N+](=O)[O-])ccc2N1,ChEMBL,0.15,1,0.15,NA,NA,NA,ChEMBL_Fu,0.15,NA,0,NA,NA,0,NA,8.75,NA,2.39,2.41,ACID,315.716,84.6,1,4,3.037700000000001,315.72,84.6,3.04,0.004000000000019099,0,0,0,0.0022999999999990806,"5.923, 9.462",2,"BASE, ACID",9.461673698425294,5.923081684112549,9.461673698425294,NA,acidic_amide,NA,0.9913984928257441,0.008601507174255896,3.0362482543331426
Codeine,CHEMBL485,299.37,41.93,1,4,1.50,COc1ccc2c3c1O[C@H]1[C@@H](O)C=C[C@H]4[C@@H](C2)N(C)CC[C@@]341,ChEMBL,0.815,2,"0.93, 0.7",NA,NA,NA,ChEMBL_Fu,0.815,8.2,7,"8.2, 8.22, 7.9, 8.2, 8.2, 9.48, 8.4",0.225,2,"0.22, 0.23",NA,7.95,0.48,1.14,BASE,299.3700000000001,41.93,1,4,1.5010999999999999,299.37,41.93,1.5,1.1368683772161603e-13,0,0,0,0.0010999999999998789,"8.01, 8.785",2,"BASE, ACID",8.784990501403808,8.010235786437988,8.784990501403808,8.010235786437988,alcohol,aliphatic_amine,0.19541838569621428,0.8045816143037857,0.7909654213621797
Colchicine,CHEMBL107,399.44,83.09,1,6,2.87,COc1cc2c(c(OC)c1OC)-c1ccc(OC)c(=O)cc1[C@@H](NC(C)=O)CC2,ChEMBL,0.61,3,"0.61, 0.61, 0.61",NA,NA,NA,ChEMBL_Fu,0.61,NA,0,NA,1.03,1,1.03,NA,7.16,1.1,1.3,BASE,399.4430000000002,83.09,1,6,2.871600000000001,399.44,83.09,2.87,0.0030000000002132765,0,0,0,0.001600000000000712,"6.212, 9.577",2,"BASE, ACID",9.577218742370606,6.212011814117432,9.577218742370606,NA,acidic_amide,NA,0.9933945406151402,0.006605459384859791,2.867121768919488
Cotinine,CHEMBL578211,176.22,33.20,0,2,1.37,CN1C(=O)CC[C@H]1c1cccnc1,ChEMBL,NA,0,NA,NA,NA,0,NA,NA,4.5,1,4.5,NA,0,NA,NA,3.52,0.07,0.07,BASE,176.21900000000002,33.2,0,2,1.3749,176.22,33.2,1.37,9.999999999763531e-4,0,0,0,0.0048999999999999044,"3.112, 4.966",2,"BASE, BASE",NA,4.966265573501587,NA,3.1118795013427736,NA,heterocyclic_N_basic_6ring,0.9999484940820071,5.150591799285564e-5,1.3699776306879494
Desipramine,CHEMBL72,266.39,15.27,1,2,3.53,CNCCCN1c2ccccc2CCc2ccccc21,ChEMBL,0.155,4,"0.18, 0.15, 0.16, 0.011",NA,NA,NA,ChEMBL_Fu,0.155,10.2,14,"10.23, 10.23, 10.44, 10.2, 5.32, 10.2, 9.8, 3.35, 10.16, 10.23, 10.2, 10.2, 10, 10.2",1.28,7,"1.05, 1.28, 1.45, 10.2, 0.89, 1.09, 1.39",NA,7.06,4.74,4.9,BASE,266.388,15.27,1,2,3.5328000000000026,266.39,15.27,3.53,0.0020000000000095497,0,0,0,0.0028000000000028002,"5.907, 9.533",2,"BASE, BASE",NA,9.533452758789062,NA,9.533452758789062,NA,aliphatic_amine,0.00730070757705182,0.9926992924229482,1.393364953533771
Diazepam,CHEMBL12,284.75,32.67,0,2,3.15,CN1C(=O)CN=C(c2ccccc2)c2cc(Cl)ccc21,ChEMBL,0.02,9,"0.013, 0.02, 0.023, 0.023, 0.019, 0.016, 0.019, 0.02, 0.023",NA,NA,NA,ChEMBL_Fu,0.02,3.55,5,"3.55, 3.55, 3.4, 3.6, 0.09",3.16,4,"2.79, 3.53, 3.64, 2.1",NA,3.6,2.91,2.91,BASE,284.74600000000004,32.67,0,2,3.153800000000002,284.75,32.67,3.15,0.003999999999962256,0,0,0,0.003800000000002246,3.351,1,BASE,NA,3.3506526851654055,NA,NA,NA,NA,1,0,3.15
Dothiepin,CHEMBL1492500,295.45,3.24,0,2,4.68,CN(C)CC/C=C1\c2ccccc2CSc2ccccc21,ChEMBL,NA,0,NA,NA,NA,0,NA,NA,9.25,1,9.25,2.66,1,2.66,9.11,NA,4.48,4.49,ACID,295.451,3.24,0,2,4.675700000000004,295.45,3.24,4.68,0.0010000000000331966,0,0,0,0.004299999999995308,9.305,1,BASE,NA,9.305014457702637,NA,9.305014457702637,NA,aliphatic_amine,0.012291764116487868,0.9877082358835121,2.7696142173921308
Doxepin,CHEMBL1628227,279.38,12.47,0,2,3.96,CN(C)CCC=C1c2ccccc2COc2ccccc21,ChEMBL,0.2,1,0.2,NA,NA,NA,ChEMBL_Fu,0.2,9,5,"9, 8, 9, 9.37, 8",2.217,5,"2.27, 2.217, 2.199, 2.217, 2.3",NA,10.11,1.58,4.29,BASE,279.383,12.47,0,2,3.9624000000000033,279.38,12.47,3.96,0.002999999999985903,0,0,0,0.0024000000000032884,8.953,1,BASE,NA,8.952740783691405,NA,8.952740783691405,NA,aliphatic_amine,0.027243527868020395,0.9727564721319796,2.395263345326245
Duloxetine,CHEMBL1175,297.42,21.26,1,3,4.63,CNCC[C@H](Oc1cccc2ccccc12)c1cccs1,ChEMBL,NA,0,NA,NA,NA,0,NA,NA,9.97,1,9.97,NA,0,NA,NA,5.24,3.77,3.77,BASE,297.423,21.259999999999998,1,3,4.630900000000003,297.42,21.26,4.63,0.002999999999985903,3.552713678800501e-15,0,0,9.000000000032315e-4,9.844,1,BASE,NA,9.844199180603027,NA,9.844199180603027,NA,aliphatic_amine,0.003582960045738027,0.996417039954262,2.1842419652935874
Escitalopram,CHEMBL1508,324.40,36.26,0,3,3.81,CN(C)CCC[C@@]1(c2ccc(F)cc2)OCc2cc(C#N)ccc21,ChEMBL,NA,0,NA,NA,NA,0,NA,NA,NA,0,NA,NA,0,NA,NA,7.36,2.22,2.5,BASE,324.39900000000006,36.26,0,3,3.812980000000003,324.4,36.26,3.81,9.999999999195097e-4,0,0,0,0.0029800000000030913,9.606,1,BASE,NA,9.605813484191895,NA,9.605813484191895,NA,aliphatic_amine,0.006187156775982517,0.9938128432240175,1.601491120720416
Fluoxetine,CHEMBL41,309.33,21.26,1,2,4.44,CNCCC(Oc1ccc(C(F)(F)F)cc1)c1ccccc1,ChEMBL,0.06,5,"0.04, 0.063, 0.056, 0.079, 0.06",NA,NA,NA,ChEMBL_Fu,0.06,10.2,6,"10.2, 10.2, 9.5, 10.2, 10.1, 10.5",2.92,2,"2.84, 3",NA,12.54,-1.09,4.05,BASE,309.33099999999996,21.259999999999998,1,2,4.435000000000003,309.33,21.26,4.44,9.999999999763531e-4,3.552713678800501e-15,0,0,0.004999999999997229,9.746,1,BASE,NA,9.746043128967285,NA,9.746043128967285,NA,aliphatic_amine,0.004487491019869559,0.9955125089801304,2.092003592500025
Fluvoxamine,CHEMBL814,318.34,56.84,1,4,3.20,COCCCC/C(=N\OCCN)c1ccc(C(F)(F)F)cc1,ChEMBL,0.022,1,0.022,NA,NA,NA,ChEMBL_Fu,0.022,9.45,2,"9.5, 9.4",2.41,1,2.41,NA,7.05,1.7,1.86,BASE,318.339,56.84,1,4,3.201500000000001,318.34,56.84,3.2,9.999999999763531e-4,0,0,0,0.001500000000000945,9.595,1,BASE,NA,9.594550819396973,NA,9.594550819396973,NA,aliphatic_amine,0.006348676470891923,0.9936513235291081,1.0026831959534772
Hydralazine,CHEMBL276832,160.18,63.83,2,4,0.92,NNc1nncc2ccccc12,ChEMBL,0.12,1,0.12,NA,NA,NA,ChEMBL_Fu,0.12,7.3,1,7.3,NA,0,NA,NA,7.15,0.81,1,BASE,160.17999999999998,63.83,2,4,0.9153999999999998,160.18,63.83,0.92,2.842170943040401e-14,0,0,0,0.0046000000000002705,"2.728, 3.532, 5.767, 8.65",4,"BASE, BASE, BASE, ACID",8.649924926757812,5.767066478729248,8.649924926757812,5.767066478729248,acidic_aniline,heterocyclic_N_basic_polyhet,0.9263304830435838,0.07366951695641621,0.8867659557493095
Hydromorphone,CHEMBL398707,285.34,49.77,1,4,1.63,CN1CC[C@]23c4c5ccc(O)c4O[C@H]2C(=O)CC[C@H]3[C@H]1C5,ChEMBL,0.86,1,0.86,NA,NA,NA,ChEMBL_Fu,0.86,NA,0,NA,NA,0,NA,NA,7.38,1.28,1.57,BASE,285.34299999999996,49.77,1,4,1.6302999999999999,285.34,49.77,1.63,0.002999999999985903,0,0,0,2.9999999999996696e-4,"7.934, 8.622",2,"BASE, ACID",8.622216873168945,7.934489612579346,8.622216873168945,7.934489612579346,phenol,aliphatic_amine,0.22303500380324842,0.7769649961967515,0.9783730279163795
Hydroxychloroquine,CHEMBL1535,335.88,48.39,2,4,3.78,CCN(CCO)CCCC(C)Nc1ccnc2cc(Cl)ccc12,ChEMBL,0.57,1,0.57,NA,NA,NA,ChEMBL_Fu,0.57,NA,0,NA,NA,0,NA,9.88,8.56,2.77,4.6,AMPHOLYTE,335.8790000000001,48.39,2,4,3.783000000000002,335.88,48.39,3.78,9.999999999195097e-4,0,0,0,0.003000000000002334,"5.21, 5.784, 8.21, 8.968",4,"BASE, BASE, BASE, ACID",8.967913990020753,8.20999053955078,8.967913990020753,8.20999053955078,alcohol,aliphatic_amine,0.13362826722009807,0.8663717327799019,2.9058983368758655
Imipramine,CHEMBL11,280.42,6.48,0,2,3.88,CN(C)CCCN1c2ccccc2CCc2ccccc21,ChEMBL,0.13849999999999998,8,"0.1, 0.1, 0.075, 0.105, 0.172, 0.181, 0.22, 0.472",NA,NA,NA,ChEMBL_Fu,0.13849999999999998,9.5,15,"9.51, 9.45, 9.5, 9.5, 3.52, 9.5, 9.45, 2.1, 9.51, 9.45, 9.4, 10.2, 9.5, 9.5, 9",2.455,10,"2.52, 2.31, 2.4, 2.49, 2.581, 2.49, 1.33, 1.43, 2.52, 2.42",NA,7.89,4.19,4.8,BASE,280.415,6.48,0,2,3.8750000000000027,280.42,6.48,3.88,0.0049999999999954525,0,0,0,0.004999999999997229,"5.813, 9.018",2,"BASE, BASE",NA,9.018177070617675,NA,9.018177070617675,NA,aliphatic_amine,0.023522589535197726,0.9764774104648023,2.251485130284272
Isoniazid,CHEMBL64,137.14,68.01,2,3,-0.31,NNC(=O)c1ccncc1,ChEMBL,1,1,1,NA,NA,NA,ChEMBL_Fu,1,0.925,2,"1.8, 0.05",NA,0,NA,11.19,5.67,-1.77,-0.7,AMPHOLYTE,137.142,68.00999999999999,2,3,-0.3149000000000006,137.14,68.01,-0.31,0.0020000000000095497,1.4210854715202004e-14,0,0,0.004900000000000626,"3.853, 8.519",2,"BASE, ACID",8.518807392120362,3.8529124450683594,8.518807392120362,3.8529124450683594,acidic_amide,heterocyclic_N_basic_6ring,0.9290657465973476,0.07093425340265236,-0.341953551480956
Levodopa,CHEMBL1009,197.19,103.78,4,4,0.05,N[C@@H](Cc1ccc(O)c(O)c1)C(=O)O,ChEMBL,0.76,1,0.76,NA,NA,NA,ChEMBL_Fu,0.76,7.470000000000001,2,"12.73, 2.21",-1.22,1,-1.22,4.03,NA,-5.76,-2.39,ACID,197.18999999999997,103.78000000000002,4,4,0.052200000000000135,197.19,103.78,0.05,2.842170943040401e-14,1.4210854715202004e-14,0,0,0.0022000000000001324,"5.557, 9.214",2,"ACID, BASE",5.556838912963867,9.213680267333984,5.556838912963867,9.213680267333984,carboxylate,aliphatic_amine,0.007363587046904671,0.9926364129530953,-2.0829105749044863
Methadone,CHEMBL651,309.45,20.31,0,2,4.29,CCC(=O)C(CC(C)N(C)C)(c1ccccc1)c1ccccc1,ChEMBL,0.16,2,"0.11, 0.21",NA,NA,NA,ChEMBL_Fu,0.16,8.775,2,"8.25, 9.3",NA,0,NA,NA,NA,NA,NA,NEUTRAL,309.45300000000003,20.310000000000002,0,2,4.292000000000004,309.45,20.31,4.29,0.0030000000000427463,3.552713678800501e-15,0,0,0.0020000000000042206,8.886,1,BASE,NA,8.886227874755859,NA,8.886227874755859,NA,aliphatic_amine,0.03160985378065736,0.9683901462193426,2.789822486905681
Methylphenidate,CHEMBL796,233.31,38.33,1,3,2.09,COC(=O)C(c1ccccc1)C1CCCCN1,ChEMBL,0.85,1,0.85,NA,NA,NA,ChEMBL_Fu,0.85,9.24,2,"9.24, 9.24",0.125,2,"-0.15, 0.4",NA,10.54,-2.93,0.21,BASE,233.31099999999995,38.33,1,3,2.0852999999999997,233.31,38.33,2.09,9.999999999479314e-4,0,0,0,0.0047000000000001485,9.279,1,BASE,NA,9.279280853271484,NA,9.279280853271484,NA,aliphatic_amine,0.013032330148130404,0.9869676698518696,0.20502207342561296
Metoprolol,CHEMBL13,267.37,50.72,2,4,1.61,COCCc1ccc(OCC(O)CNC(C)C)cc1,ChEMBL,0.89,4,"0.89, 0.89, 0.88, 0.974",NA,NA,NA,ChEMBL_Fu,0.89,9.7,17,"9.6, 9.7, 9.7, 9.7, 9.7, 9.18, 6.55, 9.63, 9.7, 9.18, 2.45, 9.56, 9.7, 9.7, 13.74, 9.7, 9.17",-0.16,7,"0.07, -0.16, -0.24, 0.07, -0.37, 0.05, -0.28",NA,10.43,-1.15,1.88,BASE,267.36899999999997,50.72,2,4,1.6132,267.37,50.72,1.61,0.0010000000000331966,0,0,0,0.0031999999999998696,9.601,1,BASE,NA,9.600602073669434,NA,9.600602073669434,NA,aliphatic_amine,0.006261380471555046,0.993738619528445,-0.5933299055941379
Metronidazole,CHEMBL137,171.16,81.19,1,5,0.09,Cc1ncc([N+](=O)[O-])n1CCO,ChEMBL,0.89,3,"0.89, 0.89, 0.96",NA,NA,NA,ChEMBL_Fu,0.89,0,1,0,-0.02,2,"-0.02, -0.02",NA,3.33,-0.02,-0.02,BASE,171.15599999999998,81.19,1,4,0.09201999999999994,171.16,81.19,0.09,0.004000000000019099,0,0,1,0.0020199999999999385,"4.049, 7.258",2,"BASE, ACID",7.258438034057617,4.049307346343994,7.258438034057617,4.049307346343994,alcohol,heterocyclic_N_basic_5ring_polyhet,0.4191459483084974,0.5808540516915026,-0.2876347276103982
Mianserin,CHEMBL6437,264.37,6.48,0,2,3.08,CN1CCN2c3ccccc3Cc3ccccc3C2C1,ChEMBL,0.839,1,0.839,NA,NA,NA,ChEMBL_Fu,0.839,7.1,3,"7.1, 7.1, 8.4",4.08,1,4.08,NA,8.02,3.53,4.24,BASE,264.372,6.48,0,2,3.0839000000000016,264.37,6.48,3.08,0.0020000000000095497,0,0,0,0.003900000000001569,"6.586, 7.47",2,"BASE, BASE",NA,7.469741668701172,NA,7.469741668701172,NA,aliphatic_amine,0.45993952099275964,0.5400604790072403,2.742700728581742
Minoxidil,CHEMBL802,209.25,95.11,2,5,-0.13,Nc1cc(N2CCCCC2)nc(N)[n+]1[O-],ChEMBL,NA,0,NA,NA,NA,0,NA,NA,4.6,1,4.6,NA,0,NA,NA,5.59,1.23,1.24,BASE,209.25300000000001,95.11,2,5,-0.13029999999999975,209.25,95.11,-0.13,0.0030000000000143245,0,0,0,2.999999999997449e-4,"3.709, 4.305, 5.015, 5.117, 9.772, 10.17",6,"BASE, BASE, ACID, BASE, BASE, ACID",5.014851360321045,9.77235378265381,10.169734115600585,9.77235378265381,acidic_aniline,aliphatic_amine,0.00422478292844518,0.9957752170715548,-2.5041956004185
Morphine,CHEMBL70,285.34,52.93,2,4,1.20,CN1CC[C@]23c4c5ccc(O)c4O[C@H]2[C@@H](O)C=C[C@H]3[C@H]1C5,ChEMBL,0.65,3,"0.65, 0.61, 0.65",NA,NA,NA,ChEMBL_Fu,0.65,8.18,15,"8.18, 8.18, 9.26, 9.26, 9.46, 8.18, 8.17, 8.13, 9.6, 7.93, 8.18, 8.18, 8.18, 8.3, 7.93",-0.07500000000000001,4,"-0.07, -0.02, -0.08, -0.44",NA,8.06,0.14,0.89,BASE,285.343,52.93000000000001,2,4,1.1981,285.34,52.93,1.2,0.0030000000000427463,7.105427357601002e-15,0,0,0.0019000000000000128,"7.797, 8.177, 8.618",3,"BASE, ACID, ACID",8.176908836364746,7.7969005584716795,8.176908836364746,7.7969005584716795,alcohol,aliphatic_amine,0.27313689798150226,0.7268631020184977,0.6363803728139645
Naltrexone,CHEMBL19019,341.41,70.00,2,5,1.53,O=C1CC[C@@]2(O)[C@H]3Cc4ccc(O)c5c4[C@@]2(CCN3CC2CC2)[C@H]1O5,ChEMBL,0.79,1,0.79,NA,NA,NA,ChEMBL_Fu,0.79,8.1,1,8.1,NA,0,NA,NA,6.87,1.81,1.92,BASE,341.4070000000001,70,2,5,1.5253999999999999,341.41,70,1.53,0.0029999999999290594,0,0,0,0.0046000000000001595,"8.497, 9.005, 9.103",3,"BASE, ACID, ACID",9.00490478515625,8.49729148864746,9.00490478515625,8.49729148864746,alcohol,aliphatic_amine,0.07387804360621407,0.9261219563937859,0.3985153861959849
Nicotine,CHEMBL3,162.24,16.13,0,2,1.85,CN1CCC[C@H]1c1cccnc1,ChEMBL,0.95,3,"0.95, 0.95, 0.95",NA,NA,NA,ChEMBL_Fu,0.95,8.08,9,"8.1, 8.1, 8, 8.08, 3.4, 7.66, 7.9, 8.11, 8.1",0.4,1,0.4,NA,NA,NA,NA,NEUTRAL,162.236,16.130000000000003,0,2,1.8483,162.24,16.13,1.85,0.004000000000019099,3.552713678800501e-15,0,0,0.0017000000000000348,"4.932, 8.293",2,"BASE, BASE",NA,8.292937088012696,NA,8.292937088012696,NA,aliphatic_amine,0.11344111780481964,0.8865588821951804,0.9047704972296231
Nortriptyline,CHEMBL445,263.38,12.03,1,1,3.83,CNCCC=C1c2ccccc2CCc2ccccc21,ChEMBL,0.12,3,"0.12, 0.12, 0.006",NA,NA,NA,ChEMBL_Fu,0.12,10.1,9,"10.1, 9.7, 9.7, 10.41, 10.1, 10.41, 10.13, 10.1, 13.9",2.23,5,"2.02, 1.98, 9.73, 2.23, 2.8",NA,10.71,1.2,4.51,BASE,263.38399999999996,12.03,1,1,3.826400000000003,263.38,12.03,3.83,0.003999999999962256,0,0,0,0.003599999999996939,9.794,1,BASE,NA,9.793729705810547,NA,9.793729705810547,NA,aliphatic_amine,0.004022719271125603,0.9959772807288744,1.434519726020162
Paroxetine,CHEMBL490,329.37,39.72,1,4,3.33,Fc1ccc([C@@H]2CCNC[C@H]2COc2ccc3c(c2)OCO3)cc1,ChEMBL,0.074,7,"0.05, 0.06, 0.005, 0.074, 0.089, 0.099, 0.136",NA,NA,NA,ChEMBL_Fu,0.074,9.805,8,"9.51, 11.2, 10.1, 9.51, 10.1, 9.51, 9.5, 10.34",2.285,2,"2.27, 2.3",NA,NA,NA,NA,NEUTRAL,329.3710000000001,39.72,1,4,3.326500000000002,329.37,39.72,3.33,0.00100000000009004,0,0,0,0.0034999999999980602,9.788,1,BASE,NA,9.788445777893067,NA,9.788445777893067,NA,aliphatic_amine,0.004071760911524089,0.9959282390884759,0.9397822688733397
Pefloxacin,CHEMBL267648,333.36,65.78,1,5,1.61,CCn1cc(C(=O)O)c(=O)c2cc(F)c(N3CCN(C)CC3)cc21,ChEMBL,0.75,1,0.75,NA,NA,NA,ChEMBL_Fu,0.75,NA,0,NA,0.37,1,0.37,-1.71,7.17,0.07,0.27,AMPHOLYTE,333.36300000000006,65.78,1,4,1.6105000000000003,333.36,65.78,1.61,0.0030000000000427463,0,0,1,5.00000000000167e-4,"5.194, 6.607, 6.86",3,"BASE, ACID, BASE",6.607101039886475,6.860183143615723,6.607101039886475,6.860183143615723,carboxylate,aliphatic_amine,0.13340856087449232,0.8665914391255076,0.7351836993051101
Prednisolone,CHEMBL131,360.45,94.83,3,5,1.56,C[C@]12C=CC(=O)C=C1CC[C@@H]1[C@@H]2[C@@H](O)C[C@@]2(C)[C@H]1CC[C@]2(O)C(=O)CO,ChEMBL,0.25,5,"0.075, 0.075, 0.25, 0.98, 0.41",NA,NA,NA,ChEMBL_Fu,0.25,0,1,0,1.6,1,1.6,8.59,NA,1.59,1.62,ACID,360.4500000000002,94.83,3,5,1.5575999999999999,360.45,94.83,1.56,2.2737367544323206e-13,0,0,0,0.0024000000000001798,"6.694, 7.029, 8.285",3,"ACID, ACID, ACID",6.693532009124755,NA,6.693532009124755,NA,alcohol,NA,0.16428256397300636,0.8357174360269937,0.7755914723082217
Propranolol,CHEMBL27,259.35,41.49,2,3,2.58,CC(C)NCC(O)COc1cccc2ccccc12,ChEMBL,0.216,11,"0.13, 0.1, 0.13, 0.216, 0.213, 0.231, 0.315, 0.15, 0.915, 0.421, 0.244",NA,NA,NA,ChEMBL_Fu,0.216,9.475,24,"9.45, 9.45, 9.5, 9.5, 9.15, 6.49, 9.68, 9.53, 9.64, 9.45, 9.17, 2.3, 9.53, 9.45, 9.6, 9.6, 10.17, 9.5, 9.45, 9.56, 9.51, 9.43, 9.35, 7.5",1.26,15,"1.54, 1.18, 1.26, 1.25, 1.33, 0.69, 0.72, 1.4, 1.54, 1.62, 1.38, 1.26, 0.2, 1.26, 1.2",NA,8.86,2.01,3.48,BASE,259.34900000000005,41.489999999999995,2,3,2.5775000000000006,259.35,41.49,2.58,9.999999999763531e-4,7.105427357601002e-15,0,0,0.0024999999999995026,9.543,1,BASE,NA,9.543197212219239,NA,9.543197212219239,NA,aliphatic_amine,0.007139879052711462,0.9928601209472885,0.43369085502758864
Quinine,CHEMBL170,324.42,45.59,1,4,3.17,C=C[C@H]1CN2CC[C@H]1C[C@H]2[C@H](O)c1ccnc2ccc(OC)cc12,ChEMBL,0.3,1,0.3,NA,NA,NA,ChEMBL_Fu,0.3,8.56,9,"8.8, 9.13, 8.5, 8.8, 8.55, 8.56, 1.6, 3.1, 8.8",NA,0,NA,NA,8.25,2.53,3.44,BASE,324.4240000000001,45.59,1,4,3.1732000000000014,324.42,45.59,3.17,0.004000000000075943,0,0,0,0.003200000000001424,"6.88, 9.417, 10.594",3,"BASE, BASE, ACID",10.594068183898926,9.416836929321288,10.594068183898926,9.416836929321288,alcohol,aliphatic_amine,0.009528018530802727,0.9904719814691972,1.1490025931239174
Risperidone,CHEMBL85,410.49,64.16,0,6,3.59,Cc1nc2n(c(=O)c1CCN1CCC(c3noc4cc(F)ccc34)CC1)CCCC2,ChEMBL,0.1745,8,"0.11, 0.11, 0.1, 0.163, 0.222, 0.186, 0.276, 0.932",NA,NA,NA,ChEMBL_Fu,0.1745,8.3,11,"7.91, 8.3, 8.7, 3.16, 3.16, 8.63, 8.3, 8.3, 8.3, 13, 8.2",1.71,3,"2.04, 1.66, 1.71",NA,7.61,3.56,3.98,BASE,410.4930000000003,64.16,0,5,3.5904200000000026,410.49,64.16,3.59,0.00300000000027012,0,0,1,4.200000000027515e-4,"4.504, 6.14, 7.873",3,"BASE, BASE, BASE",NA,7.873133888244629,NA,7.873133888244629,NA,aliphatic_amine,0.25172543277576986,0.7482745672242301,2.990927096184765
Sumatriptan,CHEMBL128,295.41,65.20,2,3,1.32,CNS(=O)(=O)Cc1ccc2[nH]cc(CCN(C)C)c2c1,ChEMBL,0.82,4,"0.82, 0.82, 0.83, 0.68",NA,NA,NA,ChEMBL_Fu,0.82,9.5,6,"9.5, 9.5, 9.4, 9.68, 9.5, 8.7",-1.17,6,"-1.17, -1.17, -1.17, -1, 0, -1.7",10.22,NA,0.93,0.93,ACID,295.408,65.2,2,3,1.3211999999999997,295.41,65.2,1.32,0.0020000000000095497,0,0,0,0.0011999999999996458,"6.868, 7.935, 8.289, 8.793, 10.176",5,"BASE, ACID, BASE, ACID, ACID",7.934595928192139,8.289345149993897,7.934595928192139,8.289345149993897,sulfonamide,aliphatic_amine,0.11058534380042734,0.8894146561995726,0.3636975724625804
Temazepam,CHEMBL967,300.75,52.90,1,3,2.47,CN1C(=O)C(O)N=C(c2ccccc2)c2cc(Cl)ccc21,ChEMBL,NA,0,NA,NA,NA,0,NA,NA,NA,0,NA,NA,0,NA,NA,4.19,2.19,2.19,BASE,300.74500000000006,52.900000000000006,1,3,2.4722,300.75,52.9,2.47,0.004999999999938609,7.105427357601002e-15,0,0,0.0021999999999997577,"2.84, 10.291",2,"BASE, ACID",10.291334495544433,NA,10.291334495544433,NA,alcohol,NA,0.9987173501958726,0.0012826498041274004,2.469442594713494
Timolol,CHEMBL499,316.43,79.74,2,8,0.50,CC(C)(C)NC[C@H](O)COc1nsnc1N1CCOCC1,ChEMBL,0.9,3,"0.9, 0.9, 0.988",NA,NA,NA,ChEMBL_Fu,0.9,8.8,7,"8.8, 9.3, 9.53, 8.8, 9.53, 8.8, 3.9",NA,0,NA,NA,9.6,-0.37,1.83,BASE,316.4270000000002,79.74,2,8,0.5024999999999997,316.43,79.74,0.5,0.0029999999998153726,0,0,0,0.0024999999999997247,"4.46, 4.685, 9.199",3,"BASE, BASE, BASE",NA,9.198559799194335,NA,9.198559799194335,NA,aliphatic_amine,0.015652674937635443,0.9843473250623646,-1.3054114337479126
Triprolidine,CHEMBL855,278.40,16.13,0,2,3.92,Cc1ccc(/C(=C\CN2CCCC2)c2ccccn2)cc1,ChEMBL,NA,0,NA,35.46,0.6454,1,ChEMBL_PPB,0.6454,9.69,3,"9.69, 9.25, 9.69",NA,0,NA,NA,8.15,3.1,3.92,BASE,278.399,16.130000000000003,0,2,3.9175200000000032,278.4,16.13,3.92,9.999999999763531e-4,3.552713678800501e-15,0,0,0.002479999999996707,"5.906, 8.981",2,"BASE, BASE",NA,8.981221466064452,NA,8.981221466064452,NA,aliphatic_amine,0.02555843941894429,0.9744415605810557,2.327534332568046
Venlafaxine,CHEMBL637,277.41,32.70,1,3,3.04,COc1ccc(C(CN(C)C)C2(O)CCCCC2)cc1,ChEMBL,0.73,2,"0.73, 0.73",NA,NA,NA,ChEMBL_Fu,0.73,9.6,8,"9.5, 9.2, 9.9, 9.9, 9.5, 9.7, 9.5, 10",0.88,3,"0.88, 1, 0.88",NA,9.4,1.13,3.13,BASE,277.4079999999999,32.7,1,3,3.0356000000000014,277.41,32.7,3.04,0.0020000000001232365,0,0,0,0.004399999999998627,"9.412, 9.559",2,"BASE, ACID",9.559253768920899,9.4118510055542,9.559253768920899,9.4118510055542,alcohol,aliphatic_amine,0.009636390309153519,0.9903636096908465,1.0239143822020522
Verapamil,CHEMBL6966,454.61,63.95,0,6,5.09,COc1ccc(CCN(C)CCCC(C#N)(c2ccc(OC)c(OC)c2)C(C)C)cc1OC,ChEMBL,0.14550000000000002,8,"0.1, 0.093, 0.137, 0.154, 0.16, 0.233, 0.79, 0.01",NA,NA,NA,ChEMBL_Fu,0.14550000000000002,8.92,18,"9.2, 8.92, 8.29, 8.9, 9.04, 8.92, 8.68, 4.18, 8.92, 8.92, 8.92, 8.76, 1.36, 9.07, 8.92, 8.9, 8.7, 9",2.5949999999999998,4,"1.91, 3.4, 2.52, 2.67",NA,8.43,2.72,3.79,BASE,454.6110000000002,63.95,0,6,5.093080000000005,454.61,63.95,5.09,0.0010000000002037268,0,0,0,0.0030800000000050787,8.92,1,BASE,NA,8.920314445495606,NA,8.920314445495606,NA,aliphatic_amine,0.029293645863212196,0.9707063541367879,3.5567734269816245
Zidovudine,CHEMBL129,267.24,133.08,2,6,-0.20,Cc1cn([C@H]2C[C@H](N=[N+]=[N-])[C@@H](CO)O2)c(=O)[nH]c1=O,ChEMBL,0.77,3,"0.77, 0.8, 0.695",NA,NA,NA,ChEMBL_Fu,0.77,NA,0,NA,NA,0,NA,6.88,NA,-0.58,0.05,ACID,267.245,133.07999999999998,2,5,-0.19628000000000012,267.24,133.08,-0.2,0.0049999999999954525,2.842170943040401e-14,0,1,0.00371999999999989,"5.81, 8.047, 8.793, 10.025",4,"BASE, ACID, ACID, BASE",8.046783142089843,10.024857978820801,8.79338701248169,10.024857978820801,alcohol,heterocyclic_N_basic_polyhet,0.0023663091747653563,0.9976336908252347,-2.825928512403646
Abacavir,CHEMBL1380,286.34,101.88,3,7,1.09,Nc1nc(NC2CC2)c2ncn([C@H]3C=C[C@@H](CO)C3)c2n1,ChEMBL,0.5,1,0.5,NA,NA,NA,ChEMBL_Fu,0.5,NA,0,NA,NA,0,NA,NA,5.31,1.22,1.22,BASE,286.33900000000006,101.88,3,6,1.0922999999999998,286.34,101.88,1.09,9.999999999195097e-4,0,0,1,0.0022999999999997467,"3.932, 3.94, 4.504, 5.71, 9.063, 9.508",6,"BASE, BASE, BASE, BASE, ACID, BASE",9.062962131500244,9.507510833740234,9.062962131500244,9.507510833740234,alcohol,aliphatic_amine,0.007745307426693759,0.9922546925733062,-1.0209613395488109
Apixaban,CHEMBL231779,459.51,110.76,1,6,2.70,COc1ccc(-n2nc(C(N)=O)c3c2C(=O)N(c2ccc(N4CCCCC4=O)cc2)CC3)cc1,ChEMBL,0.07,1,0.07,NA,NA,NA,ChEMBL_Fu,0.07,8.56,1,8.56,NA,0,NA,8.66,NA,2.49,2.51,ACID,459.5060000000003,110.75999999999999,1,5,2.699600000000001,459.51,110.76,2.7,0.003999999999678039,1.4210854715202004e-14,0,1,3.9999999999906777e-4,"2.852, 3.671, 4.594, 6.964, 9.325",5,"BASE, BASE, BASE, BASE, ACID",9.32494005203247,6.964169216156006,9.32494005203247,3.6708833980560303,acidic_amide,heterocyclic_N_basic_5ring_polyhet,0.9880707737343091,0.011929226265690929,2.6947880534352424
Budesonide,CHEMBL1370,430.54,93.06,2,6,2.72,CCCC1O[C@@H]2C[C@H]3[C@@H]4CCC5=CC(=O)C=C[C@]5(C)[C@H]4[C@@H](O)C[C@]3(C)[C@]2(C(=O)CO)O1,ChEMBL,0.13,1,0.13,NA,NA,NA,ChEMBL_Fu,0.13,NA,0,NA,NA,0,NA,7.64,NA,2.64,2.84,ACID,430.5410000000002,93.06,2,6,2.7168000000000014,430.54,93.06,2.72,0.0010000000002037268,0,0,0,0.0031999999999987594,"7.69, 7.797",2,"ACID, ACID",7.689782295227051,NA,7.689782295227051,NA,alcohol,NA,0.660886754871033,0.339113245128967,2.5401270480664295
Doxazosin,CHEMBL707,451.48,112.27,1,9,1.72,COc1cc2nc(N3CCN(C(=O)C4COc5ccccc5O4)CC3)nc(N)c2cc1OC,ChEMBL,0.017,1,0.017,NA,NA,NA,ChEMBL_Fu,0.017,6.7,2,"6.5, 6.9",NA,0,NA,NA,6.15,3.28,3.3,BASE,451.4830000000003,112.27000000000001,1,9,1.7177999999999993,451.48,112.27,1.72,0.00300000000027012,1.4210854715202004e-14,0,0,0.002200000000000646,"4.917, 5.993, 6.235, 8.735",4,"BASE, BASE, BASE, ACID",8.735058574676513,6.234577522277832,8.735058574676513,6.234577522277832,acidic_aniline,heterocyclic_N_basic_polyhet,0.8972178353830679,0.10278216461693213,1.672897898138149
Estradiol,CHEMBL135,272.39,40.46,2,2,3.61,C[C@]12CC[C@@H]3c4ccc(O)cc4CC[C@H]3[C@@H]1CC[C@@H]2O,ChEMBL,0.015,3,"0.015, 0.015, 0.016",NA,NA,NA,ChEMBL_Fu,0.015,NA,0,NA,4.01,1,4.01,11.66,NA,3.91,3.91,ACID,272.3879999999999,40.46,2,2,3.6092000000000026,272.39,40.46,3.61,0.002000000000066393,0,0,0,7.999999999972474e-4,10.033,1,ACID,10.033016815185547,NA,10.033016815185547,NA,alcohol,NA,0.9976774058822544,0.002322594117745602,3.608990136985515
Ethanol,CHEMBL545,46.07,20.23,1,1,0.00,CCO,ChEMBL,NA,0,NA,NA,NA,0,NA,NA,NA,0,NA,NA,0,NA,12.31,NA,-0.31,-0.31,ACID,46.069,20.23,1,1,-0.0014000000000000123,46.07,20.23,0,9.999999999976694e-4,0,0,0,0.0014000000000000123,9.791,1,ACID,9.790678672790527,NA,9.790678672790527,NA,alcohol,NA,0.9959490354512682,0.0040509645487317725,-0.0017628846572112812
Lorazepam,CHEMBL580,321.16,61.69,2,3,3.10,O=C1Nc2ccc(Cl)cc2C(c2ccccc2Cl)=NC1O,ChEMBL,0.09,4,"0.09, 0.09, 0.09, 0.057",NA,NA,NA,ChEMBL_Fu,0.09,11.5,1,11.5,2.51,1,2.51,9.42,NA,2.39,2.39,ACID,321.163,61.69,2,3,3.1013000000000015,321.16,61.69,3.1,0.002999999999985903,0,0,0,0.0013000000000014111,"6.315, 9.969, 10.846",3,"BASE, ACID, ACID",9.969268321990967,6.315492362976074,9.969268321990967,NA,acidic_amide,NA,0.9973111760746024,0.0026888239253975987,3.0988306858610355
Mirtazapine,CHEMBL654,265.36,19.37,0,3,2.48,CN1CCN2c3ncccc3Cc3ccccc3C2C1,ChEMBL,0.16,7,"0.15, 0.15, 0.16, 0.266, 0.286, 0.32, 0.15",NA,NA,NA,ChEMBL_Fu,0.16,7.3,8,"7.3, 7.1, 7.3, 3.59, 7.79, 7.3, 7.3, 7.3",2.3,1,2.3,NA,7.35,1.25,1.53,BASE,265.36,19.37,0,3,2.4789000000000003,265.36,19.37,2.48,0,0,0,0,0.0010999999999996568,"3.763, 4.607, 7.377",3,"BASE, BASE, BASE",NA,7.376978378295899,NA,7.376978378295899,NA,aliphatic_amine,0.5132492083826903,0.4867507916173097,2.190328288202796
Pantoprazole,CHEMBL1502,383.38,92.32,1,6,2.88,COc1ccnc(C[S+]([O-])c2nc3cc(OC(F)F)ccc3[nH]2)c1OC,ChEMBL,0.02,1,0.02,NA,NA,NA,ChEMBL_Fu,0.02,5.845000000000001,4,"3.92, 8.19, 4, 7.69",NA,0,NA,NA,0.36,1.45,1.45,BASE,383.3760000000001,92.32000000000001,1,6,2.8843000000000005,383.38,92.32,2.88,0.0039999999999054126,1.4210854715202004e-14,0,0,0.004300000000000637,"4.132, 4.38, 7.281",3,"BASE, BASE, BASE",NA,7.281350135803223,NA,7.281350135803223,NA,heterocyclic_N_basic_5ring_polyhet,0.5678786766573816,0.43212132334261844,2.6342555616154955
Pentoxifylline,CHEMBL628,278.31,78.89,0,7,0.19,CC(=O)CCCCn1c(=O)c2c(ncn2C)n(C)c1=O,ChEMBL,1,2,"1, 1",NA,NA,NA,ChEMBL_Fu,1,NA,0,NA,0.29,1,0.29,NA,2.41,0.29,0.29,BASE,278.31200000000007,78.89,0,4,0.19300000000000006,278.31,78.89,0.19,0.002000000000066393,0,0,3,0.003000000000000058,4.402,1,BASE,NA,4.40168981552124,NA,4.40168981552124,NA,heterocyclic_N_basic_5ring_polyhet,0.9989971082779399,0.0010028917220601397,0.1895642311081129
Propylthiouracil,CHEMBL1518,170.24,48.65,2,2,1.38,CCCc1cc(=O)[nH]c(=S)[nH]1,ChEMBL,0.18,1,0.18,NA,NA,NA,ChEMBL_Fu,0.18,NA,0,NA,0.85,1,0.85,NA,-0.26,-0.39,-0.39,BASE,170.237,48.65,2,2,1.38499,170.24,48.65,1.38,0.0030000000000143245,0,0,0,0.00499000000000005,"4.885, 8.737, 10.357",3,"BASE, BASE, BASE",NA,10.356938133239746,NA,10.356938133239746,NA,heterocyclic_N_basic_polyhet,0.0011030179189501167,0.9988969820810499,-1.5774174322216905
Quetiapine,CHEMBL716,383.52,48.30,1,6,2.86,OCCOCCN1CCN(C2=Nc3ccccc3Sc3ccccc32)CC1,ChEMBL,NA,0,NA,NA,NA,0,NA,NA,6.91,3,"3.64, 6.91, 11.18",3.4,1,3.4,NA,7.7,2.29,2.77,BASE,383.51700000000017,48.300000000000004,1,6,2.8560000000000016,383.52,48.3,2.86,0.0029999999998153726,7.105427357601002e-15,0,0,0.003999999999998227,"7.204, 7.884, 9.863",3,"BASE, ACID, ACID",7.883581962585449,7.204112720489502,7.883581962585449,7.204112720489502,acidic_aniline,aliphatic_amine,0.5088095073405423,0.4911904926594577,2.566555217709066
Reboxetine,CHEMBL14370,313.40,39.72,1,4,3.19,CCOc1ccccc1OC(c1ccccc1)C1CNCCO1,ChEMBL,0.0325,2,"0.019, 0.046",NA,NA,NA,ChEMBL_Fu,0.0325,NA,0,NA,NA,0,NA,NA,7.71,2.78,3.26,BASE,313.39700000000005,39.72,1,4,3.1938000000000004,313.4,39.72,3.19,0.0029999999999290594,0,0,0,0.0038000000000004697,7.798,1,BASE,NA,7.797676010131836,NA,7.797676010131836,NA,aliphatic_amine,0.28583835883205083,0.7141616411679492,2.646120509658733
Theobromine,CHEMBL1114,180.17,72.68,1,5,-1.04,Cn1cnc2c1c(=O)[nH]c(=O)n2C,ChEMBL,NA,0,NA,NA,NA,0,NA,NA,NA,0,NA,NA,0,NA,9.82,NA,-0.77,-0.77,ACID,180.16699999999997,72.68,1,3,-1.0397,180.17,72.68,-1.04,0.0030000000000143245,0,0,2,2.9999999999996696e-4,"4.211, 5.414, 9.268",3,"BASE, BASE, BASE",NA,9.267797889709472,NA,9.267797889709472,NA,heterocyclic_N_basic_polyhet,0.013376836464267298,0.9866231635357327,-2.9136465822751605
Thiopentone,NA,NA,NA,NA,NA,NA,NA,NA,NA,0,NA,NA,NA,NA,NA,NA,NA,0,NA,NA,0,NA,5.69,NA,1.13,2.85,ACID,NA,NA,NA,NA,NA,NA,NA,NA,NA,NA,NA,NA,NA,NA,0,NA,NA,NA,NA,NA,NA,NA,NA,NA,NA
Labetalol,CHEMBL429,328.41,95.58,4,4,2.14,CC(CCc1ccccc1)NCC(O)c1ccc(O)c(C(N)=O)c1,ChEMBL,0.5,3,"0.5, 0.5, 0.961",NA,NA,NA,ChEMBL_Fu,0.5,7.6,8,"7.4, 9.3, 2.1, 7.4, 9.3, 7.4, 9.4, 7.8",NA,0,NA,8.2,NA,3.03,3.09,ACID,328.4120000000001,95.57999999999998,4,4,2.1353999999999997,328.41,95.58,2.14,0.002000000000066393,1.4210854715202004e-14,0,0,0.0046000000000003816,"7.242, 8.619, 8.887, 9.145, 9.365",5,"BASE, BASE, ACID, ACID, ACID",8.887249145507813,8.61929775238037,8.887249145507813,8.61929775238037,alcohol,aliphatic_amine,0.056812950920680484,0.9431870490793195,0.8944473475466572
Acitretin,CHEMBL1131,326.44,46.53,1,2,5.17,COc1cc(C)c(/C=C/C(C)=C/C=C/C(C)=C/C(=O)O)c(C)c1C,ChEMBL,NA,0,NA,NA,NA,0,NA,NA,NA,0,NA,NA,0,NA,6.13,NA,5.11,6.4,ACID,326.4360000000001,46.53,1,2,5.167060000000005,326.44,46.53,5.17,0.0039999999999054126,0,0,0,0.0029399999999952797,5.253,1,ACID,5.253394107818604,NA,5.253394107818604,NA,carboxylate,NA,0.007084454543466778,0.9929155454565333,3.0203064180440715
Flurbiprofen,CHEMBL563,244.26,37.30,1,1,3.68,CC(C(=O)O)c1ccc(-c2ccccc2)c(F)c1,ChEMBL,0.982,1,0.982,NA,NA,NA,ChEMBL_Fu,0.982,4.26,8,"4.2, 4.6, 4.2, 4.6, 4.03, 4.3, 4.22, 4.5",0.875,2,"0.85, 0.9",3.84,NA,0.6,4.16,ACID,244.265,37.3,1,1,3.6808000000000023,244.26,37.3,3.68,0.0049999999999954525,0,0,0,8.000000000021323e-4,4.483,1,ACID,4.482896766662598,NA,4.482896766662598,NA,carboxylate,NA,0.0012088473237893322,0.9987911526762107,0.7623714533646155
Ibuprofen,CHEMBL521,206.28,37.30,1,1,3.07,CC(C)Cc1ccc(C(C)C(=O)O)cc1,ChEMBL,0.006,5,"0.006, 0.962, 0.006, 0.0023, 0.000122",NA,NA,NA,ChEMBL_Fu,0.006,5.2,13,"5.2, 7.95, 5.2, 5.2, 2.92, 4.45, 5.4, 4.8, 4.67, 4.83, 5.35, 6.01, 6.3",1.1,1,1.1,4.91,NA,1.25,3.74,ACID,206.28499999999997,37.3,1,1,3.073200000000001,206.28,37.3,3.07,0.004999999999967031,0,0,0,0.00320000000000098,4.817,1,ACID,4.817349071502686,NA,4.817349071502686,NA,carboxylate,NA,0.002607445222725035,0.997392554777275,0.4862151935249792
Mesalamine,CHEMBL704,153.14,83.55,3,3,0.67,Nc1ccc(O)c(C(=O)O)c1,ChEMBL,0.39,1,0.39,NA,NA,NA,ChEMBL_Fu,0.39,NA,0,NA,NA,0,NA,3.82,NA,-2.77,0.81,ACID,153.137,83.55,3,3,0.6726000000000001,153.14,83.55,0.67,0.002999999999985903,0,0,0,0.0026000000000000467,"3.34, 4.234, 5.85, 6.842",4,"BASE, ACID, ACID, ACID",4.233887348175049,3.340347032546997,4.233887348175049,3.340347032546997,carboxylate,aliphatic_amine,6.816966570770776e-4,0.9993183033429229,-2.4964088357016148
Nelfinavir,CHEMBL584,567.80,101.90,4,6,4.75,Cc1c(O)cccc1C(=O)N[C@@H](CSc1ccccc1)[C@H](O)CN1C[C@H]2CCCC[C@H]2C[C@H]1C(=O)NC(C)(C)C,ChEMBL,NA,0,NA,NA,NA,0,NA,NA,7.4350000000000005,2,"6.3, 8.57",NA,0,NA,7.44,NA,3.37,3.65,ACID,567.7960000000003,101.9,4,6,4.747620000000004,567.8,101.9,4.75,0.003999999999678039,0,0,0,0.002379999999996052,"5.976, 7.811, 8.439, 8.94, 9.212, 9.249, 9.693",7,"BASE, BASE, BASE, ACID, ACID, ACID, ACID",8.939828186035156,8.43934326171875,8.939828186035156,7.810753307342529,phenol,aliphatic_amine,0.2774918170886964,0.7225081829113036,4.193250180807801
Oxcarbazepine,CHEMBL1068,252.27,63.40,1,2,2.64,NC(=O)N1c2ccccc2CC(=O)c2ccccc21,ChEMBL,NA,0,NA,NA,NA,0,NA,NA,NA,0,NA,NA,0,NA,12.36,NA,2.17,2.17,ACID,252.27299999999997,63.400000000000006,1,2,2.6422000000000008,252.27,63.4,2.64,0.002999999999957481,7.105427357601002e-15,0,0,0.002200000000000646,"6.26, 8.442",2,"BASE, ACID",8.442109985351562,6.260469923019409,8.442109985351562,NA,acidic_amide,NA,0.9167927471771962,0.08320725282280383,2.6022711688975497
Piroxicam,CHEMBL527,331.35,99.60,2,5,1.58,CN1C(C(=O)Nc2ccccn2)=C(O)c2ccccc2S1(=O)=O,ChEMBL,NA,0,NA,99.15,0.008499999999999952,4,ChEMBL_PPB,0.008499999999999952,4.5,21,"6.5, 1.86, 7.43, 4.5, 6.3, 1.88, 5.3, 2.23, 1.89, 5.29, 1.89, 4.74, 0, 0.55, 5.3, 2.5, 1.9, 5.3, 1.86, 5.46, 5.3",-0.08,3,"-0.08, -0.3, 0",4.22,NA,-0.66,2.52,ACID,331.35300000000007,99.6,2,5,1.5809999999999997,331.35,99.6,1.58,0.0030000000000427463,0,0,0,9.999999999996678e-4,"2.984, 3.148, 3.378, 5.492, 8.516",5,"BASE, ACID, BASE, ACID, ACID",3.147769546508789,3.378073949813843,3.147769546508789,NA,sulfonamide,NA,5.594293533306058e-5,0.9999440570646669,-2.67225474987894
Quinapril,CHEMBL1592,438.52,95.94,2,5,2.57,CCOC(=O)[C@H](CCc1ccccc1)N[C@@H](C)C(=O)N1Cc2ccccc2C[C@H]1C(=O)O,ChEMBL,NA,0,NA,95.82,0.04180000000000006,1,ChEMBL_PPB,0.04180000000000006,NA,0,NA,NA,0,NA,6.81,NA,0.12,0.81,ACID,438.5240000000003,95.94000000000001,2,5,2.5671,438.52,95.94,2.57,0.0040000000003033165,1.4210854715202004e-14,0,0,0.0028999999999999027,"5.147, 7.011",2,"ACID, BASE",5.1470898914337155,7.011193199157715,5.1470898914337155,7.011193199157715,carboxylate,aliphatic_amine,0.005542253289517033,0.9944577467104829,0.313686369826923
Sulfasalazine,CHEMBL421,398.40,141.31,3,7,3.70,O=C(O)c1cc(/N=N/c2ccc(S(=O)(=O)Nc3ccccn3)cc2)ccc1O,ChEMBL,NA,0,NA,NA,NA,0,NA,NA,2.325,2,"2.65, 2",-0.13,1,-0.13,4.01,NA,-0.96,2.43,ACID,398.4000000000001,141.31,3,7,3.7016000000000013,398.4,141.31,3.7,1.1368683772161603e-13,0,0,0,0.001600000000001156,"4.089, 4.096, 5.132, 5.93",4,"BASE, ACID, ACID, ACID",4.096194133758545,4.088634309768676,4.096194133758545,4.088634309768676,sulfonamide,heterocyclic_N_basic_6ring,4.965675302301823e-4,0.9995034324697698,0.39597831831382146
Warfarin,CHEMBL1464,308.33,67.51,1,4,3.61,CC(=O)CC(c1ccccc1)c1c(O)c2ccccc2oc1=O,ChEMBL,0.01075,12,"0.015, 0.295, 0.006, 0.013, 0.014, 0.009, 0.008, 0.0062, 0.0041, 0.05, 0.00513, 0.0125",NA,NA,NA,ChEMBL_Fu,0.01075,4.9,5,"5.1, 4.85, 5.1, 4.9, 0.41",0.8200000000000001,4,"0.12, 0.9, 0.86, 0.78",NA,NA,2.7,2.7,NEUTRAL,308.3330000000001,67.50999999999999,1,4,3.609600000000003,308.33,67.51,3.61,0.0030000000000995897,1.4210854715202004e-14,0,0,3.999999999968473e-4,5.562,1,ACID,5.562382507324219,NA,5.562382507324219,NA,phenol,NA,0.01432570286932361,0.9856742971306763,1.7661159391755703
Albendazole,CHEMBL1483,265.34,67.01,2,4,3.24,CCCSc1ccc2[nH]c(NC(=O)OC)nc2c1,ChEMBL,NA,0,NA,95.43,0.04569999999999996,1,ChEMBL_PPB,0.04569999999999996,NA,0,NA,3.57,1,3.57,10.58,NA,3.07,3.07,ACID,265.33799999999997,67.01,2,4,3.2433000000000005,265.34,67.01,3.24,0.0020000000000095497,0,0,0,0.0033000000000003027,"3.812, 5.677, 9.046, 9.965",4,"ACID, BASE, ACID, BASE",3.8124605083465575,9.965320587158203,3.8124605083465575,9.965320587158203,carbamate,heterocyclic_N_basic_5ring_polyhet,2.3601461069661466e-4,0.9997639853893033,-0.3870611108074131
Aripiprazole,CHEMBL1112,448.39,44.81,1,4,4.86,O=C1CCc2ccc(OCCCCN3CCN(c4cccc(Cl)c4Cl)CC3)cc2N1,ChEMBL,0.006,2,"0.01, 0.002",NA,NA,NA,ChEMBL_Fu,0.006,NA,0,NA,NA,0,NA,NA,7.05,5.36,5.52,BASE,448.39400000000006,44.81,1,4,4.859300000000005,448.39,44.81,4.86,0.004000000000075943,0,0,0,6.999999999957041e-4,"5.406, 6.158, 7.56, 10.511",4,"BASE, BASE, BASE, ACID",10.511249542236328,7.559629764556885,10.511249542236328,7.559629764556885,acidic_amide,aliphatic_amine,0.4090009531187816,0.5909990468812184,4.4717243200702885
Citalopram,CHEMBL549,324.40,36.26,0,3,3.81,CN(C)CCCC1(c2ccc(F)cc2)OCc2cc(C#N)ccc21,ChEMBL,0.2,3,"0.2, 0.2, 0.047",NA,NA,NA,ChEMBL_Fu,0.2,9.440000000000001,6,"9.38, 9.2, 9.72, 9.5, 9.7, 9.38",1.92,2,"1.94, 1.9",NA,7.36,2.22,2.5,BASE,324.39900000000006,36.26,0,3,3.812980000000003,324.4,36.26,3.81,9.999999999195097e-4,0,0,0,0.0029800000000030913,9.606,1,BASE,NA,9.605813484191895,NA,9.605813484191895,NA,aliphatic_amine,0.006187156775982517,0.9938128432240175,1.601491120720416
Dapsone,CHEMBL1043,248.31,86.18,2,4,1.68,Nc1ccc(S(=O)(=O)c2ccc(N)cc2)cc1,ChEMBL,0.25,2,"0.25, 0.25",NA,NA,NA,ChEMBL_Fu,0.25,NA,0,NA,NA,0,NA,NA,1.49,0.97,0.97,BASE,248.30700000000002,86.18,2,4,1.6838000000000002,248.31,86.18,1.68,0.002999999999985903,0,0,0,0.0038000000000002476,"2.637, 3.636, 9.871, 10.337",4,"BASE, BASE, ACID, ACID",9.87073450088501,3.636273889541626,9.87073450088501,3.636273889541626,acidic_aniline,aliphatic_amine,0.9964575821527583,0.003542417847241741,1.6784588161031575
Efavirenz,CHEMBL223228,315.68,38.33,1,2,4.07,O=C1Nc2ccc(Cl)cc2[C@@](C#CC2CC2)(C(F)(F)F)O1,ChEMBL,0.0049499999999999995,2,"0.0052, 0.0047",NA,NA,NA,ChEMBL_Fu,0.0049499999999999995,7.18,1,7.18,NA,0,NA,9.38,NA,3.87,3.87,ACID,315.67799999999994,38.33,1,2,4.073100000000001,315.68,38.33,4.07,0.002000000000066393,0,0,0,0.003100000000000769,"4.93, 6.702",2,"ACID, ACID",4.930407848358154,NA,4.930407848358154,NA,carbamate,NA,0.0033801609214737112,0.9966198390785262,1.5989373765038213
Lopinavir,CHEMBL729,628.81,120.00,4,5,4.33,Cc1cccc(C)c1OCC(=O)N[C@@H](Cc1ccccc1)[C@@H](O)C[C@H](Cc1ccccc1)NC(=O)[C@H](C(C)C)N1CCCNC1=O,ChEMBL,NA,0,NA,NA,NA,0,NA,NA,NA,0,NA,NA,0,NA,8.45,NA,4.69,4.73,ACID,628.8139999999999,120,4,5,4.328140000000003,628.81,120,4.33,0.0039999999999054126,0,0,0,0.0018599999999970862,"6.175, 6.292, 6.95, 8.196, 8.609, 8.775, 9.346",7,"BASE, BASE, BASE, ACID, ACID, ACID, ACID",8.196475296020507,6.950320930480957,8.196475296020507,NA,acidic_amide,NA,0.8622318667880788,0.13776813321192116,4.265624069682878
Loratadine,CHEMBL998,382.89,42.43,0,3,4.89,CCOC(=O)N1CCC(=C2c3ccc(Cl)cc3CCc3cccnc32)CC1,ChEMBL,NA,0,NA,NA,NA,0,NA,NA,4.58,1,4.58,4.4,2,"4.4, 4.4",8.63,NA,5.18,5.2,ACID,382.89100000000025,42.43,0,3,4.887800000000005,382.89,42.43,4.89,0.0010000000002605702,0,0,0,0.0021999999999948727,"4.322, 5.037",2,"BASE, ACID",5.036717662811279,4.322069597244263,5.036717662811279,4.322069597244263,carbamate,heterocyclic_N_basic_6ring,0.004313588083456163,0.9956864119165438,2.524838670756507
Naproxen,CHEMBL154,230.26,46.53,1,2,3.04,COc1ccc2cc([C@H](C)C(=O)O)ccc2c1,ChEMBL,0.01,3,"0.989, 0.01, 1.21e-05",NA,NA,NA,ChEMBL_Fu,0.01,4.1899999999999995,12,"4.01, 4.2, 4.18, 4.18, 8.41, 4.2, 4, 4.4, 3.29, 4.18, 4.2, 4.2",1.75,2,"3.3, 0.2",5,NA,0.78,3.18,ACID,230.26299999999998,46.53,1,2,3.036500000000001,230.26,46.53,3.04,0.002999999999985903,0,0,0,0.0034999999999989484,4.509,1,ACID,4.509268817901611,NA,4.509268817901611,NA,carboxylate,NA,0.0012844305842706954,0.9987155694157293,0.14871063823817066
Nefazodone,CHEMBL623,470.02,55.53,0,7,3.55,CCc1nn(CCCN2CCN(c3cccc(Cl)c3)CC2)c(=O)n1CCOc1ccccc1,ChEMBL,0.009,3,"0.009, 0.009, 0.01",NA,NA,NA,ChEMBL_Fu,0.009,6.645,4,"6.79, 6.5, 6.5, 13.8",NA,0,NA,8.2,NA,4.41,4.47,ACID,470.01700000000034,55.53,0,5,3.5519000000000025,470.02,55.53,3.55,0.0029999999996448423,0,0,2,0.0019000000000026773,"4.092, 5.026, 6.649",3,"BASE, BASE, BASE",NA,6.649334564208984,NA,6.649334564208984,NA,aliphatic_amine,0.8492167453046527,0.15078325469534726,3.4790185492265415
Phenacetin,CHEMBL16073,179.22,38.33,1,2,2.04,CCOc1ccc(NC(C)=O)cc1,ChEMBL,0.8785000000000001,4,"0.47, 0.78, 0.98, 0.977",NA,NA,NA,ChEMBL_Fu,0.8785000000000001,2.2,1,2.2,NA,0,NA,13.44,NA,1.58,1.58,ACID,179.219,38.33,1,2,2.0437,179.22,38.33,2.04,0.0010000000000047748,0,0,0,0.0036999999999998145,"5.334, 11.173",2,"BASE, ACID",NA,5.333928785324097,NA,NA,NA,NA,1,0,2.04
Propafenone,CHEMBL631,341.45,58.56,2,4,3.24,CCCNCC(O)COc1ccccc1C(=O)CCc1ccccc1,ChEMBL,0.05,4,"0.05, 0.05, 0.038, 0.783",NA,NA,NA,ChEMBL_Fu,0.05,9.27,10,"9.27, 9.27, 9.2, 9.31, 9.27, 9.27, 8.8, 9, 9.48, 9.3",1.77,3,"1.81, 1.6, 1.77",NA,7.18,3.13,3.33,BASE,341.4510000000001,58.559999999999995,2,4,3.2414000000000023,341.45,58.56,3.24,0.00100000000009004,7.105427357601002e-15,0,0,0.0014000000000020663,8.857,1,BASE,NA,8.856993103027344,NA,8.856993103027344,NA,aliphatic_amine,0.03373668367328234,0.9662633163267177,1.7681023890657779
Quazepam,CHEMBL1200472,386.80,15.60,0,2,5.03,Fc1ccccc1C1=NCC(=S)N(CC(F)(F)F)c2ccc(Cl)cc21,ChEMBL,NA,0,NA,NA,NA,0,NA,NA,NA,0,NA,NA,0,NA,NA,4.12,4.03,4.03,BASE,386.8010000000001,15.6,0,2,5.026200000000003,386.8,15.6,5.03,0.00100000000009004,0,0,0,0.003799999999997361,3.175,1,BASE,NA,3.1751350212097167,NA,NA,NA,NA,1,0,5.03
Fexofenadine,CHEMBL914,501.67,81.00,3,4,5.51,CC(C)(C(=O)O)c1ccc(C(O)CCCN2CCC(C(O)(c3ccccc3)c3ccccc3)CC2)cc1,ChEMBL,0.00421,1,0.00421,NA,NA,NA,ChEMBL_Fu,0.00421,4.7,3,"4.2, 4.7, 9.3",0.3,1,0.3,4.17,8.78,3.11,4.51,AMPHOLYTE,501.66700000000014,81,3,4,5.510500000000006,501.67,81,5.51,0.002999999999872216,0,0,0,5.000000000059401e-4,"5.497, 7.368, 7.899, 8.704",4,"ACID, BASE, ACID, ACID",5.496658096313476,7.367578735351563,5.496658096313476,7.367578735351563,carboxylate,aliphatic_amine,0.012198917903405626,0.9878010820965943,3.596321308590942
Tolmetin,CHEMBL1020,257.29,59.30,1,3,2.19,Cc1ccc(C(=O)c2ccc(CC(=O)O)n2C)cc1,ChEMBL,NA,0,NA,99.7,0.0030000000000000027,3,ChEMBL_PPB,0.0030000000000000027,3.5,4,"3.5, 3.5, 3.5, 3.5",-1,1,-1,5.89,NA,1.27,2.79,ACID,257.289,59.300000000000004,1,2,2.1916200000000003,257.29,59.3,2.19,0.0010000000000331966,7.105427357601002e-15,0,1,0.001620000000000399,3.893,1,ACID,3.893364009857178,NA,3.893364009857178,NA,carboxylate,NA,3.113355957615074e-4,0.9996886644042385,-1.3167712225265018
Trazodone,CHEMBL621,371.87,45.78,0,6,2.36,O=c1n(CCCN2CCN(c3cccc(Cl)c3)CC2)nc2ccccn12,ChEMBL,0.07350000000000001,4,"0.07, 0.07, 0.077, 0.98",NA,NA,NA,ChEMBL_Fu,0.07350000000000001,6.73,7,"6.79, 6.79, 6.7, 6.73, 6.73, 6.79, 6.7",2.97,3,"2.54, 2.97, 2.99",NA,6.02,2.4,2.42,BASE,371.8720000000001,45.78,0,4,2.3617,371.87,45.78,2.36,0.0020000000001232365,0,0,2,0.0017000000000000348,"2.987, 4.71, 6.982",3,"BASE, BASE, BASE",NA,6.982229881286621,NA,6.982229881286621,NA,aliphatic_amine,0.723512307276195,0.276487692723805,2.2194459230662216
Allopurinol,CHEMBL1467,136.11,74.69,2,4,0.06,Oc1ncnc2[nH]ncc12,ChEMBL,0.95,3,"0.95, 0.95, 0.97",NA,NA,NA,ChEMBL_Fu,0.95,9.35,2,"9.7, 9",-0.44,1,-0.44,NA,1.83,-0.5,-0.5,BASE,136.114,74.69,2,4,0.058499999999999885,136.11,74.69,0.06,0.003999999999990678,0,0,0,0.0015000000000001124,"3.146, 4.226, 5.14, 9.436",4,"BASE, BASE, ACID, BASE",5.140163507461548,9.436239051818848,5.140163507461548,9.436239051818848,phenol,heterocyclic_N_basic_5ring_polyhet,0.0034293086092954737,0.9965706913907045,-2.4047934302296943
Amiodarone,CHEMBL633,645.32,42.68,0,4,6.94,CCCCc1oc2ccccc2c1C(=O)c1cc(I)c(OCCN(CC)CC)c(I)c1,ChEMBL,2e-4,4,"2e-04, 2e-04, 2e-04, 1e-04",NA,NA,NA,ChEMBL_Fu,2e-4,8.73,8,"8.73, 8.73, 6.6, 9.37, 8.7, 8.73, 9.06, 4.84",7.7,2,"6.1, 9.3",NA,5.57,7.56,7.57,BASE,645.3190000000002,42.68,0,4,6.936200000000007,645.32,42.68,6.94,9.999999998626663e-4,0,0,0,0.0037999999999938083,7.505,1,BASE,NA,7.505460777282715,NA,7.505460777282715,NA,aliphatic_amine,0.4395884654124576,0.5604115345875424,6.58304628822497
Cannabidiol,CHEMBL190461,314.47,40.46,2,2,5.85,C=C(C)[C@@H]1CCC(C)=C[C@H]1c1c(O)cc(CCCCC)cc1O,ChEMBL,NA,0,NA,90,0.09999999999999998,1,ChEMBL_PPB,0.09999999999999998,NA,0,NA,NA,0,NA,9.64,NA,6.38,6.38,ACID,314.469,40.46,2,2,5.846500000000006,314.47,40.46,5.85,0.0010000000000331966,0,0,0,0.0034999999999936193,"10.068, 10.481",2,"ACID, ACID",10.068207359313964,NA,10.068207359313964,NA,phenol,NA,0.9978577936891906,0.0021422063108094136,5.849068653695603
Carbamazepine,CHEMBL108,236.27,46.33,1,1,3.39,NC(=O)N1c2ccccc2C=Cc2ccccc21,ChEMBL,0.2895,6,"0.171, 0.299, 0.288, 0.291, 0.303, 0.276",NA,NA,NA,ChEMBL_Fu,0.2895,NA,0,NA,1.77,5,"2.45, 2.19, 1.77, 1.77, 0.13",5.07,NA,0.12,2.45,ACID,236.274,46.330000000000005,1,1,3.3872000000000018,236.27,46.33,3.39,0.003999999999990678,7.105427357601002e-15,0,0,0.0027999999999983594,"7.003, 9.155",2,"BASE, ACID",9.155458641052245,7.002646217346191,9.155458641052245,NA,acidic_amide,NA,0.9827423744508322,0.017257625549167765,3.3824396826149723
Celecoxib,CHEMBL118,381.38,77.98,1,4,3.51,Cc1ccc(-c2cc(C(F)(F)F)nn2-c2ccc(S(N)(=O)=O)cc2)cc1,ChEMBL,0.0030499999999999998,2,"0.003, 0.0031",NA,NA,NA,ChEMBL_Fu,0.0030499999999999998,NA,0,NA,NA,0,NA,12.97,0.87,2.97,3.57,AMPHOLYTE,381.3790000000001,77.98,1,3,3.5139200000000006,381.38,77.98,3.51,9.999999999195097e-4,0,0,1,0.003920000000000812,"2.512, 6.695, 9.165",3,"BASE, ACID, ACID",6.695106449127198,NA,6.695106449127198,NA,sulfonamide,NA,0.16478089869983492,0.8352191013001651,2.7269068671302104
Clozapine,CHEMBL42,326.83,30.87,1,4,3.72,CN1CCN(C2=Nc3cc(Cl)ccc3Nc3ccccc32)CC1,ChEMBL,0.055,7,"0.05, 0.05, 0.055, 0.042, 0.058, 0.081, 0.101",NA,NA,NA,ChEMBL_Fu,0.055,7.63,14,"7.63, 7.63, 8, 3.79, 7.7, 3.79, 7.96, 7.63, 7.9, 7.8, 7.63, 7.63, 7.5, 4.02",3.295,4,"2.993, 3.13, 3.46, 3.48",NA,9.78,0.85,3.23,BASE,326.83100000000013,30.869999999999997,1,4,3.7227000000000023,326.83,30.87,3.72,0.0010000000001468834,3.552713678800501e-15,0,0,0.002700000000002145,"5.424, 8.054, 9.158, 10.681",4,"BASE, ACID, BASE, ACID",8.05432451248169,9.157950305938721,8.05432451248169,9.157950305938721,acidic_aniline,aliphatic_amine,0.017095564981263908,0.9829044350187361,1.9528834581124752
Cyclosporine,CHEMBL160,1202.63,279,5,12,7.5,C/C=C/C[C@@H](C)[C@@H](O)[C@H]1C(=O)N[C@@H](CC)C(=O)N(C)CC(=O)N(C)[C@@H](CC(C)C)C(=O)N[C@@H](C(C)C)C(=O)N(C)[C@@H](CC(C)C)C(=O)N[C@@H](C)C(=O)N[C@H](C)C(=O)N(C)[C@@H](CC(C)C)C(=O)N(C)[C@@H](CC(C)C)C(=O)N(C)[C@@H](C(C)C)C(=O)N1C,ChEMBL,0.036500000000000005,2,"0.068, 0.005",NA,NA,NA,ChEMBL_Fu,0.036500000000000005,NA,0,NA,4.06,3,"4.4, 3.7, 4.06",NA,NA,2.92,2.92,NEUTRAL,1202.634999999999,278.8,5,12,3.2690000000000046,1202.63,279,7.5,0.004999999998972271,0.19999999999998863,0,0,4.230999999999995,"5.615, 5.655, 5.715, 5.733, 5.763, 5.779, 5.78, 5.797, 5.969, 6.169, 7.284, 7.467, 7.643, 7.911, 8.146",15,"BASE, BASE, BASE, BASE, BASE, BASE, BASE, BASE, BASE, BASE, ACID, ACID, ACID, ACID, ACID",7.284310569763184,6.168515281677246,7.284310569763184,NA,alcohol,NA,0.4337948461659427,0.5662051538340573,7.137284387938691
Domperidone,CHEMBL219916,425.92,78.82,2,5,3.35,O=c1[nH]c2ccccc2n1CCCN1CCC(n2c(=O)[nH]c3cc(Cl)ccc32)CC1,ChEMBL,0.082,3,"0.08, 0.082, 0.598",NA,NA,NA,ChEMBL_Fu,0.082,7.9,5,"7.9, 7.7, 8.06, 7.9, 7.9",NA,0,NA,6.55,4.24,1.89,3.9,AMPHOLYTE,425.92000000000013,78.82,2,3,3.353200000000002,425.92,78.82,3.35,1.1368683772161603e-13,0,0,2,0.003200000000001868,"5.981, 8.034, 9.188, 10.065",4,"BASE, BASE, BASE, BASE",NA,10.064715118408204,NA,10.064715118408204,NA,heterocyclic_N_basic_5ring_polyhet,0.002159464276893857,0.9978405357231062,0.6843460240926178
Dronabinol/THC,CHEMBL465,314.47,29.46,1,2,5.74,CCCCCc1cc(O)c2c(c1)OC(C)(C)[C@@H]1CCC(C)=C[C@@H]21,ChEMBL,0.03,3,"0.03, 0.03, 0.05",NA,NA,NA,ChEMBL_Fu,0.03,NA,0,NA,NA,0,NA,NA,NA,NA,NA,NEUTRAL,314.46900000000005,29.46,1,2,5.735800000000006,314.47,29.46,5.74,9.999999999763531e-4,0,0,0,0.0041999999999946525,10.631,1,ACID,10.631449737548827,NA,10.631449737548827,NA,phenol,NA,0.9994134629400694,5.865370599306141e-4,5.73974519545798
Drospirenone,CHEMBL1509,366.50,43.37,0,3,4.31,C[C@]12CCC(=O)C=C1[C@@H]1C[C@@H]1[C@H]1[C@@H]3[C@@H]4C[C@@H]4[C@@]4(CCC(=O)O4)[C@@]3(C)CC[C@@H]12,ChEMBL,NA,0,NA,NA,NA,0,NA,NA,NA,0,NA,NA,0,NA,NA,NA,3,3,NEUTRAL,366.50100000000015,43.370000000000005,0,3,4.305900000000004,366.5,43.37,4.31,0.0010000000001468834,7.105427357601002e-15,0,0,0.004099999999995774,NA,0,NA,NA,NA,NA,NA,NA,NA,1,0,4.31
Haloperidol,CHEMBL54,375.87,40.54,1,3,4.43,O=C(CCCN1CCC(O)(c2ccc(Cl)cc2)CC1)c1ccc(F)cc1,ChEMBL,0.10200000000000001,8,"0.08, 0.08, 0.08, 0.124, 0.164, 0.161, 0.223, 0.08",NA,NA,NA,ChEMBL_Fu,0.10200000000000001,8.65,14,"8.65, 8.65, 8.3, 8.25, 9.02, 8.3, 9.02, 8.65, 9.07, 8.65, 8.65, 8.5, 8.65, 8.3",2.49,6,"2.98, 0.18, 2.49, 2.42, 2.49, 3.99",NA,NA,4.29,4.29,NEUTRAL,375.87100000000015,40.540000000000006,1,3,4.425600000000004,375.87,40.54,4.43,0.0010000000001468834,7.105427357601002e-15,0,0,0.004399999999995963,"8.505, 9.396",2,"BASE, ACID",9.396087989807128,8.505235061645507,9.396087989807128,8.505235061645507,alcohol,aliphatic_amine,0.07271661121098066,0.9272833887890193,3.291633631398396
Imatinib,CHEMBL941,493.62,86.28,2,7,4.59,Cc1ccc(NC(=O)c2ccc(CN3CCN(C)CC3)cc2)cc1Nc1nccc(-c2cccnc2)n1,ChEMBL,0.05,1,0.05,NA,NA,NA,ChEMBL_Fu,0.05,8.07,1,8.07,0.9,1,0.9,NA,8.35,3.03,4.03,BASE,493.6150000000002,86.28000000000002,2,7,4.590320000000004,493.62,86.28,4.59,0.004999999999824922,1.4210854715202004e-14,0,0,3.2000000000387274e-4,"3.511, 4.388, 4.837, 5.24, 8.18, 9.079, 9.144, 10.163",8,"BASE, BASE, BASE, BASE, BASE, ACID, BASE, ACID",9.079437484741211,9.143615989685058,9.079437484741211,9.143615989685058,acidic_aniline,aliphatic_amine,0.017719666063803756,0.9822803339361963,2.8384555331258694
Lamotrigine,CHEMBL741,256.10,90.71,2,5,2.01,Nc1nnc(-c2cccc(Cl)c2Cl)c(N)n1,ChEMBL,0.45,1,0.45,NA,NA,NA,ChEMBL_Fu,0.45,5.195,4,"5.7, 5.19, 5.19, 5.2",0.27,2,"0.54, 0",NA,5.05,2.57,2.57,BASE,256.09599999999995,90.71,2,5,2.0098,256.1,90.71,2.01,0.004000000000075943,0,0,0,1.9999999999997797e-4,"3.358, 3.625, 4.798, 5.248, 7.644, 7.978",6,"BASE, BASE, BASE, BASE, BASE, ACID",7.978097190856934,7.6443267440795895,7.978097190856934,7.6443267440795895,acidic_aniline,aliphatic_amine,0.3311935701939638,0.6688064298060362,1.5300818967831709
Nevirapine,CHEMBL57,266.30,58.12,1,4,2.65,Cc1ccnc2c1NC(=O)c1cccnc1N2C1CC1,ChEMBL,0.32,1,0.32,NA,NA,NA,ChEMBL_Fu,0.32,NA,0,NA,1.81,1,1.81,NA,2.92,1.81,1.81,BASE,266.30400000000003,58.120000000000005,1,4,2.6512200000000004,266.3,58.12,2.65,0.004000000000019099,7.105427357601002e-15,0,0,0.001220000000000443,"3.09, 3.478, 4.214, 4.446, 9.828",5,"BASE, BASE, BASE, BASE, ACID",9.827936935424805,4.446291189193726,9.827936935424805,4.213680524826049,acidic_amide,aliphatic_amine,0.9956349444055818,0.004365055594418243,2.6481001309017933
Nifedipine,CHEMBL193,346.34,107.77,1,7,2.18,COC(=O)C1=C(C)NC(C)=C(C(=O)OC)C1c1ccccc1[N+](=O)[O-],ChEMBL,0.041999999999999996,4,"0.04, 0.04, 0.044, 0.949",NA,NA,NA,ChEMBL_Fu,0.041999999999999996,1,1,1,3.17,1,3.17,NA,4.93,2.53,2.53,BASE,346.33900000000006,107.77000000000001,1,7,2.1756,346.34,107.77,2.18,9.999999999195097e-4,1.4210854715202004e-14,0,0,0.0043999999999999595,4.807,1,BASE,NA,4.806663103103638,NA,4.806663103103638,NA,aliphatic_amine,0.9974557677748239,0.0025442322251760796,2.178893645975588
Nimodipine,CHEMBL1428,418.45,117.00,1,8,2.97,COCCOC(=O)C1=C(C)NC(C)=C(C(=O)OC(C)C)C1c1cccc([N+](=O)[O-])c1,ChEMBL,0.012,2,"0.016, 0.008",NA,NA,NA,ChEMBL_Fu,0.012,NA,0,NA,NA,0,NA,NA,6.08,3.03,3.05,BASE,418.44600000000014,117,1,8,2.9708000000000014,418.45,117,2.97,0.003999999999848569,0,0,0,8.000000000012442e-4,4.812,1,BASE,NA,4.811790447235108,NA,4.811790447235108,NA,aliphatic_amine,0.9974256299695338,0.002574370030466233,2.9688805237092217
Nitrendipine,CHEMBL475534,360.37,107.77,1,7,2.57,CCOC(=O)C1=C(C)NC(C)=C(C(=O)OC)C1c1cccc([N+](=O)[O-])c1,ChEMBL,0.02,1,0.02,NA,NA,NA,ChEMBL_Fu,0.02,NA,0,NA,0.97,1,0.97,NA,5.37,2.88,2.88,BASE,360.36600000000004,107.77000000000001,1,7,2.5657000000000005,360.37,107.77,2.57,0.003999999999962256,1.4210854715202004e-14,0,0,0.004299999999999304,4.775,1,BASE,NA,4.774965686798096,NA,4.774965686798096,NA,aliphatic_amine,0.9976344228711664,0.0023655771288335625,2.5689714258404543
Olanzapine,CHEMBL715,312.44,30.87,1,5,3.44,Cc1cc2c(s1)Nc1ccccc1N=C2N1CCN(C)CC1,ChEMBL,NA,0,NA,89.27,0.10730000000000006,1,ChEMBL_PPB,0.10730000000000006,7.9,4,"8, 4.66, 8.5, 7.8",1.9,1,1.9,8.25,NA,2.94,3,ACID,312.4420000000001,30.870000000000005,1,5,3.4392200000000033,312.44,30.87,3.44,0.0020000000001232365,3.552713678800501e-15,0,0,7.799999999966722e-4,"5.07, 7.944, 8.718, 10.061",4,"BASE, ACID, BASE, ACID",7.943711757659912,8.718348445892333,7.943711757659912,8.718348445892333,acidic_aniline,aliphatic_amine,0.04524967078927401,0.954750329210726,2.0956154238744427
Oxazepam,CHEMBL568,286.72,61.69,2,3,2.45,O=C1Nc2ccc(Cl)cc2C(c2ccccc2)=NC1O,ChEMBL,0.0495,4,"0.04, 0.04, 0.105, 0.059",NA,NA,NA,ChEMBL_Fu,0.0495,0.165,2,"0.06, 0.27",NA,0,NA,8.93,NA,2.23,2.24,ACID,286.718,61.69,2,3,2.4479,286.72,61.69,2.45,0.0020000000000095497,0,0,0,0.0020999999999999908,"6.46, 10.188, 11.119",3,"BASE, ACID, ACID",10.188254280090332,6.459884376525879,10.188254280090332,NA,acidic_amide,NA,0.9983743048317898,0.001625695168210206,2.4492933950413067
Paclitaxel,CHEMBL428647,853.92,221.29,4,14,3.74,CC(=O)O[C@H]1C(=O)[C@@]2(C)[C@H]([C@H](OC(=O)c3ccccc3)[C@]3(O)C[C@H](OC(=O)[C@H](O)[C@@H](NC(=O)c4ccccc4)c4ccccc4)C(C)=C1C3(C)C)[C@]1(OC(C)=O)CO[C@@H]1C[C@@H]2O,ChEMBL,0.07,3,"0.03, 0.07, 0.12",NA,NA,NA,ChEMBL_Fu,0.07,NA,0,NA,3.6,1,3.6,6.16,NA,0.75,2.01,ACID,853.918,221.28999999999996,4,14,3.7357000000000036,853.92,221.29,3.74,0.0019999999999527063,2.842170943040401e-14,0,0,0.00429999999999664,"4.522, 7.772, 7.933, 8.39, 8.506",5,"BASE, ACID, ACID, ACID, ACID",7.77158224105835,4.52215684890747,7.77158224105835,NA,alcohol,NA,0.701740492561457,0.298259507438543,3.586176537364807
Praziquantel,CHEMBL976,312.41,40.62,0,2,2.53,O=C(C1CCCCC1)N1CC(=O)N2CCc3ccccc3C2C1,ChEMBL,NA,0,NA,39.595,0.60405,2,ChEMBL_PPB,0.60405,NA,0,NA,3,2,"3, 3",NA,4.7,1.74,1.74,BASE,312.41300000000007,40.620000000000005,0,2,2.5349000000000004,312.41,40.62,2.53,0.0030000000000427463,7.105427357601002e-15,0,0,0.0049000000000005706,5.664,1,BASE,NA,5.663796081542968,NA,NA,NA,NA,1,0,2.53
Prednisone,CHEMBL635,358.43,91.67,2,5,1.77,C[C@]12C=CC(=O)C=C1CC[C@@H]1[C@@H]2C(=O)C[C@@]2(C)[C@H]1CC[C@]2(O)C(=O)CO,ChEMBL,0.25,3,"0.25, 0.25, 0.27",NA,NA,NA,ChEMBL_Fu,0.25,NA,0,NA,1.46,1,1.46,8.77,NA,1.45,1.47,ACID,358.43400000000014,91.67,2,5,1.7658,358.43,91.67,1.77,0.004000000000132786,0,0,0,0.0041999999999999815,"6.416, 7.523",2,"ACID, ACID",6.415539512634277,NA,6.415539512634277,NA,alcohol,NA,0.09390980592407626,0.9060901940759237,0.7427109430261438
Primidone,CHEMBL856,218.26,58.20,2,2,0.54,CCC1(c2ccccc2)C(=O)NCNC1=O,ChEMBL,NA,0,NA,NA,NA,0,NA,NA,NA,0,NA,NA,0,NA,8.36,NA,0.86,0.91,ACID,218.25599999999994,58.2,2,2,0.5378999999999999,218.26,58.2,0.54,0.004000000000047521,0,0,0,0.002100000000000102,"5.693, 8.744, 9.262",3,"BASE, ACID, ACID",8.74431022644043,5.692697620391845,8.74431022644043,NA,acidic_amide,NA,0.9567021316896036,0.04329786831039639,0.5207767416431909
Ritonavir,CHEMBL163,720.96,145.78,4,9,5.91,CC(C)c1nc(CN(C)C(=O)N[C@H](C(=O)N[C@@H](Cc2ccccc2)C[C@H](O)[C@H](Cc2ccccc2)NC(=O)OCc2cncs2)C(C)C)cs1,ChEMBL,0.021,1,0.021,NA,NA,NA,ChEMBL_Fu,0.021,NA,0,NA,NA,0,NA,6.22,NA,2.26,3.47,ACID,720.9620000000001,145.77999999999997,4,9,5.905200000000005,720.96,145.78,5.91,0.002000000000066393,2.842170943040401e-14,0,0,0.0047999999999950305,"4.444, 5.106, 5.247, 5.423, 5.478, 7.564, 8.188, 8.522, 8.647",9,"ACID, BASE, BASE, BASE, BASE, ACID, ACID, ACID, ACID",4.4440897274017335,5.478167247772217,4.4440897274017335,5.422878103256226,carbamate,heterocyclic_N_basic_5ring_polyhet,0.001105615788569081,0.998894384211431,2.9536042319471543
Rivaroxaban,CHEMBL198362,435.89,88.18,1,6,2.52,O=C(NC[C@H]1CN(c2ccc(N3CCOCC3=O)cc2)C(=O)O1)c1ccc(Cl)s1,ChEMBL,NA,0,NA,NA,NA,0,NA,NA,NA,0,NA,NA,0,NA,NA,3.94,2.08,2.08,BASE,435.8890000000001,88.18,1,6,2.5199000000000007,435.89,88.18,2.52,9.999999998626663e-4,0,0,0,9.999999999932285e-5,"2.892, 3.792, 5.178, 8.717",4,"ACID, BASE, BASE, ACID",8.71687349319458,5.17776777267456,8.71687349319458,NA,acidic_amide,NA,0.9540083811097396,0.04599161889026038,2.4995521900643927
Rofecoxib,CHEMBL122,314.36,60.44,0,4,2.56,CS(=O)(=O)c1ccc(C2=C(c3ccccc3)C(=O)OC2)cc1,ChEMBL,NA,0,NA,93.1,0.06900000000000006,1,ChEMBL_PPB,0.06900000000000006,NA,0,NA,NA,0,NA,NA,NA,3.17,3.17,NEUTRAL,314.3620000000001,60.44,0,4,2.5577000000000005,314.36,60.44,2.56,0.002000000000066393,0,0,0,0.0022999999999995246,NA,0,NA,NA,NA,NA,NA,NA,NA,1,0,2.56
Spironolactone,CHEMBL1393,416.58,60.44,0,5,4.85,CC(=O)S[C@@H]1CC2=CC(=O)CC[C@]2(C)[C@H]2CC[C@@]3(C)[C@@H](CC[C@@]34CCC(=O)O4)[C@H]12,ChEMBL,NA,0,NA,49,0.51,1,ChEMBL_PPB,0.51,NA,0,NA,NA,0,NA,NA,NA,2.78,2.78,NEUTRAL,416.58300000000025,60.44,0,5,4.852300000000005,416.58,60.44,4.85,0.00300000000027012,0,0,0,0.002300000000005298,NA,0,NA,NA,NA,NA,NA,NA,NA,1,0,4.85
Tacrolimus,CHEMBL3989887,822.05,178.36,3,12,4.64,C=CC[C@@H]1/C=C(\C)C[C@H](C)C[C@H](OC)[C@H]2O[C@@](O)(C(=O)C(=O)N3CCCC[C@H]3C(=O)O[C@H](/C(C)=C/[C@@H]3CC[C@@H](O)[C@H](OC)C3)[C@H](C)[C@@H](O)CC1=O)[C@H](C)C[C@@H]2OC.O,ChEMBL,NA,0,NA,NA,NA,0,NA,NA,NA,0,NA,NA,0,NA,NA,6.19,2.4,2.43,BASE,822.046,209.85999999999996,3,12,3.8143000000000042,822.05,178.36,4.64,0.0039999999999054126,31.499999999999943,0,0,0.8256999999999954,"6.322, 7.365, 7.571, 8.369",4,"BASE, ACID, ACID, ACID",7.364769172668457,6.321972713470459,7.364769172668457,NA,alcohol,NA,0.47973062001040506,0.520269379989595,4.320997439285478
Zaleplon,CHEMBL1521,305.34,74.29,0,5,2.64,CCN(C(C)=O)c1cccc(-c2ccnc3c(C#N)cnn23)c1,ChEMBL,0.4,3,"0.4, 0.49, 0.4",NA,NA,NA,ChEMBL_Fu,0.4,NA,0,NA,NA,0,NA,NA,1.25,1.23,1.23,BASE,305.341,74.28999999999999,0,4,2.6407800000000003,305.34,74.29,2.64,0.0010000000000331966,1.4210854715202004e-14,0,1,7.80000000000225e-4,"2.647, 2.711, 3.784",3,"BASE, BASE, BASE",NA,3.784487705230713,NA,NA,NA,NA,1,0,2.64
Aztreonam,CHEMBL158,435.44,201.58,4,10,-1.17,C[C@H]1[C@H](NC(=O)/C(=N\OC(C)(C)C(=O)O)c2csc(N)n2)C(=O)N1S(=O)(=O)O,ChEMBL,0.62,5,"0.72, 0.71, 0.4, 0.62, 0.62",NA,NA,NA,ChEMBL_Fu,0.62,2.75,1,2.75,NA,0,NA,6.04,NA,-0.87,0.51,ACID,435.44000000000017,201.57999999999998,4,10,-1.1724999999999979,435.44,201.58,-1.17,1.7053025658242404e-13,2.842170943040401e-14,0,0,0.0024999999999979483,"2.471, 2.666, 2.782, 3.001, 3.038, 3.996",6,"BASE, ACID, BASE, BASE, BASE, ACID",3.996499500274658,3.0378773689270018,3.996499500274658,3.0378773689270018,acidic_amide,aliphatic_amine,3.94755344843601e-4,0.9996052446551564,-4.573671981090743
Benzylpenicillin,CHEMBL29,334.40,86.71,2,4,0.86,CC1(C)S[C@@H]2[C@H](NC(=O)Cc3ccccc3)C(=O)N2[C@H]1C(=O)O,ChEMBL,0.4,1,0.4,NA,NA,NA,ChEMBL_Fu,0.4,2.72,3,"2.6, 2.8, 2.72",NA,0,NA,5.78,NA,0.2,1.83,ACID,334.39700000000005,86.71000000000001,2,4,0.8607999999999998,334.4,86.71,0.86,0.0029999999999290594,1.4210854715202004e-14,0,0,7.999999999998009e-4,"2.989, 3.309, 3.463, 6.117",4,"ACID, BASE, BASE, ACID",6.1173726844787595,3.462906150817871,6.1173726844787595,NA,acidic_amide,NA,0.049578017573666394,0.9504219824263336,-0.4447108429177403
Captopril,CHEMBL1560,217.29,57.61,2,3,0.63,C[C@H](CS)C(=O)N1CCC[C@H]1C(=O)O,ChEMBL,0.73,1,0.73,NA,NA,NA,ChEMBL_Fu,0.73,3.7,1,3.7,NA,0,NA,2.62,NA,-4.44,0.34,ACID,217.28999999999996,57.61,2,3,0.6279000000000001,217.29,57.61,0.63,2.842170943040401e-14,0,0,0,0.0020999999999998797,"3.836, 6.551, 7.514, 7.663",4,"ACID, BASE, BASE, ACID",3.8357811832427977,7.51429651260376,3.8357811832427977,NA,carboxylate,NA,2.726859370480299e-4,0.999727314062952,-2.9343372589044434
Cefonicid,CHEMBL1601,542.58,204.91,4,12,-0.92,O=C(O)C1=C(CSc2nnnn2CS(=O)(=O)O)CS[C@@H]2[C@H](NC(=O)[C@H](O)c3ccccc3)C(=O)N12,ChEMBL,NA,0,NA,NA,NA,0,NA,NA,NA,0,NA,NA,0,NA,5.84,NA,-1.4,0.17,ACID,542.5770000000001,204.90999999999997,4,11,-0.9172999999999991,542.58,204.91,-0.92,0.0029999999999290594,2.842170943040401e-14,0,1,0.002700000000000924,"2.523, 2.547, 2.731, 2.758, 2.996, 4.052, 5.382",7,"ACID, BASE, BASE, BASE, ACID, ACID, ACID",4.051737060546875,NA,4.051737060546875,NA,alcohol,NA,4.4827274497057676e-4,0.9995517272550294,-4.268457665481101
Cefotaxime,CHEMBL1730,455.47,173.51,3,11,-0.62,CO/N=C(\C(=O)N[C@@H]1C(=O)N2C(C(=O)O)=C(COC(C)=O)CS[C@H]12)c1csc(N)n1,ChEMBL,0.6,1,0.6,NA,NA,NA,ChEMBL_Fu,0.6,3.75,1,3.75,NA,0,NA,4.78,6.34,-1.56,0.29,AMPHOLYTE,455.47400000000016,173.51,3,11,-0.6224999999999987,455.47,173.51,-0.62,0.004000000000132786,0,0,0,0.0024999999999987255,"2.584, 2.874, 2.882, 2.96, 3.26, 3.918, 5.498",7,"BASE, BASE, BASE, BASE, ACID, BASE, ACID",3.2604321956634523,3.9180069255828855,3.2604321956634523,3.9180069255828855,carboxylate,aliphatic_amine,7.251046550703356e-5,0.999927489534493,-4.759599306753986
Cefoxitin,CHEMBL996,427.46,148.26,3,8,0.10,CO[C@@]1(NC(=O)Cc2cccs2)C(=O)N2C(C(=O)O)=C(COC(N)=O)CS[C@@H]21,ChEMBL,0.73,1,0.73,NA,NA,NA,ChEMBL_Fu,0.73,NA,0,NA,NA,0,NA,5.16,NA,-2.26,-0.02,ACID,427.4600000000002,148.26000000000002,3,8,0.09859999999999991,427.46,148.26,0.1,2.2737367544323206e-13,2.842170943040401e-14,0,0,0.0014000000000000956,"3.002, 3.214, 3.229, 3.418, 4.513, 6.136",6,"BASE, ACID, BASE, ACID, ACID, ACID",3.213924837112427,3.2289141464233397,3.213924837112427,NA,carboxylate,NA,6.51473182685077e-5,0.9999348526817315,-4.086103456930059
Emtricitabine,CHEMBL885,247.25,90.37,2,7,-0.46,Nc1nc(=O)n([C@@H]2CS[C@H](CO)O2)cc1F,ChEMBL,NA,0,NA,NA,NA,0,NA,NA,NA,0,NA,NA,0,NA,5.09,NA,-2.74,-0.43,ACID,247.25099999999998,90.37,2,6,-0.4550000000000003,247.25,90.37,-0.46,9.999999999763531e-4,0,0,1,0.004999999999999727,"2.863, 4.113, 8.034, 8.424",4,"BASE, BASE, ACID, ACID",8.034459400177003,4.112766199111938,8.034459400177003,4.112766199111938,acidic_aniline,aliphatic_amine,0.8113298994487298,0.1886701005512702,-0.5508025189360815
Enalaprilat,CHEMBL3989406,384.43,106.94,3,4,1.13,C[C@H](N[C@@H](CCc1ccccc1)C(=O)O)C(=O)N1CCC[C@H]1C(=O)O.O.O,ChEMBL,NA,0,NA,NA,NA,0,NA,NA,NA,0,NA,NA,0,NA,4.07,NA,-4.06,-0.73,ACID,384.42900000000026,169.94,3,4,-0.5232999999999988,384.43,106.94,1.13,9.999999997489795e-4,63,0,0,1.6532999999999987,"3.109, 4.967, 7.474",3,"ACID, ACID, BASE",3.109260320663452,7.473747005462647,3.109260320663452,7.473747005462647,carboxylate,aliphatic_amine,5.1193136337107513e-05,0.9999488068636629,-3.160788262671397
Hydrochlorothiazide,CHEMBL435,297.75,118.36,3,5,-0.35,NS(=O)(=O)c1cc2c(cc1Cl)NCNS2(=O)=O,ChEMBL,NA,0,NA,64.995,0.35005,2,ChEMBL_PPB,0.35005,9.035,10,"10.07, 7, 9.95, 7.9, 8.53, 0, 8.68, 9.39, 9.82, 10.1",-0.2,1,-0.2,8.32,NA,-0.12,-0.07,ACID,297.74500000000006,118.35999999999999,3,5,-0.35129999999999967,297.75,118.36,-0.35,0.004999999999938609,1.4210854715202004e-14,0,0,0.0012999999999996903,"4.412, 7.357, 7.705, 8.664, 9.102, 9.171",6,"BASE, ACID, ACID, ACID, ACID, ACID",7.35687484741211,4.412129621505738,7.35687484741211,4.412129621505738,sulfonamide,aliphatic_amine,0.4749634519432761,0.5250365480567238,-0.673339807701526
Levofloxacin,CHEMBL5315124,740.76,75.01,1,6,1.54,C[C@H]1COc2c(N3CCN(C)CC3)c(F)cc3c(=O)c(C(=O)O)cn1c23.C[C@H]1COc2c(N3CCN(C)CC3)c(F)cc3c(=O)c(C(=O)O)cn1c23.O,ChEMBL,0.53,2,"0.31, 0.75",NA,NA,NA,ChEMBL_Fu,0.53,6.1,7,"5.1, 6, 8.6, 8.12, 6.1, 6, 8.5",-0.43,1,-0.43,1.2,NA,-6.59,-0.39,ACID,740.7610000000001,181.51999999999998,2,10,2.263300000000001,740.76,75.01,1.54,0.00100000000009004,106.50999999999998,1,4,0.7233000000000009,"5.973, 6.62, 6.805",3,"BASE, ACID, BASE",6.620166549682617,6.8051581382751465,6.620166549682617,6.8051581382751465,carboxylate,aliphatic_amine,0.1374102906090567,0.8625897093909433,0.6780192581047387
Methotrexate,CHEMBL34259,454.45,210.54,5,10,0.27,CN(Cc1cnc2nc(N)nc(N)c2n1)c1ccc(C(=O)N[C@@H](CCC(=O)O)C(=O)O)cc1,ChEMBL,0.37,1,0.37,NA,NA,NA,ChEMBL_Fu,0.37,4.7,8,"3.8, 4.7, 3.36, 5.6, 5.5, 3.1, 5.4, 4.7",-2.52,2,"-2.52, -2.52",1.74,8.44,-4.16,-1.85,AMPHOLYTE,454.44700000000023,210.53999999999996,5,10,0.2684000000000012,454.45,210.54,0.27,0.002999999999758529,2.842170943040401e-14,0,0,0.0015999999999988246,"2.805, 3.359, 3.614, 3.779, 4.321, 4.807, 5.15, 6.248, 6.476, 8.398",10,"BASE, BASE, ACID, BASE, ACID, BASE, BASE, ACID, BASE, ACID",3.6141524600982664,6.476412506103515,3.6141524600982664,6.476412506103515,carboxylate,aliphatic_amine,1.6370912124177847e-4,0.9998362908787582,-3.515927122697917
Methyldopa,CHEMBL459,211.22,103.78,4,4,0.44,C[C@](N)(Cc1ccc(O)c(O)c1)C(=O)O,ChEMBL,0.85,1,0.85,NA,NA,NA,ChEMBL_Fu,0.85,2.218,3,"12.66, 2.21, 2.218",NA,0,NA,4.25,7.68,-1.88,-1.42,AMPHOLYTE,211.21699999999998,103.78000000000002,4,4,0.4423000000000001,211.22,103.78,0.44,0.0030000000000143245,1.4210854715202004e-14,0,0,0.0023000000000000798,"5.76, 7.858",2,"ACID, BASE",5.760492067337037,7.857598419189453,5.760492067337037,7.857598419189453,carboxylate,aliphatic_amine,0.02106581208662139,0.9789341879133786,-1.2364217941711038
Tenofovir,CHEMBL3989702,305.23,136.38,3,7,-0.05,C[C@H](Cn1cnc2c(N)ncnc21)OCP(=O)(O)O.O,ChEMBL,NA,0,NA,NA,NA,0,NA,NA,NA,0,NA,NA,0,NA,1.29,7.96,-4.07,-1.29,AMPHOLYTE,305.231,167.88000000000002,3,6,-0.8759000000000003,305.23,136.38,-0.05,9.999999999763531e-4,31.50000000000003,0,1,0.8259000000000003,"3.193, 3.315, 4.575, 4.924, 8.164",5,"BASE, BASE, ACID, ACID, ACID",4.574927043914795,3.3153982162475586,4.574927043914795,3.3153982162475586,phosphate,heterocyclic_N_basic_polyhet,0.0014937495183979634,0.998506250481602,-2.875722221729304
Topiramate,CHEMBL220492,339.37,115.54,1,8,-0.40,CC1(C)O[C@@H]2[C@@H](CO[C@@]3(COS(N)(=O)=O)OC(C)(C)O[C@@H]23)O1,ChEMBL,NA,0,NA,NA,NA,0,NA,NA,8.68,2,"8.66, 8.7",NA,0,NA,NA,4.97,0.26,0.26,BASE,339.3660000000001,115.54,1,8,-0.3953999999999982,339.37,115.54,-0.4,0.0039999999999054126,0,0,0,0.004600000000001825,"7.284, 8.903",2,"ACID, ACID",7.28404483795166,NA,7.28404483795166,NA,sulfonamide,NA,0.4336445666328831,0.5663554333671169,-0.7628660907498279
Vigabatrin,CHEMBL89598,129.16,63.32,2,2,0.36,C=CC(N)CCC(=O)O,ChEMBL,NA,0,NA,NA,NA,0,NA,NA,9.5,1,9.5,NA,0,NA,NA,NA,NA,NA,NEUTRAL,129.159,63.32000000000001,2,2,0.36450000000000005,129.16,63.32,0.36,0.0010000000000047748,7.105427357601002e-15,0,0,0.0045000000000000595,"4.93, 9.528",2,"ACID, BASE",4.9296157264709475,9.528127555847169,4.9296157264709475,9.528127555847169,carboxylate,aliphatic_amine,0.0023218119181876613,0.9976781880818123,-2.274172963840157
Atenolol,CHEMBL24,266.34,84.58,3,4,0.45,CC(C)NCC(O)COc1ccc(CC(N)=O)cc1,ChEMBL,0.925,2,"0.91, 0.94",NA,NA,NA,ChEMBL_Fu,0.925,9.54,17,"9.6, 9.6, 9.6, 9.3, 9.54, 9.6, 9.19, 9.54, 9.58, 9.6, 9.7, 9.6, 9.43, 9.36, 9.36, 9.37, 7.4",-1.15,5,"-2, -2.14, -0.19, -0.16, -1.15",NA,8.16,-0.67,0.16,BASE,266.34099999999995,84.57999999999998,3,4,0.45210000000000006,266.34,84.58,0.45,9.999999999763531e-4,1.4210854715202004e-14,0,0,0.0021000000000000463,"8.125, 9.506",2,"BASE, BASE",NA,9.506144485473634,NA,9.506144485473634,NA,aliphatic_amine,0.0077708317196207724,0.9922291682803792,-1.659532495753692
Azithromycin,CHEMBL529,749.00,180.08,5,14,1.90,CC[C@H]1OC(=O)[C@H](C)[C@@H](O[C@H]2C[C@@](C)(OC)[C@@H](O)[C@H](C)O2)[C@H](C)[C@@H](O[C@@H]2O[C@H](C)C[C@H](N(C)C)[C@H]2O)[C@](C)(O)C[C@@H](C)CN(C)[C@H](C)[C@@H](O)[C@]1(C)O,ChEMBL,0.88,2,"0.88, 0.88",NA,NA,NA,ChEMBL_Fu,0.88,9.094999999999999,2,"8.74, 9.45",2.11,1,2.11,NA,6.55,3.96,4.02,BASE,748.9960000000001,180.08,5,14,1.9007000000000054,749,180.08,1.9,0.0039999999999054126,0,0,0,7.00000000005474e-4,"8.831, 8.847, 8.862, 8.863",4,"BASE, BASE, ACID, ACID",8.861665229797364,8.846673240661621,8.861665229797364,8.846673240661621,alcohol,aliphatic_amine,0.03447883181786783,0.9655211681821322,0.43755254300974267
Baclofen,CHEMBL701,213.66,63.32,2,2,1.86,NCC(CC(=O)O)c1ccc(Cl)cc1,ChEMBL,NA,0,NA,NA,NA,0,NA,NA,6.699999999999999,2,"3.7, 9.7",NA,0,NA,4.12,NA,-4.23,-0.95,ACID,213.664,63.32000000000001,2,2,1.857,213.66,63.32,1.86,0.003999999999990678,7.105427357601002e-15,0,0,0.0030000000000001137,"4.558, 9.108",2,"ACID, BASE",4.558400936126709,9.107638607025146,4.558400936126709,9.107638607025146,carboxylate,aliphatic_amine,0.0013397803364985268,0.9986602196635015,-1.0129664004909193
Chloroquine,CHEMBL76,319.88,28.16,1,3,4.81,CCN(CC)CCCC(C)Nc1ccnc2cc(Cl)ccc12,ChEMBL,0.43,1,0.43,NA,NA,NA,ChEMBL_Fu,0.43,9.9,11,"10.2, 9.9, 10.27, 9.94, 9.94, 8.41, 8.1, 10.8, 8.4, 8.38, 8.5",0.89,9,"0.85, 0.06, 0.85, 0.9, 0.9, 2, 0.89, 0.92, 0.85",NA,11.34,0.69,4.63,BASE,319.88000000000005,28.16,1,3,4.810600000000004,319.88,28.16,4.81,5.684341886080802e-14,0,0,0,6.000000000048189e-4,"5.541, 6.102, 8.973",3,"BASE, BASE, BASE",NA,8.972896461486817,NA,8.972896461486817,NA,aliphatic_amine,0.026040214883633152,0.9739597851163668,3.2256445637053353
Cimetidine,CHEMBL30,252.35,88.89,3,4,0.60,CN/C(=N\CCSCc1nc[nH]c1C)NC#N,ChEMBL,0.81,3,"0.81, 0.81, 0.78",NA,NA,NA,ChEMBL_Fu,0.81,6.885,12,"6.97, 6.97, 6.4, 14, 6.8, 6.8, 7.02, 6.8, 6.97, 6.76, 6.8, 7",0.315,4,"0.35, 0.29, 0.34, -0.4",NA,9.2,-1.41,0.4,BASE,252.347,88.88999999999999,3,4,0.5974,252.35,88.89,0.6,0.002999999999985903,1.4210854715202004e-14,0,0,0.0025999999999999357,"4.853, 5.96, 7.969",3,"BASE, BASE, BASE",NA,7.969078273773193,NA,7.969078273773193,NA,heterocyclic_N_basic_5ring_polyhet,0.21242808996409654,0.7875719100359034,-0.07278805581187997
Disopyramide,CHEMBL517,339.48,59.22,1,3,3.36,CC(C)N(CCC(C(N)=O)(c1ccccc1)c1ccccn1)C(C)C,ChEMBL,0.16,1,0.16,NA,NA,NA,ChEMBL_Fu,0.16,10.32,3,"10.4, 10.1, 10.32",-0.66,1,-0.66,NA,8.93,1.04,2.58,BASE,339.4830000000001,59.22,1,3,3.361900000000002,339.48,59.22,3.36,0.0030000000000995897,0,0,0,0.0019000000000022332,"4.565, 8.185, 9.468",3,"BASE, BASE, BASE",NA,9.46804141998291,NA,9.46804141998291,NA,aliphatic_amine,0.008477371396708967,0.991522628603291,1.2882612101725317
Famotidine,CHEMBL902,337.46,175.83,4,6,-0.77,NC(N)=Nc1nc(CSCC/C(N)=N/S(N)(=O)=O)cs1,ChEMBL,0.84,1,0.84,NA,NA,NA,ChEMBL_Fu,0.84,7.1,3,"7.1, 7.1, 0.02",NA,0,NA,NA,5.71,-0.65,-0.64,BASE,337.456,175.82999999999998,4,6,-0.7679999999999998,337.46,175.83,-0.77,0.003999999999962256,2.842170943040401e-14,0,0,0.002000000000000224,"5.1, 7.82, 8.897",3,"BASE, BASE, ACID",8.897116413116455,7.819827346801758,8.897116413116455,7.819827346801758,sulfonamide,aliphatic_amine,0.2731452359991591,0.7268547640008409,-1.3336063697323008
Flecainide,CHEMBL652,414.35,59.59,2,4,3.44,O=C(NCC1CCCCN1)c1cc(OCC(F)(F)F)ccc1OCC(F)(F)F,ChEMBL,0.39,3,"0.39, 0.39, 0.52",NA,NA,NA,ChEMBL_Fu,0.39,9.3,5,"9.3, 9.3, 9.3, 9.3, 9.28",0.97,1,0.97,7.87,8.52,2.92,3.78,AMPHOLYTE,414.34600000000006,59.59,2,4,3.4407000000000014,414.35,59.59,3.44,0.003999999999962256,0,0,0,7.000000000014772e-4,"4.612, 9.107, 9.182",3,"BASE, BASE, ACID",9.182248382568359,9.107427864074706,9.182248382568359,9.107427864074706,acidic_amide,aliphatic_amine,0.019230842845000592,0.9807691571549995,1.7239983188152512
Fluconazole,CHEMBL106,306.28,81.65,1,7,0.74,OC(Cn1cncn1)(Cn1cncn1)c1ccc(F)cc1F,ChEMBL,0.89,5,"0.89, 0.89, 0.89, 0.89, 0.9",NA,NA,NA,ChEMBL_Fu,0.89,NA,0,NA,0.425,6,"0.5, 0.41, 0.44, 0.4, 0.4, 0.5",NA,2.12,0.5,0.5,BASE,306.276,81.64999999999999,1,5,0.7357999999999993,306.28,81.65,0.74,0.003999999999962256,1.4210854715202004e-14,0,2,0.004200000000000648,"3.229, 3.296, 3.493, 3.605, 8.877",5,"BASE, BASE, BASE, BASE, ACID",8.877418422698975,3.605141363143921,8.877418422698975,3.605141363143921,alcohol,heterocyclic_N_basic_5ring_polyhet,0.9676131093008303,0.03238689069916967,0.7257017435865405
Metformin,CHEMBL1431,129.17,88.99,4,2,-1.03,CN(C)C(=N)NC(=N)N,ChEMBL,1,1,1,NA,NA,NA,ChEMBL_Fu,1,11.25,4,"11.5, 11, 12.4, 2.8",-3.37,2,"-3.37, -3.37",NA,13.28,-5.5,0.38,BASE,129.167,88.99000000000001,4,2,-1.034159999999999,129.17,88.99,-1.03,0.002999999999985903,1.4210854715202004e-14,0,0,0.004159999999999053,11.789,1,BASE,NA,NA,NA,NA,NA,NA,1,0,-1.03
Metoclopramide,CHEMBL86,299.80,67.59,2,4,2.00,CCN(CC)CCNC(=O)c1cc(Cl)c(N)cc1OC,ChEMBL,0.6,4,"0.6, 0.6, 0.6, 0.295",NA,NA,NA,ChEMBL_Fu,0.6,9.455,8,"9.33, 9.51, 9.3, 9.59, 9.59, 9.51, 9.4, 9.33",0.64,3,"0.64, 3.31, 0",NA,11.21,-1.19,2.62,BASE,299.8020000000001,67.59,2,4,2.0023999999999997,299.8,67.59,2,0.002000000000066393,0,0,0,0.0023999999999997357,"3.781, 5.627, 8.871, 8.917, 9.252",5,"BASE, BASE, BASE, ACID, ACID",8.917244415283204,8.87051773071289,8.917244415283204,8.87051773071289,acidic_amide,aliphatic_amine,0.032703585553431246,0.9672964144465688,0.5145953704187971
Nadolol,CHEMBL521606,309.41,81.95,4,5,0.63,CC(C)(C)NCC(O)COc1cccc2c1CC(O)C(O)C2,ChEMBL,0.42,2,"0.7, 0.14",NA,NA,NA,ChEMBL_Fu,0.42,9.67,8,"9.67, 9.7, 9.67, 2.37, 9.69, 9.67, 9.9, 9.3",-0.25999999999999995,2,"0.68, -1.2",9.8,9.8,-1.59,0.81,AMPHOLYTE,309.406,81.95,4,5,0.6347999999999998,309.41,81.95,0.63,0.004000000000019099,0,0,0,0.004799999999999804,9.578,1,BASE,NA,9.578009490966798,NA,9.578009490966798,NA,aliphatic_amine,0.0065935225601057145,0.9934064774398943,-1.5508825035105005
Ofloxacin,CHEMBL4,361.37,75.01,1,6,1.54,CC1COc2c(N3CCN(C)CC3)c(F)cc3c(=O)c(C(=O)O)cn1c23,ChEMBL,0.75,1,0.75,NA,NA,NA,ChEMBL_Fu,0.75,8.31,1,8.31,NA,0,NA,1.2,NA,-6.59,-0.39,ACID,361.37300000000005,75.00999999999999,1,5,1.5439999999999998,361.37,75.01,1.54,0.0030000000000427463,1.4210854715202004e-14,0,1,0.0039999999999997815,"5.196, 6.519, 6.763",3,"BASE, ACID, BASE",6.519378051757813,6.762609634399414,6.519378051757813,6.762609634399414,carboxylate,aliphatic_amine,0.11328730348004949,0.8867126965199505,0.59418123962923175
Pilsicainide,CHEMBL163238,272.39,32.34,1,2,3.26,Cc1cccc(C)c1NC(=O)CC12CCCN1CCC2,ChEMBL,NA,0,NA,NA,NA,0,NA,NA,NA,0,NA,NA,0,NA,NA,7.04,2.29,2.45,BASE,272.392,32.34,1,2,3.260440000000002,272.39,32.34,3.26,0.0020000000000095497,0,0,0,4.4000000000199435e-4,"6.039, 8.692, 10.562",3,"BASE, BASE, ACID",10.562206649780274,8.691837730407714,10.562206649780274,8.691837730407714,acidic_amide,aliphatic_amine,0.04858657426343997,0.9514134257365601,1.946516278957361
Pseudoephedrine,CHEMBL1590,165.24,32.26,2,2,1.33,CN[C@@H](C)[C@@H](O)c1ccccc1,ChEMBL,NA,0,NA,NA,NA,0,NA,NA,10.055,2,"10.25, 9.86",NA,0,NA,NA,9.58,-0.69,1.49,BASE,165.236,32.26,2,2,1.3278999999999999,165.24,32.26,1.33,0.004000000000019099,0,0,0,0.002100000000000213,"9.779, 10.667",2,"BASE, ACID",10.666882286071777,9.778911628723144,10.666882286071777,9.778911628723144,alcohol,aliphatic_amine,0.004161751954315656,0.9958382480456843,-1.050723807853891
Pyridostigmine,CHEMBL1115,181.22,33.42,0,2,0.57,CN(C)C(=O)Oc1ccc[n+](C)c1,ChEMBL,1,1,1,NA,NA,NA,ChEMBL_Fu,1,NA,0,NA,NA,0,NA,NA,4.82,1.94,1.94,BASE,181.21499999999997,33.42,0,2,0.5714999999999999,181.22,33.42,0.57,0.005000000000023874,0,0,0,0.0014999999999999458,NA,0,NA,NA,NA,NA,NA,NA,NA,1,0,0.57
Pyrimethamine,CHEMBL36,248.72,77.82,2,4,2.52,CCc1nc(N)nc(N)c1-c1ccc(Cl)cc1,ChEMBL,0.095,1,0.095,NA,NA,NA,ChEMBL_Fu,0.095,7.36,1,7.36,1.93,1,1.93,NA,6.73,2.61,2.69,BASE,248.71700000000004,77.82,2,4,2.5238000000000005,248.72,77.82,2.52,0.002999999999957481,0,0,0,0.0038000000000004697,"3.644, 3.902, 6.631, 7.888, 9.687, 9.844",6,"BASE, BASE, BASE, BASE, ACID, BASE",9.686914558410644,9.843728561401367,9.686914558410644,9.843728561401367,acidic_aniline,aliphatic_amine,0.00358676440716284,0.9964132355928371,0.07470285143778366
Sotalol,CHEMBL471,272.37,78.43,3,4,1.09,CC(C)NCC(O)c1ccc(NS(C)(=O)=O)cc1,ChEMBL,0.81,2,"1, 0.62",NA,NA,NA,ChEMBL_Fu,0.81,9.76,2,"9.76, 9.76",-1.35,1,-1.35,8.12,NA,0.16,0.24,ACID,272.37,78.43,3,4,1.0895000000000001,272.37,78.43,1.09,0,0,0,0,4.999999999999449e-4,"7.107, 8.809, 9.064, 10.086",4,"ACID, BASE, ACID, ACID",7.106814002990722,8.80897367477417,7.106814002990722,8.80897367477417,sulfonamide,aliphatic_amine,0.03495588381318503,0.965044116186815,-0.3664797128358781
Stavudine,CHEMBL991,224.22,84.32,2,5,-0.71,Cc1cn([C@H]2C=C[C@@H](CO)O2)c(=O)[nH]c1=O,ChEMBL,1,1,1,NA,NA,NA,ChEMBL_Fu,1,NA,0,NA,NA,0,NA,8.69,NA,-0.74,-0.72,ACID,224.21599999999998,84.32,2,4,-0.7090799999999999,224.22,84.32,-0.71,0.004000000000019099,0,0,1,9.200000000000319e-4,"5.521, 7.734, 9.431",3,"BASE, ACID, BASE",7.7335772132873535,9.430817184448243,7.7335772132873535,9.430817184448243,alcohol,heterocyclic_N_basic_polyhet,0.009189686555013057,0.9908103134449869,-2.7466993014266987
Terbutaline,CHEMBL1760,225.29,72.72,4,4,1.52,CC(C)(C)NCC(O)c1cc(O)cc(O)c1,ChEMBL,0.8,3,"0.8, 0.8, 0.75",NA,NA,NA,ChEMBL_Fu,0.8,8.7,9,"11.1, 8.7, 8.7, 8.8, 8.67, 8.65, 8.7, 8.8, 10",-1.4,1,-1.4,NA,8.51,-0.24,0.9,BASE,225.288,72.72,4,4,1.5192999999999997,225.29,72.72,1.52,0.001999999999981128,0,0,0,7.00000000000367e-4,9.456,1,BASE,NA,9.456154861450194,NA,9.456154861450194,NA,aliphatic_amine,0.008710550888067988,0.9912894491119321,-0.5399543777038809
Digoxin,CHEMBL1751,780.95,203.06,6,14,2.22,C[C@H]1O[C@@H](O[C@H]2[C@@H](O)C[C@H](O[C@H]3[C@@H](O)C[C@H](O[C@H]4CC[C@@]5(C)[C@H](CC[C@@H]6[C@@H]5C[C@@H](O)[C@]5(C)[C@@H](C7=CC(=O)OC7)CC[C@]65O)C4)O[C@@H]3C)O[C@@H]2C)C[C@H](O)[C@@H]1O,ChEMBL,0.44999999999999996,2,"0.7, 0.2",NA,NA,NA,ChEMBL_Fu,0.44999999999999996,NA,0,NA,NA,0,NA,NA,5.82,1.25,1.26,BASE,780.9490000000002,203.05999999999997,6,14,2.218100000000003,780.95,203.06,2.22,9.999999998626663e-4,2.842170943040401e-14,0,0,0.0018999999999973483,"8.795, 8.816, 8.846",3,"ACID, ACID, ACID",8.794686145782471,NA,8.794686145782471,NA,alcohol,NA,0.9612604194147366,0.03873958058526339,2.2028410602943254
Lamivudine,CHEMBL141,229.26,90.37,2,7,-0.59,Nc1ccn([C@@H]2CS[C@H](CO)O2)c(=O)n1,ChEMBL,0.94,1,0.94,NA,NA,NA,ChEMBL_Fu,0.94,NA,0,NA,NA,0,NA,7.25,NA,-1.31,-0.93,ACID,229.261,90.36999999999999,2,6,-0.5941000000000001,229.26,90.37,-0.59,0.0010000000000047748,1.4210854715202004e-14,0,1,0.0041000000000001036,"3.434, 4.225, 8.579, 9.036",4,"BASE, BASE, ACID, ACID",8.579412307739258,4.225261669158936,8.579412307739258,4.225261669158936,alcohol,heterocyclic_N_basic_polyhet,0.9373586130682235,0.06264138693177645,-0.6180942256748769
Levetiracetam,CHEMBL1286,170.21,63.40,1,2,-0.13,CC[C@@H](C(N)=O)N1CCCC1=O,ChEMBL,NA,0,NA,NA,NA,0,NA,NA,NA,0,NA,NA,0,NA,9.42,NA,-0.82,-0.82,ACID,170.212,63.400000000000006,1,2,-0.12729999999999997,170.21,63.4,-0.13,0.001999999999981128,7.105427357601002e-15,0,0,0.0027000000000000357,"5.999, 6.928, 7.882",3,"BASE, BASE, ACID",7.882407970428467,6.92848497390747,7.882407970428467,NA,acidic_amide,NA,0.752275505550679,0.247724494449321,-0.2536230787861048
Nizatidine,CHEMBL3183075,331.47,83.33,2,8,1.32,CNC(=C[N+](=O)[O-])NCCSCc1csc(CN(C)C)n1,ChEMBL,0.78,3,"0.78, 0.78, 0.65",NA,NA,NA,ChEMBL_Fu,0.78,6.59,3,"6.59, 6.59, 6.8",-0.52,1,-0.52,NA,9.86,-2.09,0.37,BASE,331.4670000000001,83.33,2,8,1.3224999999999998,331.47,83.33,1.32,0.0029999999999290594,0,0,0,0.0024999999999997247,"3.995, 5.668, 5.893, 6.196",4,"BASE, BASE, BASE, BASE",NA,6.195940132141113,NA,6.195940132141113,NA,aliphatic_amine,0.9411688067604851,0.05883119323951491,1.2936675248827691
Alphamethyldopa,NA,NA,NA,NA,NA,NA,NA,NA,NA,0,NA,NA,NA,NA,NA,NA,NA,0,NA,NA,0,NA,4.25,7.68,-1.88,-1.42,AMPHOLYTE,NA,NA,NA,NA,NA,NA,NA,NA,NA,NA,NA,NA,NA,NA,0,NA,NA,NA,NA,NA,NA,NA,NA,NA,NA
Ampicillin,CHEMBL174,349.41,112.73,3,5,0.32,CC1(C)S[C@@H]2[C@H](NC(=O)[C@H](N)c3ccccc3)C(=O)N2[C@H]1C(=O)O,ChEMBL,0.85,1,0.85,NA,NA,NA,ChEMBL_Fu,0.85,4.895,4,"2.55, 7.14, 2.65, 7.25",NA,0,NA,5.86,NA,-0.2,1.35,ACID,349.4120000000001,112.73,3,5,0.3181000000000002,349.41,112.73,0.32,0.002000000000066393,0,0,0,0.0018999999999997907,"3.144, 3.421, 3.552, 3.708, 5.858",5,"ACID, BASE, BASE, BASE, ACID",3.144306173324585,3.7083762454986573,3.144306173324585,3.5523139381408693,carboxylate,aliphatic_amine,5.549860494375573e-5,0.9999445013950562,-3.9357179335051353
Gabapentin,CHEMBL940,171.24,63.32,2,2,1.37,NCC1(CC(=O)O)CCCCC1,ChEMBL,0.97,1,0.97,NA,NA,NA,ChEMBL_Fu,0.97,4.1,3,"4.1, 3.9, 10.5",NA,0,NA,3.92,NA,-4.58,-1.1,ACID,171.23999999999992,63.32000000000001,2,2,1.3702999999999994,171.24,63.32,1.37,8.526512829121202e-14,7.105427357601002e-15,0,0,2.999999999993008e-4,"4.877, 9.997",2,"ACID, BASE",4.877278366088867,9.99729362487793,4.877278366088867,9.99729362487793,carboxylate,aliphatic_amine,0.0013701505875536911,0.9986298494124463,-1.4932316987198013
Pregabalin,CHEMBL1059,159.23,63.32,2,2,1.08,CC(C)C[C@H](CN)CC(=O)O,ChEMBL,NA,0,NA,NA,NA,0,NA,NA,NA,0,NA,NA,0,NA,4.08,NA,-5.31,-1.99,ACID,159.229,63.32000000000001,2,2,1.0821,159.23,63.32,1.08,9.999999999763531e-4,7.105427357601002e-15,0,0,0.0020999999999999908,"5.09, 9.744",2,"ACID, BASE",5.089657077789306,9.743877983093261,5.089657077789306,9.743877983093261,carboxylate,aliphatic_amine,0.002347012774193014,0.997652987225807,-1.549484546640675
Acyclovir,CHEMBL184,225.21,119.05,3,7,-1.33,Nc1nc2c(ncn2COCCO)c(=O)[nH]1,ChEMBL,0.825,2,"0.8, 0.85",NA,NA,NA,ChEMBL_Fu,0.825,NA,0,NA,NA,0,NA,7.06,5.23,-2.31,-1.03,AMPHOLYTE,225.20799999999997,119.04999999999998,3,6,-1.3318000000000003,225.21,119.05,-1.33,0.0020000000000379714,1.4210854715202004e-14,0,1,0.0018000000000002458,"4.704, 5.751, 9.036, 9.143, 9.4",5,"BASE, BASE, ACID, BASE, BASE",9.03635540008545,9.399751243591309,9.03635540008545,9.399751243591309,alcohol,heterocyclic_N_basic_polyhet,0.009904339937396426,0.9900956600626035,-3.3341744621848317
Candesartan,CHEMBL1016,440.46,118.81,2,7,4.03,CCOc1nc2cccc(C(=O)O)c2n1Cc1ccc(-c2ccccc2-c2nnn[nH]2)cc1,ChEMBL,NA,0,NA,NA,NA,0,NA,NA,3.9,3,"3.9, 5.3, 3.9",NA,0,NA,1.71,NA,-1.55,4.14,ACID,440.4630000000001,118.81,2,6,4.028600000000002,440.46,118.81,4.03,0.0030000000000995897,0,0,1,0.0013999999999985135,"3.893, 4.547, 4.928, 5.194",4,"BASE, BASE, BASE, ACID",5.1941495132446285,4.928086738586426,5.1941495132446285,4.546955709457397,tetrazole,heterocyclic_N_basic_5ring_polyhet,0.006186579218313781,0.9938134207816862,1.8214505783799608
Cefprozil,CHEMBL3301800,389.43,132.96,4,6,0.71,CC=CC1=C(C(=O)O)N2C(=O)[C@@H](NC(=O)[C@H](N)c3ccc(O)cc3)[C@H]2SC1,ChEMBL,0.59,1,0.59,NA,NA,NA,ChEMBL_Fu,0.59,NA,0,NA,NA,0,NA,8.25,7.2,0.6,0.81,AMPHOLYTE,389.4330000000001,132.96,4,6,0.7067000000000008,389.43,132.96,0.71,0.0030000000000995897,0,0,0,0.0032999999999991925,"3.036, 3.269, 3.435, 3.845, 4.016, 5.32",6,"BASE, ACID, BASE, ACID, BASE, ACID",3.2685599231719973,4.016300897598267,3.2685599231719973,4.016300897598267,carboxylate,aliphatic_amine,7.388015926350496e-5,0.9999261198407365,-3.4214721770219043
Ciprofloxacin,CHEMBL8,331.35,74.57,2,5,1.58,O=C(O)c1cn(C2CC2)c2cc(N3CCNCC3)c(F)cc2c1=O,ChEMBL,0.74,3,"0.7, 0.74, 0.821",NA,NA,NA,ChEMBL_Fu,0.74,6.225,6,"6.2, 6.16, 8.62, 6.25, 6.02, 8.62",-0.94,3,"-0.94, -0.98, -0.7",-0.74,7.91,-0.35,0.28,AMPHOLYTE,331.34700000000004,74.57,2,4,1.5833,331.35,74.57,1.58,0.002999999999985903,0,0,1,0.0032999999999998586,"5.194, 6.765, 7.446",3,"BASE, ACID, BASE",6.76483720779419,7.446367130279541,6.76483720779419,7.446367130279541,carboxylate,aliphatic_amine,0.15553356100140608,0.8444664389985939,0.7718241154533436
Nitrofurantoin,CHEMBL572,238.16,118.05,1,6,0.07,O=C1CN(/N=C/c2ccc([N+](=O)[O-])o2)C(=O)N1,ChEMBL,0.28500000000000003,2,"0.17, 0.4",NA,NA,NA,ChEMBL_Fu,0.28500000000000003,NA,0,NA,NA,0,NA,2.2,NA,-5.67,-0.47,ACID,238.15899999999996,118.05000000000001,1,6,0.07349999999999995,238.16,118.05,0.07,0.0010000000000331966,1.4210854715202004e-14,0,0,0.0034999999999999476,8.669,1,ACID,8.668867282867431,NA,8.668867282867431,NA,acidic_amide,NA,0.9489075622064069,0.05109243779359307,0.04722390770760247
Penicillin V,CHEMBL615,350.40,95.94,2,5,0.70,CC1(C)S[C@@H]2[C@H](NC(=O)COc3ccccc3)C(=O)N2[C@H]1C(=O)O,ChEMBL,0.45,1,0.45,NA,NA,NA,ChEMBL_Fu,0.45,2.735,1,2.735,NA,0,NA,5.68,NA,0.36,2.09,ACID,350.3960000000001,95.94000000000001,2,5,0.6970999999999998,350.4,95.94,0.7,0.0039999999999054126,1.4210854715202004e-14,0,0,0.0029000000000001247,"3.061, 3.404, 3.773, 5.942",4,"ACID, BASE, BASE, ACID",3.06099778175354,3.773121566772461,3.06099778175354,NA,carboxylate,NA,4.581185584457622e-5,0.9999541881441554,-3.639022114538405
Sulfisoxazole,CHEMBL453,267.31,98.22,2,5,1.67,Cc1noc(NS(=O)(=O)c2ccc(N)cc2)c1C,ChEMBL,0.079,1,0.079,NA,NA,NA,ChEMBL_Fu,0.079,5,3,"5, 5, 4.8",NA,0,NA,4.26,NA,-2.13,1.01,ACID,267.31,98.22,2,5,1.67444,267.31,98.22,1.67,0,0,0,0,0.0044399999999999995,"4.158, 5.606, 6.208, 6.587, 9.095",5,"BASE, BASE, ACID, ACID, ACID",6.207624492645263,5.605841522216797,6.207624492645263,5.605841522216797,sulfonamide,aliphatic_amine,0.06028025805684572,0.9397197419431543,0.4501751028400762
Amisulpride,CHEMBL243712,369.49,101.73,2,6,1.29,CCN1CCCC1CNC(=O)c1cc(S(=O)(=O)CC)c(N)cc1OC,ChEMBL,NA,0,NA,NA,NA,0,NA,NA,9.335,2,"9.3, 9.37",NA,0,NA,NA,9.8,-1.3,1.1,BASE,369.4870000000002,101.73,2,6,1.2851000000000006,369.49,101.73,1.29,0.0029999999998153726,0,0,0,0.00489999999999946,"3.715, 5.463, 8.979, 9.306, 9.606",5,"BASE, BASE, BASE, ACID, ACID",9.305875282287598,8.978714599609376,9.305875282287598,8.978714599609376,acidic_aniline,aliphatic_amine,0.025694391071800066,0.9743056089282,-0.3001616701481298
Paliperidone,CHEMBL1621,426.49,84.39,1,7,3.08,Cc1nc2n(c(=O)c1CCN1CCC(c3noc4cc(F)ccc34)CC1)CCCC2O,ChEMBL,0.116,1,0.116,NA,NA,NA,ChEMBL_Fu,0.116,NA,0,NA,NA,0,NA,NA,7.36,1.47,1.75,BASE,426.49200000000025,84.39,1,6,3.081320000000002,426.49,84.39,3.08,0.0020000000002369234,0,0,1,0.0013200000000019863,"4.293, 5.214, 8.182, 8.655",4,"BASE, BASE, BASE, ACID",8.655125789642334,8.181589660644532,8.655125789642334,8.181589660644532,alcohol,aliphatic_amine,0.1407803062274293,0.8592196937725707,2.2285419055521145
Roxithromycin,CHEMBL1214185,837.06,216.89,5,17,2.21,CC[C@H]1OC(=O)[C@H](C)[C@@H](O[C@H]2C[C@@](C)(OC)[C@@H](O)[C@H](C)O2)[C@H](C)[C@@H](O[C@@H]2O[C@H](C)C[C@H](N(C)C)[C@H]2O)[C@](C)(O)C[C@@H](C)/C(=N\OCOCCOC)[C@H](C)[C@@H](O)[C@]1(C)O,ChEMBL,NA,0,NA,NA,NA,0,NA,NA,9.235,2,"9.2, 9.27",NA,0,NA,NA,NA,NA,NA,NEUTRAL,837.058,216.88999999999996,5,17,2.2096000000000076,837.06,216.89,2.21,0.0019999999999527063,2.842170943040401e-14,0,0,3.9999999999240643e-4,"8.615, 8.77",2,"BASE, ACID",8.769520721435548,8.615099754333496,8.769520721435548,8.615099754333496,alcohol,aliphatic_amine,0.057298803083305844,0.9427011969166942,0.9681455500695759
Levonorgestrel,CHEMBL1389,312.45,37.30,1,2,3.88,C#C[C@]1(O)CC[C@H]2[C@@H]3CCC4=CC(=O)CC[C@@H]4[C@H]3CC[C@@]21CC,ChEMBL,0.025,1,0.025,NA,NA,NA,ChEMBL_Fu,0.025,NA,0,NA,NA,0,NA,10.17,NA,3.07,3.07,ACID,312.4530000000001,37.3,1,2,3.8826000000000036,312.45,37.3,3.88,0.0030000000000995897,0,0,0,0.0026000000000037105,8.39,1,ACID,8.390453662872314,NA,8.390453662872314,NA,alcohol,NA,0.907257867050436,0.09274213294956402,3.837730742760475
Medroxyprogesterone,CHEMBL717,386.53,60.44,0,4,4.66,CC(=O)O[C@]1(C(C)=O)CC[C@H]2[C@@H]3C[C@H](C)C4=CC(=O)CC[C@]4(C)[C@H]3CC[C@@]21C,ChEMBL,NA,0,NA,NA,NA,0,NA,NA,NA,0,NA,NA,0,NA,9.58,NA,3.18,3.18,ACID,386.53200000000027,60.440000000000005,0,4,4.655200000000004,386.53,60.44,4.66,0.002000000000293767,7.105427357601002e-15,0,0,0.004799999999995919,NA,0,NA,NA,NA,NA,NA,NA,NA,1,0,4.66
Fleroxacin,CHEMBL6273,369.34,65.78,1,5,1.70,CN1CCN(c2c(F)cc3c(=O)c(C(=O)O)cn(CCF)c3c2F)CC1,ChEMBL,0.73,1,0.73,NA,NA,NA,ChEMBL_Fu,0.73,6.85,4,"5.5, 8.2, 8.8, 5.5",NA,0,NA,-2.18,6.75,0.15,0.24,AMPHOLYTE,369.3430000000002,65.78,1,4,1.6991999999999998,369.34,65.78,1.7,0.0030000000002132765,0,0,1,8.000000000001339e-4,"4.928, 6.366, 6.509",3,"BASE, ACID, BASE",6.366045818328858,6.50859302520752,6.366045818328858,6.50859302520752,carboxylate,aliphatic_amine,0.08374082362846184,0.9162591763715382,0.6229372280567289
