INPUT,FOUND_BY,DTXSID,PREFERRED_NAME,SMILES,ATMOSPHERIC_HYDROXYLATION_RATE_(AOH)_CM3/MOLECULE*SEC_OPERA_PRED,BIOCONCENTRATION_FACTOR_OPERA_PRED,BIODEGRADATION_HALF_LIFE_DAYS_DAYS_OPERA_PRED,BOILING_POINT_DEGC_OPERA_PRED,HENRYS_LAW_ATM-M3/MOLE_OPERA_PRED,OPERA_KM_DAYS_OPERA_PRED,OCTANOL_AIR_PARTITION_COEFF_LOGKOA_OPERA_PRED,SOIL_ADSORPTION_COEFFICIENT_KOC_L/KG_OPERA_PRED,OCTANOL_WATER_PARTITION_LOGP_OPERA_PRED,MELTING_POINT_DEGC_OPERA_PRED,OPERA_PKAA_OPERA_PRED,OPERA_PKAB_OPERA_PRED,VAPOR_PRESSURE_MMHG_OPERA_PRED,WATER_SOLUBILITY_MOL/L_OPERA_PRED,LOGD5.5,LOGD7.4,READY_BIO_DEG
AMPHETAMINE,Approved Name,DTXSID4022600,Amphetamine,CC(N)CC1=CC=CC=C1,2.0417379446695317E-11,8.31763771102671,2.6302679918953817,203,0.0000026915348039269138,0.1318256738556407,6.84,60.25595860743578,1.76,33,N/A,9.87,0.23988329190194904,0.13489628825916536,-2.61,-0.71,0
ACETAMINOPHEN,Approved Name,DTXSID2020006,Acetaminophen,CC(=O)NC1=CC=C(O)C=C1,1.2882495516931322E-11,11.481536214968829,3.548133892335755,310,5.754399373371567E-9,0.2630267991895382,7.96,47.86300923226383,0.46,170,N/A,N/A,0.0000069183097091893625,0.0933254300796991,0.46,0.46,1
ASPIRIN,Approved Name,DTXSID5020108,Aspirin,CC(=O)OC1=C(C=CC=C1)C(O)=O,5.6234132519034904E-12,3.630780547701014,3.548133892335755,283,8.317637711026709E-9,0.11220184543019636,7.75,79.43282347242814,1.19,135,4.2,N/A,0.000025118864315095822,0.022908676527677734,-0.13,-2.01,1
ENALAPRIL,Approved Name,DTXSID5022982,Enalapril,CCOC(=O)[C@H](CCC1=CC=CC=C1)N[C@@H](C)C(=O)N1CCC[C@H]1C(O)=O,2.344228815319918E-11,19.952623149688797,3.3884415613920256,323,1.3803842646028866E-11,0.1548816618912481,9.43,177.82794100389228,0.07,122,7.23,N/A,2.398832919019495E-10,0.0015135612484362087,0.06,-0.32,0
ETHINYL ESTRADIOL,Synonym,DTXSID5020576,17alpha-Ethinylestradiol,[H][C@@]12CC[C@@](O)(C#C)[C@@]1(C)CC[C@]1([H])C3=C(CC[C@@]21[H])C=C(O)C=C3,2.8183829312644493E-11,181.97008586099827,97.72372209558107,390,9.332543007969905E-8,0.6165950018614822,9.2,512861.3839913648,3.67,183,12.19,N/A,7.413102413009162E-10,0.000039810717055349695,3.67,3.67,0
ETHOSUXIMIDE,Approved Name,DTXSID7023019,Ethosuximide,CCC1(C)CC(=O)NC1=O,5.128613839913659E-12,3.3884415613920256,3.548133892335755,260,1.479108388168207E-7,0.1380384264602885,8.35,61.65950018614822,0.38,65,9.18,N/A,0.0006165950018614823,0.05623413251903491,0.38,0.37,0
IVERMECTIN,Approved Name,DTXSID7040235,Ivermectin,N/A,N/A,N/A,N/A,N/A,N/A,N/A,N/A,N/A,N/A,N/A,N/A,N/A,N/A,N/A,N/A,N/A,N/A
METHOHEXITAL,Approved Name,DTXSID1023287,Methohexital,CCC#CC(C)C1(CC=C)C(=O)NC(=O)N(C)C1=O,8.511380382023759E-11,4.168693834703354,3.3884415613920256,262,1.4125375446227554E-8,0.8128305161640993,11.36,56.23413251903491,2.23,100,8.82,N/A,0.000005011872336272725,0.0012882495516931337,2.23,2.21,0
NORETHINDRONE,Approved Name,DTXSID9023380,Norethindrone,[H][C@@]12CC[C@@](O)(C#C)[C@@]1(C)CC[C@]1([H])[C@@]3([H])CCC(=O)C=C3CC[C@@]21[H],7.762471166286927E-11,79.43282347242814,97.72372209558107,310,4.168693834703347E-9,2.6915348039269156,11.01,524807.4602497723,2.97,203,10.32,N/A,2.5703957827688646E-9,0.000025703957827688645,2.97,2.97,0
PHENOBARBITAL,Approved Name,DTXSID5021122,Phenobarbital,CCC1(C(=O)NC(=O)NC1=O)C1=CC=CC=C1,1.0715193052376049E-11,2.344228815319922,3.548133892335755,255,3.5481338923357603E-9,0.13489628825916536,9.27,79.43282347242814,1.47,174,7.71,N/A,1.7378008287493762E-9,0.004786300923226385,1.47,1.3,0
THEOPHYLLINE,Approved Name,DTXSID5021336,Theophylline,CN1C2=C(NC=N2)C(=O)N(C)C1=O,6.0255958607435685E-12,2.1877616239495525,4.265795188015927,327,2.7542287033381634E-9,0.08511380382023763,10.62,38.018939632056124,-0.02,273,N/A,3.19,0.000004570881896148752,0.04168693834703355,-0.02,-0.02,0
THIOPENTAL,Approved Name,DTXSID1023653,Thiopental,CCCC(C)C1(CC)C(=O)NC(S)=NC1=O,9.120108393559116E-12,6.456542290346556,5.011872336272722,299,5.128613839913658E-9,1.023292992280754,9.57,117.48975549395291,2.85,192,5.69,N/A,1.4454397707459279E-8,0.0004365158322401661,2.63,1.13,0
TINIDAZOLE,Approved Name,DTXSID4023676,Tinidazole,CCS(=O)(=O)CCN1C(C)=NC=C1[N+]([O-])=O,7.079457843841373E-12,3.3884415613920256,4.466835921509632,315,3.63078054770101E-7,1.0715193052376064,7.45,147.91083881682073,-0.35,128,N/A,3.09,6.606934480075964E-8,0.001995262314968879,-0.35,-0.35,0
VALPROIC ACID,Approved Name,DTXSID6023733,Valproic acid,CCCC(CCC)C(O)=O,1.148153621496884E-11,3.3884415613920256,4.466835921509632,222,8.317637711026709E-7,0.07244359600749903,6,66.06934480075961,2.75,61,5.25,N/A,0.06025595860743578,0.013803842646028845,2.31,0.6,1
ZONISAMIDE,Approved Name,DTXSID9046023,Zonisamide,NS(=O)(=O)CC1=NOC2=C1C=CC=C2,1.1748975549395303E-11,3.1622776601683795,3.630780547701014,293,1.1481536214968817E-8,0.07413102413009177,8.62,69.18309709189366,0.48,195,7.61,N/A,3.715352290971728E-10,0.043651583224016584,0.48,0.27,0
ALPRAZOLAM,Approved Name,DTXSID4022577,Alprazolam,CC1=NN=C2CN=C(C3=CC=CC=C3)C3=CC(Cl)=CC=C3N12,1.3803842646028866E-11,489.77881936844614,3.715352290971725,337,6.025595860743569E-9,1.3489628825916535,11.74,602.5595860743575,2.12,213,N/A,4.83,6.918309709189363E-9,0.00025118864315095795,2.04,2.12,0
AMITRIPTYLINE,Approved Name,DTXSID7022594,Amitriptyline,CN(C)CCC=C1C2=CC=CC=C2CCC2=C1C=CC=C2,3.019951720402019E-11,524.8074602497728,4.36515832240166,351,1.479108388168207E-7,1.6595869074375607,9.6,6606.934480075957,4.92,196,N/A,9.91,1.5488166189124826E-7,0.00002691534803926914,0.51,2.41,0
AMLODIPINE,Approved Name,DTXSID7022596,Amlodipine,CCOC(=O)C1=C(COCCN)NC(C)=C(C1C1=CC=CC=C1Cl)C(=O)OC,8.317637711026709E-11,10.715193052376065,3.3884415613920256,375,1.1748975549395302E-8,0.2570395782768864,10.44,37.15352290971726,2.83,164,N/A,8.37,3.090295432513592E-8,0.00026915348039269167,-0.04,1.82,0
AMOXAPINE,Approved Name,DTXSID7022598,Amoxapine,ClC1=CC=C2OC3=C(C=CC=C3)N=C(N3CCNCC3)C2=C1,1.7378008287493762E-11,97.72372209558107,8.31763771102671,350,3.2359365692962813E-10,0.9772372209558107,11.04,2454.708915685031,3.6,175,N/A,12.5,1.4791083881682072E-9,0.00009772372209558111,-3.4,-1.5,0
BUPIVACAINE,Approved Name,DTXSID2022703,Bupivacaine,CCCCN1CCCCC1C(=O)NC1=C(C)C=CC=C1C,1.9952623149688828E-11,15.488166189124811,3.3884415613920256,351,2.6915348039269137E-10,1.4791083881682074,10.76,1047.1285480508996,3.41,144,N/A,7.13,4.78630092322638E-8,0.008317637711026709,1.77,3.22,1
BUPRENORPHINE,Approved Name,DTXSID2022705,Buprenorphine,[H][C@@]12OC3=C(O)C=CC4=C3[C@@]11CCN(CC3CC3)[C@H](C4)[C@]11CC[C@@]2(OC)[C@]([H])(C1)[C@](C)(O)C(C)(C)C,N/A,N/A,323.5936569296281,434,N/A,N/A,9.62,N/A,N/A,157,N/A,N/A,9.772372209558112E-10,N/A,N/A,N/A,N/A
BUPROPION,Approved Name,DTXSID7022706,Bupropion,CC(NC(C)(C)C)C(=O)C1=CC=CC(Cl)=C1,1.3803842646028866E-11,102.32929922807536,3.3884415613920256,308,3.019951720402019E-9,0.1778279410038923,8.71,131.82567385564073,1.83,97,N/A,6.66,0.00000478630092322638,0.001412537544622754,0.64,1.76,0
CAFFEINE,Approved Name,DTXSID0020232,Caffeine,CN1C=NC2=C1C(=O)N(C)C(=O)N2C,1.0232929922807536E-11,1.8620871366628675,3.8018939632056115,286,0.0000015488166189124828,0.12022644346174129,8.52,61.65950018614822,-0.07,238,N/A,2.43,0.0000020417379446695273,0.11220184543019636,-0.07,-0.07,0
CHLORAMPHENICOL,Approved Name,DTXSID7020265,Chloramphenicol,OC[C@@H](NC(=O)C(Cl)Cl)[C@H](O)C1=CC=C(C=C1)[N+]([O-])=O,1.9054607179632443E-11,1.9952623149688795,4.36515832240166,317,1.2302687708123812E-10,0.19952623149688797,9.24,114.81536214968828,1.14,151,9.39,N/A,2.1379620895022323E-11,0.00776247116628692,1.14,1.14,0
CHLORPROMAZINE,Approved Name,DTXSID0022808,Chlorpromazine,CN(C)CCCN1C2=C(SC3=C1C=C(Cl)C=C3)C=CC=C2,8.709635899560797E-11,177.82794100389228,87.09635899560806,361,8.709635899560797E-9,2.1877616239495525,10.91,912.0108393559096,5.41,89,N/A,4.54,1.445439770745928E-7,0.000007079457843841373,5.36,5.41,0
CLEMASTINE,Approved Name,DTXSID2022832,Clemastine,CN1CCC[C@@H]1CCO[C@](C)(C1=CC=CC=C1)C1=CC=C(Cl)C=C1,2.344228815319918E-11,239.88329190194898,3.9810717055349722,353,8.128305161640995E-7,0.6760829753919817,10.32,2238.72113856834,4.1,79,N/A,10.03,8.912509381337459E-8,4.3651583224016567E-7,-0.43,1.47,0
CLINDAMYCIN,Approved Name,DTXSID2022836,Clindamycin,CCC[C@@H]1C[C@H](N(C)C1)C(=O)N[C@H]([C@H](C)Cl)[C@H]1O[C@H](SC)[C@H](O)[C@@H](O)[C@H]1O,2.4547089156850335E-11,8.511380382023766,37.15352290971726,359,1.348962882591656E-11,0.20892961308540392,9.43,165.95869074375614,2.16,138,N/A,6.58,5.370317963702532E-10,0.00007244359600749906,1.05,2.1,0
CLOMIPRAMINE,Approved Name,DTXSID6022844,Clomipramine,CN(C)CCCN1C2=CC=CC=C2CCC2=CC=C(Cl)C=C12,2.29086765276777E-11,288.40315031266056,5.370317963702527,344,0.000003981071705534969,2.344228815319922,9.83,933.2543007969915,5.19,189,N/A,7.42,1.9054607179632483E-7,0.00002290867652767775,3.26,4.88,0
CLONAZEPAM,Approved Name,DTXSID1022845,Clonazepam,[O-][N+](=O)C1=CC2=C(NC(=O)CN=C2C2=CC=CC=C2Cl)C=C1,1.8197008586099825E-11,66.06934480075961,4.677351412871983,356,1.3182567385564046E-10,0.4897788193684462,10.69,1174.897554939529,2.41,237,8.75,N/A,7.762471166286927E-12,0.00031622776601683794,2.41,2.39,0
CODEINE,Approved Name,DTXSID2020341,Codeine,[H][C@@]12OC3=C(OC)C=CC4=C3[C@@]11CCN(C)[C@]([H])(C4)[C@]1([H])C=C[C@@H]2O,3.090295432513592E-11,15.848931924611133,144.5439770745928,332,8.128305161640994E-9,1.8197008586099834,11.31,194984.45997580455,1.14,158,N/A,7.95,3.235936569296281E-9,0.03019951720402016,-1.31,0.48,0
COLCHICINE,Approved Name,DTXSID5024845,Colchicine,COC1=CC2=C(C(OC)=C1OC)C1=CC=C(OC)C(=O)C=C1[C@H](CC2)NC(C)=O,3.548133892335761E-11,8.912509381337454,13.489628825916533,419,8.51138038202376E-12,1.2589254117941673,10.29,5495.408738576249,1.3,156,N/A,7.16,1.5135612484362072E-10,0.11220184543019636,-0.37,1.1,0
COTININE,Approved Name,DTXSID1047576,Cotinine,CN1[C@@H](CCC1=O)C1=CN=CC=C1,5.495408738576248E-12,3.019951720402016,3.3884415613920256,283,1.0964781961431852E-7,0.08317637711026708,6.75,79.43282347242814,0.07,41,N/A,3.52,0.00026915348039269167,0.31622776601683794,0.07,0.07,1
DESIPRAMINE,Approved Name,DTXSID6022896,Desipramine,CNCCCN1C2=C(CCC3=C1C=CC=C3)C=CC=C2,9.120108393559115E-11,21.87761623949553,4.786300923226384,371,0.000005623413251903491,2.5703957827688635,10.93,2089.296130854039,4.9,113,N/A,7.06,2.2387211385683377E-9,0.00020417379446695296,3.33,4.74,0
DIAZEPAM,Approved Name,DTXSID4020406,Diazepam,CN1C2=C(C=C(Cl)C=C2)C(=NCC1=O)C1=CC=CC=C1,1.348962882591656E-10,37.15352290971726,3.3884415613920256,337,2.5118864315095823E-7,0.4897788193684462,9.84,776.247116628692,2.91,132,N/A,3.6,5.7543993733715665E-8,0.00017378008287493763,2.9,2.91,0
DOTHIEPIN,Approved Name,DTXSID2022961,Dothiepin,CN(C)CCC=C1C2=CC=CC=C2CSC2=C1C=CC=C2,3.019951720402019E-11,295.1209226666387,69.18309709189366,372,3.235936569296281E-8,1.62181009735893,10.61,4168.693834703355,4.49,56,9.11,N/A,1.2022644346174132E-7,0.000007943282347242822,4.49,4.48,0
DOXEPIN,Approved Name,DTXSID7022966,Doxepin,CN(C)CCC=C1C2=C(COC3=C1C=CC=C3)C=CC=C2,2.8840315031266117E-11,354.8133892335753,3.3884415613920256,364,1.8197008586099826E-8,2.3988329190194904,8.89,6760.829753919819,4.29,124,N/A,10.11,7.413102413009177E-8,0.00016982436524617443,-0.32,1.58,0
DULOXETINE,Approved Name,DTXSID6048385,Duloxetine,CNCC[C@H](OC1=C2C=CC=CC2=CC=C1)C1=CC=CS1,2.9512092266663903E-11,38.90451449942807,35.48133892335755,342,7.413102413009162E-10,1.202264434617413,11.3,870.9635899560806,3.77,97,N/A,5.24,5.6234132519034905E-8,0.00007943282347242822,3.58,3.77,0
ESCITALOPRAM,Approved Name,DTXSID8048440,Escitalopram,CN(C)CCC[C@]1(OCC2=CC(=CC=C12)C#N)C1=CC=C(F)C=C1,1.659586907437563E-11,20.417379446695296,3.548133892335755,352,0.000003981071705534969,1.6982436524617444,10.63,2398.83291901949,2.5,111,N/A,7.36,1.7782794100389228E-8,0.00002089296130854041,0.63,2.22,0
FLUOXETINE,Approved Name,DTXSID7023067,Fluoxetine,CNCCC(OC1=CC=C(C=C1)C(F)(F)F)C1=CC=CC=C1,1.621810097358933E-11,125.89254117941675,3.548133892335755,333,3.090295432513592E-8,0.660693448007596,9.79,4265.795188015925,4.05,120,N/A,12.54,4.0738027780411303E-7,0.00019498445997580456,-2.99,-1.09,0
FLUVOXAMINE,Approved Name,DTXSID2044002,Fluvoxamine,COCCCC\C(=N/OCCN)C1=CC=C(C=C1)C(F)(F)F,1.3803842646028866E-11,13.489628825916533,3.548133892335755,345,8.912509381337441E-9,0.42657951880159267,9.3,1412.537544622754,1.86,83,N/A,7.05,0.0000015488166189124828,0.0009332543007969915,0.3,1.7,0
HYDRALAZINE,Approved Name,DTXSID4023129,Hydralazine,NNC1=NN=CC2=CC=CC=C12,3.6307805477010174E-11,2.344228815319922,4.168693834703354,327,4.3651583224016566E-8,0.14454397707459277,7.94,44.6683592150963,1,173,N/A,7.15,6.456542290346562E-9,0.011220184543019636,-0.66,0.81,0
HYDROMORPHONE,Approved Name,DTXSID8023133,Hydromorphone,[H][C@@]12OC3=C(O)C=CC4=C3[C@@]11CCN(C)[C@H](C4)[C@]1([H])CCC2=O,2.5703957827688646E-11,16.982436524617444,144.5439770745928,332,5.011872336272715E-9,1.8197008586099834,11.44,208929.6130854041,1.57,266,N/A,7.38,2.0417379446695317E-9,0.003235936569296281,-0.32,1.28,0
HYDROXYCHLOROQUINE,Approved Name,DTXSID8023135,Hydroxychloroquine,CCN(CCO)CCCC(C)NC1=CC=NC2=CC(Cl)=CC=C12,2.8183829312644493E-11,169.82436524617444,3.3884415613920256,339,5.370317963702533E-9,0.28183829312644537,9.4,2238.72113856834,4.6,90,9.88,8.56,1.7378008287493763E-10,0.00020417379446695296,0.88,2.77,0
IMIPRAMINE,Approved Name,DTXSID1043881,Imipramine,CN(C)CCCN1C2=CC=CC=C2CCC2=CC=CC=C12,1.698243652461746E-11,194.98445997580455,5.370317963702527,347,0.000007585775750291836,2.6915348039269156,9.78,794.3282347242813,4.8,174,N/A,7.89,1.9498445997580455E-7,0.00005011872336272725,2.41,4.19,0
ISONIAZID,Approved Name,DTXSID8020755,Isoniazid,NNC(=O)C1=CC=NC=C1,2.2387211385683377E-11,2.6302679918953817,3.548133892335755,304,4.78630092322638E-9,0.10471285480508996,7.59,21.379620895022324,-0.7,171,11.19,5.67,3.8018939632056126E-7,1,-3.63,-1.77,1
LEVODOPA,Approved Name,DTXSID9023209,Levodopa,N[C@@H](CC1=CC=C(O)C(O)=C1)C(O)=O,1.1748975549395303E-11,5.248074602497725,4.073802778041127,280,1.4125375446227555E-9,0.3981071705534972,8.41,20.417379446695296,-2.39,225,4.03,N/A,5.011872336272714E-10,0.0223872113856834,-3.87,-5.76,1
MAPROTILINE,Approved Name,DTXSID7045029,Maprotiline,CNCCCC12CCC(C3=CC=CC=C13)C1=CC=CC=C21,1.9952623149688828E-11,524.8074602497728,323.5936569296281,373,0.0000026302679918953817,2.6302679918953817,11.41,426579.5188015926,4.24,93,N/A,10.14,6.025595860743581E-8,0.000013182567385564074,-0.4,1.5,0
METHADONE,Searched by Synonym: Found 0 results,N/A,N/A,N/A,N/A,N/A,N/A,N/A,N/A,N/A,N/A,N/A,N/A,N/A,N/A,N/A,N/A,N/A,N/A,N/A,N/A
METHYLPHENIDATE,Approved Name,DTXSID5023299,Methylphenidate,COC(=O)C(C1CCCCN1)C1=CC=CC=C1,1.698243652461746E-11,7.079457843841379,3.311311214825911,307,2.8840315031266117E-10,0.3890451449942806,8.82,141.2537544622754,0.21,114,N/A,10.54,0.0000012589254117941661,0.0025118864315095794,-4.83,-2.93,1
METOPROLOL,Approved Name,DTXSID2023309,Metoprolol,COCCC1=CC=C(OCC(O)CNC(C)C)C=C1,1.659586907437563E-11,17.378008287493753,4.466835921509632,310,2.691534803926914E-8,0.660693448007596,8.4,1288.2495516931335,1.88,93,N/A,10.43,4.897788193684466E-7,0.06309573444801933,-3.05,-1.15,0
METRONIDAZOLE,Approved Name,DTXSID2020892,Metronidazole,CC1=NC=C(N1CCO)[N+]([O-])=O,7.585775750291852E-12,3.630780547701014,4.466835921509632,301,5.623413251903491E-9,0.1096478196143185,8.35,57.543993733715695,-0.02,126,N/A,3.33,0.00008912509381337459,0.057543993733715694,-0.02,-0.02,0
MIANSERIN,Approved Name,DTXSID6023317,Mianserin,CN1CCN2C(C1)C1=CC=CC=C1CC1=C2C=CC=C1,9.332543007969924E-11,18.620871366628677,48.97788193684461,345,0.000007585775750291836,3.890451449942806,8.63,676.0829753919819,4.24,96,N/A,8.02,1.2302687708123812E-7,0.0007413102413009177,1.72,3.53,0
MINOXIDIL,Approved Name,DTXSID9040685,Minoxidil,NC1=CC(=NC(N)=[N+]1[O-])N1CCCCC1,1.2302687708123811E-11,11.481536214968829,3.548133892335755,329,1.2302687708123811E-9,0.14791083881682077,9.06,239.88329190194898,1.24,248,N/A,5.59,7.943282347242822E-10,0.010232929922807542,0.89,1.23,0
MORPHINE,Approved Name,DTXSID9023336,Morphine,CN1CC[C@]23[C@H]4OC5=C(O)C=CC(C[C@@H]1[C@@H]2C=C[C@@H]4O)=C35,3.019951720402019E-11,52.48074602497726,147.91083881682073,385,7.585775750291851E-11,1.5848931924611136,9.18,208929.6130854041,0.89,255,N/A,8.06,2.0417379446695317E-9,0.0005248074602497728,-1.67,0.14,0
NALTREXONE,Approved Name,DTXSID4046313,Naltrexone,[H][C@@]12OC3=C(O)C=CC4=C3[C@@]11CCN(CC3CC3)[C@]([H])(C4)[C@]1(O)CCC2=O,2.5703957827688646E-11,23.442288153199225,151.35612484362088,403,1.9952623149688828E-11,1.318256738556407,9.44,40738.02778041131,1.92,169,N/A,6.87,5.128613839913658E-9,0.007943282347242814,0.53,1.81,0
NICOTINE,Searched by Synonym: Found 0 results,N/A,N/A,N/A,N/A,N/A,N/A,N/A,N/A,N/A,N/A,N/A,N/A,N/A,N/A,N/A,N/A,N/A,N/A,N/A,N/A
NORTRIPTYLINE,Approved Name,DTXSID9023384,Nortriptyline,CNCCC=C1C2=C(CCC3=C1C=CC=C3)C=CC=C2,3.090295432513592E-11,562.341325190349,4.466835921509632,369,8.317637711026709E-8,1.3803842646028848,11.03,776.247116628692,4.51,115,N/A,10.71,5.8884365535558836E-8,0.0001,-0.7,1.2,0
PAROXETINE,Searched by Synonym: Found 0 results,N/A,N/A,N/A,N/A,N/A,N/A,N/A,N/A,N/A,N/A,N/A,N/A,N/A,N/A,N/A,N/A,N/A,N/A,N/A,N/A
PEFLOXACIN,Approved Name,DTXSID3048493,Pefloxacin,CCN1C=C(C(O)=O)C(=O)C2=C1C=C(N1CCN(C)CC1)C(F)=C2,1.8197008586099825E-11,2.51188643150958,3.3884415613920256,338,1.6218100973589331E-9,0.5370317963702527,10.53,457.0881896148752,0.27,179,-1.71,7.17,1.2302687708123812E-10,0.046773514128719815,-1.41,0.07,0
PREDNISOLONE,Approved Name,DTXSID9021184,Prednisolone,[H][C@@]12CC[C@](O)(C(=O)CO)[C@@]1(C)C[C@H](O)[C@@]1([H])[C@@]2([H])CCC2=CC(=O)C=C[C@]12C,6.16595001861481E-11,1.7782794100389228,97.72372209558107,391,9.120108393559116E-12,0.5248074602497725,9.3,21877.616239495517,1.62,225,8.59,N/A,3.46736850452531E-10,0.000630957344480193,1.62,1.59,0
PROPRANOLOL,Approved Name,DTXSID6023525,Propranolol,CC(C)NCC(O)COC1=C2C=CC=CC2=CC=C1,2.8183829312644493E-11,6.760829753919817,3.311311214825911,309,1.4125375446227555E-9,0.5888436553555889,8.4,251.18864315095797,3.48,112,N/A,8.86,2.951209226666384E-8,0.0005888436553555889,0.12,2.01,0
QUININE,Approved Name,DTXSID0044280,Quinine,[H][C@@]12CC[N@@](C[C@@H]1C=C)[C@@]([H])(C2)[C@H](O)C1=CC=NC2=C1C=C(OC)C=C2,9.332543007969924E-11,20.892961308540396,57.543993733715695,342,2.691534803926914E-9,1.0715193052376064,10.62,3890.4514499428046,3.44,185,N/A,8.25,2.089296130854041E-9,0.000977237220955811,0.69,2.53,0
RISPERIDONE,Approved Name,DTXSID8045193,Risperidone,CC1=C(CCN2CCC(CC2)C2=NOC3=C2C=CC(F)=C3)C(=O)N2CCCCC2=N1,3.38844156139202E-11,15.848931924611133,3.3884415613920256,350,2.818382931264455E-8,1.8197008586099834,11.69,1288.2495516931335,3.98,170,N/A,7.61,1.3489628825916533E-8,0.0001,1.87,3.56,0
SUMATRIPTAN,Approved Name,DTXSID4023628,Sumatriptan,CNS(=O)(=O)CC1=CC=C2NC=C(CCN(C)C)C2=C1,1.3803842646028866E-11,1.0715193052376064,4.265795188015927,295,2.0417379446695274E-8,1.5848931924611136,9.17,489.77881936844614,0.93,143,10.22,N/A,2.8183829312644494E-10,0.0013489628825916532,0.93,0.93,1
TEMAZEPAM,Approved Name,DTXSID8021309,Temazepam,CN1C2=CC=C(Cl)C=C2C(=NC(O)C1=O)C1=CC=CC=C1,1.8620871366628657E-11,95.49925860214358,2.9512092266663856,356,9.549925860214368E-10,0.7762471166286917,10.97,1122.018454301963,2.19,120,N/A,4.19,4.365158322401665E-9,0.000003801893963205613,2.17,2.19,0
TIMOLOL,Synonym,DTXSID4023674,(S)-Timolol,CC(C)(C)NC[C@H](O)COC1=NSN=C1N1CCOCC1,1.7378008287493762E-11,2.6915348039269156,4.897788193684462,343,1.584893192461111E-9,0.16218100973589297,9.24,524.8074602497728,1.83,202,N/A,9.6,2.818382931264455E-7,0.02187761623949553,-2.27,-0.37,0
TRIPROLIDINE,Approved Name,DTXSID3023718,Triprolidine,CC1=CC=C(C=C1)C(=C/CN1CCCC1)\C1=CC=CC=N1,2.5703957827688646E-11,331.1311214825911,3.9810717055349722,345,1.8620871366628656E-8,1.62181009735893,10.2,1412.537544622754,3.92,60,N/A,8.15,0.0000019498445997580454,0.00038018939632056124,1.27,3.1,0
VENLAFAXINE,Approved Name,DTXSID6023737,Venlafaxine,COC1=CC=C(C=C1)C(CN(C)C)C1(O)CCCCC1,1.659586907437563E-11,16.218100973589298,3.3884415613920256,303,0.0000020892961308540407,2.5703957827688635,10.57,645.6542290346556,3.13,114,N/A,9.4,2.951209226666384E-7,0.00012589254117941674,-0.77,1.13,0
VERAPAMIL,Expert Validated Synonym,DTXSID9041152,(+/-)-Verapamil,COC1=CC=C(CCN(C)CCCC(C#N)(C(C)C)C2=CC=C(OC)C(OC)=C2)C=C1OC,2.8840315031266117E-11,199.52623149688787,8.709635899560805,425,4.677351412871981E-7,5.623413251903491,11.68,158489.3192461114,3.79,117,N/A,8.43,6.025595860743569E-10,0.000002951209226666384,0.86,2.72,0
ZIDOVUDINE,Expert Validated Synonym,DTXSID8020127,3'-Azido-3'-deoxythymidine,CC1=CN([C@H]2C[C@H](N=[N+]=[N-])[C@@H](CO)O2)C(=O)NC1=O,2.0417379446695317E-11,1.8620871366628675,3.548133892335755,288,8.912509381337441E-10,0.1778279410038923,9.04,109.64781961431851,0.05,284,6.88,N/A,6.165950018614822E-8,0.021379620895022326,0.03,-0.58,0
ZOLPIDEM,Approved Name,DTXSID7045946,Zolpidem,CN(C)C(=O)CC1=C(N=C2C=CC(C)=CN12)C1=CC=C(C)C=C1,1.7782794100389227E-11,19.498445997580454,4.265795188015927,351,4.168693834703355E-8,1.3489628825916535,11.69,2041.7379446695295,3.45,196,N/A,5.12,3.311311214825908E-8,0.000015135612484362071,3.3,3.45,0
ABACAVIR,Approved Name,DTXSID4046444,Abacavir,NC1=NC(NC2CC2)=C2N=CN([C@@H]3C[C@H](CO)C=C3)C2=N1,3.38844156139202E-11,6.165950018614822,3.311311214825911,323,2.4547089156850337E-9,1.318256738556407,9.32,47.86300923226383,1.22,187,N/A,5.31,8.709635899560797E-11,0.047863009232263824,1,1.22,0
APIXABAN,Approved Name,DTXSID80436500,Apixaban,COC1=CC=C(C=C1)N1N=C(C(N)=O)C2=C1C(=O)N(CC2)C1=CC=C(C=C1)N1CCCCC1=O,8.128305161640995E-11,6.309573444801933,4.786300923226384,337,2.3442288153199178E-12,2.0892961308540396,10.17,331.1311214825911,2.51,208,8.66,N/A,2.511886431509582E-9,0.0000162181009735893,2.51,2.49,0
BUDESONIDE,Approved Name,DTXSID8020202,Budesonide,CCCC1O[C@@H]2C[C@H]3[C@@H]4CCC5=CC(=O)C=C[C@]5(C)[C@H]4[C@@H](O)C[C@]3(C)[C@@]2(O1)C(=O)CO,6.309573444801942E-11,5.88843655355589,97.72372209558107,411,6.16595001861481E-11,0.954992586021436,9.56,53703.17963702533,2.84,253,7.64,N/A,4.265795188015934E-10,0.00003090295432513592,2.84,2.64,0
DOXAZOSIN,Approved Name,DTXSID7022964,Doxazosin,COC1=C(OC)C=C2C(N)=NC(=NC2=C1)N1CCN(CC1)C(=O)C1COC2=C(O1)C=CC=C2,2.5118864315095823E-11,8.31763771102671,13.182567385564074,367,1.3182567385564046E-10,4.36515832240166,10.19,10715.193052376071,3.3,214,N/A,6.15,1.5848931924611107E-11,0.000007413102413009177,2.56,3.28,0
ESTRADIOL,Expert Validated Synonym,DTXSID0020573,17beta-Estradiol,[H][C@@]12CC[C@H](O)[C@@]1(C)CC[C@]1([H])C3=CC=C(O)C=C3CC[C@@]21[H],1.659586907437563E-11,40.73802778041128,97.72372209558107,373,0.0000037153522909717276,1.4791083881682074,9.15,346736.85045253165,3.91,200,11.66,N/A,3.38844156139202E-10,0.000013489628825916533,3.91,3.91,0
ALCOHOL,Synonym from Valid Source,DTXSID9020584,Ethanol,CCO,3.3113112148259077E-12,1.8197008586099834,4.570881896148751,78,0.000005011872336272725,0.10471285480508996,3.24,1.5848931924611136,-0.31,-114,12.31,N/A,58.8843655355589,18.197008586099834,-0.31,-0.31,1
LIDOCAINE,Approved Name,DTXSID1045166,Lidocaine,CCN(CC)CC(=O)NC1=C(C)C=CC=C1C,1.698243652461746E-11,15.13561248436208,4.897788193684462,309,1.9498445997580414E-10,1.5848931924611136,10.29,331.1311214825911,2.35,68,N/A,6.44,7.943282347242822E-8,0.017378008287493755,1.36,2.3,0
LORAZEPAM,Approved Name,DTXSID7023225,Lorazepam,OC1N=C(C2=CC=CC=C2Cl)C2=CC(Cl)=CC=C2NC1=O,1.7782794100389227E-11,165.95869074375614,4.265795188015927,344,6.309573444801942E-10,0.436515832240166,9.33,1548.816618912481,2.39,167,9.42,N/A,2.344228815319918E-10,0.00025118864315095795,2.39,2.39,0
MIRTAZAPINE,Approved Name,DTXSID0023325,Mirtazapine,CN1CCN2C(C1)C1=CC=CC=C1CC1=C2N=CC=C1,6.309573444801942E-11,12.882495516931343,30.902954325135905,334,0.0000015135612484362072,1.7378008287493754,8.52,630.957344480193,1.53,147,N/A,7.35,9.120108393559096E-8,0.0002818382931264455,-0.33,1.25,0
PANTOPRAZOLE,Approved Name,DTXSID4023416,Pantoprazole,COC1=C(OC)C(CS(=O)C2=NC3=C(N2)C=CC(OC(F)F)=C3)=NC=C1,1.7378008287493762E-11,2.137962089502232,4.265795188015927,370,5.370317963702532E-10,1.1481536214968828,10.31,389.04514499428046,1.45,183,N/A,0.36,7.762471166286912E-8,0.0010232929922807535,1.45,1.45,0
PENTOXIFYLLINE,Expert Validated Synonym,DTXSID7023437,"3,7-Dihydro-3,7-dimethyl-1-(5-oxohexyl)-1H-Purine-2,6-dione",CN1C=NC2=C1C(=O)N(CCCCC(C)=O)C(=O)N2C,1.698243652461746E-11,3.1622776601683795,5.623413251903491,333,3.3113112148259078E-9,0.933254300796991,11.7,301.9951720402016,0.29,98,N/A,2.41,9.120108393559096E-8,0.2754228703338166,0.29,0.29,0
PROPYLTHIOURACIL,Expert Validated Synonym,DTXSID5021209,6-Propyl-2-thiouracil,CCCC1=CC(=O)NC(=S)N1,2.29086765276777E-11,3.0902954325135905,3.548133892335755,308,2.691534803926914E-8,0.12589254117941673,8.35,35.48133892335755,-0.39,219,N/A,-0.26,0.000007244359600749906,0.00707945784384138,-0.39,-0.39,0
QUETIAPINE,Approved Name,DTXSID9023546,Quetiapine,OCCOCCN1CCN(CC1)C1=NC2=C(SC3=C1C=CC=C3)C=CC=C2,2.8183829312644493E-11,10.232929922807541,5.248074602497725,364,1.698243652461746E-10,1.318256738556407,10.35,1122.018454301963,2.77,159,N/A,7.7,9.772372209558111E-8,0.000003981071705534969,0.57,2.29,0
REBOXETINE,Approved Name,DTXSID1048257,Reboxetine,[H][C@@](OC1=C(OC([2H])([2H])C([2H])([2H])[2H])C=CC=C1)(C1=CC=CC=C1)[C@@]1([H])CNCCO1,1.659586907437563E-11,13.182567385564074,3.3884415613920256,375,3.548133892335753E-7,0.8128305161640993,10.91,588.843655355589,3.26,113,N/A,7.71,5.011872336272725E-7,0.0001445439770745928,1.05,2.78,0
THEOBROMINE,Approved Name,DTXSID9026132,Theobromine,CN1C=NC2=C1C(=O)NC(=O)N2C,6.0255958607435685E-12,1.9054607179632472,4.677351412871983,265,2.7542287033381634E-9,0.08511380382023763,10.43,70.79457843841381,-0.77,357,9.82,N/A,0.000009549925860214369,0.0021379620895022326,-0.77,-0.77,0
THIOPENTAL SODIUM,Approved Name,DTXSID1021744,Thiopental sodium,[Na+].CCCC(C)C1(CC)C(=O)NC([S-])=NC1=O,9.120108393559116E-12,6.456542290346556,5.011872336272722,299,5.128613839913658E-9,1.023292992280754,9.57,117.48975549395291,1.53,193,5.69,N/A,1.4454397707459279E-8,0.0004365158322401661,1.31,-0.19,0
LABETALOL,Approved Name,DTXSID2023191,Labetalol,CC(CCC1=CC=CC=C1)NCC(O)C1=CC=C(O)C(=C1)C(N)=O,1.7378008287493762E-11,25.703957827688633,34.673685045253166,379,6.918309709189362E-12,0.3019951720402016,9.42,1905.4607179632462,3.09,188,8.2,N/A,2.4547089156850337E-9,0.0003630780547701014,3.09,3.03,0
ACITRETIN,Approved Name,DTXSID6022553,Acitretin,COC1=C(C)C(C)=C(\C=C\C(\C)=C\C=C\C(\C)=C\C(O)=O)C(C)=C1,1.7782794100389227E-11,41.68693834703355,3.548133892335755,328,1.0471285480508984E-8,1.9498445997580451,10.73,2041.7379446695295,6.4,228,6.13,N/A,1.2302687708123812E-7,0.0005248074602497728,6.31,5.11,0
FLURBIPROFEN,Approved Name,DTXSID0037231,Flurbiprofen,CC(C(O)=O)C1=CC=C(C(F)=C1)C1=CC=CC=C1,1.4125375446227554E-11,51.28613839913648,4.677351412871983,320,9.549925860214368E-10,0.20892961308540392,9.81,870.9635899560806,4.16,111,3.84,N/A,0.000009332543007969906,0.00005128613839913648,2.49,0.6,0
IBUPROFEN,Approved Name,DTXSID5020732,Ibuprofen,CC(C)CC1=CC=C(C=C1)C(C)C(O)=O,1.5135612484362072E-11,72.44359600749902,3.548133892335755,281,8.128305161640995E-8,0.3981071705534972,8.76,138.03842646028852,3.74,103,4.91,N/A,0.008317637711026709,0.00017378008287493763,3.05,1.25,0
MESALAMINE,Synonym from Valid Source,DTXSID5024506,5-Aminosalicylic acid,NC1=CC=C(O)C(=C1)C(O)=O,8.317637711026709E-12,4.073802778041127,4.677351412871983,273,3.981071705534969E-9,0.1096478196143185,7.89,43.65158322401658,0.81,283,3.82,N/A,6.30957344480193E-7,0.005623413251903491,-0.88,-2.77,1
NELFINAVIR,Approved Name,DTXSID5035080,Nelfinavir,CC1=C(C=CC=C1O)C(=O)N[C@@H](CSC1=CC=CC=C1)[C@H](O)CN1C[C@H]2CCCC[C@H]2C[C@H]1C(=O)NC(C)(C)C,4.4668359215096346E-11,37.15352290971726,147.91083881682073,432,1.3803842646028866E-11,0.21877616239495523,9.51,56234.13251903491,3.65,204,7.44,N/A,2.344228815319918E-9,0.00001584893192461114,3.65,3.37,0
OXCARBAZEPINE,Approved Name,DTXSID0045703,Oxcarbazepine,NC(=O)N1C2=CC=CC=C2CC(=O)C2=CC=CC=C12,1.659586907437563E-11,30.19951720402016,4.897788193684462,320,1.0232929922807536E-8,0.6025595860743578,11.28,831.7637711026708,2.17,215,12.36,N/A,2.398832919019495E-10,0.000012882495516931348,2.17,2.17,1
PIROXICAM,Approved Name,DTXSID5021170,Piroxicam,CN1C(C(=O)NC2=NC=CC=C2)=C(O)C2=C(C=CC=C2)S1(=O)=O,1.3803842646028866E-11,1.5488166189124815,4.265795188015927,357,6.025595860743569E-10,0.457088189614875,10.47,42.65795188015925,2.52,199,4.22,N/A,2.4547089156850336E-10,0.00007585775750291836,1.22,-0.66,0
PROBENECID,Approved Name,DTXSID9021188,Probenecid,CCCN(CCC)S(=O)(=O)C1=CC=C(C=C1)C(O)=O,1.659586907437563E-11,5.88843655355589,5.1286138399136485,311,2.8840315031266117E-10,0.72443596007499,9.91,114.81536214968828,3.21,195,3.79,N/A,1.0232929922807536E-7,0.000019952623149688786,1.49,-0.4,1
QUINAPRIL,Approved Name,DTXSID4023547,Quinapril,CCOC(=O)[C@H](CCC1=CC=CC=C1)N[C@@H](C)C(=O)N1CC2=C(C[C@H]1C(O)=O)C=CC=C2,4.3651583224016655E-11,17.378008287493753,3.3884415613920256,366,1.2589254117941662E-11,0.2630267991895382,9.59,741.3102413009177,0.81,158,6.81,N/A,2.8183829312644493E-9,0.009549925860214359,0.79,0.12,0
SULFASALAZINE,Approved Name,DTXSID0021256,Sulfasalazine,OC(=O)C1=CC(=CC=C1O)N=NC1=CC=C(C=C1)S(=O)(=O)NC1=NC=CC=C1,1.659586907437563E-11,13.182567385564074,3.548133892335755,275,1.348962882591656E-10,0.1778279410038923,9.34,67.60829753919819,2.43,216,4.01,N/A,7.413102413009162E-10,0.000019498445997580456,0.93,-0.96,0
WARFARIN,Approved Name,DTXSID5023742,Warfarin,CC(=O)CC(C1=CC=CC=C1)C1=C(O)C2=CC=CC=C2OC1=O,3.311311214825908E-11,17.78279410038923,3.548133892335755,398,6.16595001861481E-9,0.40738027780411273,10.66,912.0108393559096,2.7,161,N/A,N/A,1.1481536214968817E-7,0.00009549925860214369,2.7,2.7,0
ALBENDAZOLE,Approved Name,DTXSID0022563,Albendazole,CCCSC1=CC=C2NC(NC(=O)OC)=NC2=C1,1.659586907437563E-11,9.33254300796991,3.548133892335755,277,7.244359600749891E-9,0.5011872336272722,9.35,562.341325190349,3.07,209,10.58,N/A,1E-9,0.0000020892961308540407,3.07,3.07,0
ARIPIPRAZOLE,Approved Name,DTXSID3046083,Aripiprazole,ClC1=CC=CC(N2CCN(CCCCOC3=CC=C4CCC(=O)NC4=C3)CC2)=C1Cl,2.5118864315095823E-11,147.91083881682073,3.3884415613920256,386,2.1379620895022325E-8,3.9810717055349722,10.21,1148.1536214968828,5.52,173,N/A,7.05,9.332543007969905E-8,0.00009332543007969905,3.96,5.36,0
CITALOPRAM,Approved Name,DTXSID8022826,Citalopram,CN(C)CCCC1(OCC2=CC(=CC=C12)C#N)C1=CC=C(F)C=C1,1.659586907437563E-11,20.417379446695296,3.548133892335755,352,0.000003981071705534969,1.6982436524617444,10.63,2398.83291901949,2.5,111,N/A,7.36,1.7782794100389228E-8,0.00002089296130854041,0.63,2.22,0
DAPSONE,Approved Name,DTXSID4020371,Dapsone,NC1=CC=C(C=C1)S(=O)(=O)C1=CC=C(N)C=C1,1.2882495516931322E-11,2.7542287033381663,17.78279410038923,363,3.548133892335761E-11,0.2691534803926916,9.08,107.1519305237606,0.97,176,N/A,1.49,1.1481536214968817E-8,0.001,0.97,0.97,0
EFAVIRENZ,Approved Name,DTXSID9046029,Efavirenz,FC(F)(F)[C@]1(OC(=O)NC2=CC=C(Cl)C=C12)C#CC1CC1,1.348962882591656E-11,165.95869074375614,3.548133892335755,313,1.445439770745928E-9,1.202264434617413,10.37,1479.1083881682073,3.87,159,9.38,N/A,2.2387211385683377E-7,0.00025118864315095795,3.87,3.87,0
LOPINAVIR,Approved Name,DTXSID8046456,Lopinavir,CC(C)[C@H](N1CCCNC1=O)C(=O)N[C@H](C[C@H](O)[C@H](CC1=CC=CC=C1)NC(=O)COC1=C(C)C=CC=C1C)CC1=CC=CC=C1,8.317637711026709E-11,33.884415613920254,87.09635899560806,377,9.772372209558111E-11,0.2570395782768864,9.55,37153.52290971728,4.73,178,8.45,N/A,3.5481338923357603E-9,0.000002754228703338169,4.73,4.69,0
LORATADINE,Approved Name,DTXSID2023224,Loratadine,CCOC(=O)N1CCC(CC1)=C1C2=C(CCC3=C1N=CC=C3)C=C(Cl)C=C2,3.311311214825908E-11,123.02687708123811,3.3884415613920256,365,1.8197008586099826E-8,3.630780547701014,11.7,4265.795188015925,5.2,135,8.63,N/A,3.6307805477010177E-10,0.000008128305161640995,5.2,5.18,0
NAPROXEN,Synonym from Valid Source,DTXSID4040686,(+)-(S)-Naproxen,COC1=CC2=CC=C(C=C2C=C1)[C@H](C)C(O)=O,1.5135612484362072E-11,3.1622776601683795,3.548133892335755,324,1.0715193052376049E-9,0.28183829312644537,9.75,549.5408738576248,3.18,153,5,N/A,2.570395782768865E-7,0.000057543993733715664,2.56,0.78,0
NEFAZODONE,Approved Name,DTXSID2023357,Nefazodone,CCC1=NN(CCCN2CCN(CC2)C2=CC(Cl)=CC=C2)C(=O)N1CCOC1=CC=CC=C1,2.5118864315095823E-11,38.90451449942807,13.489628825916533,348,5.3703179637025324E-8,7.5857757502918375,11.68,512.8613839913648,4.47,84,8.2,N/A,1.5848931924611143E-8,0.00003235936569296281,4.47,4.41,0
PHENACETIN,Approved Name,DTXSID1021116,Phenacetin,CCOC1=CC=C(NC(C)=O)C=C1,1.5135612484362072E-11,30.19951720402016,4.466835921509632,244,1.1220184543019653E-9,0.28183829312644537,9.58,85.11380382023764,1.58,137,13.44,N/A,6.918309709189363E-7,0.004265795188015926,1.58,1.58,0
PROPAFENONE,Approved Name,DTXSID9045184,Propafenone,CCCNCC(O)COC1=C(C=CC=C1)C(=O)CCC1=CC=CC=C1,2.9512092266663903E-11,141.2537544622754,3.311311214825911,374,6.025595860743569E-10,0.16595869074375605,9.42,7244.359600749898,3.33,117,N/A,7.18,5.888436553555884E-11,0.00026302679918953814,1.64,3.13,0
QUAZEPAM,Approved Name,DTXSID60190193,Quazepam,FC1=CC=CC=C1C1=NCC(=S)N(CC(F)(F)F)C2=C1C=C(Cl)C=C2,1.3803842646028866E-11,1288.2495516931335,3.548133892335755,352,1.9498445997580416E-9,2.4547089156850306,9.87,4897.7881936844615,4.03,138,N/A,4.12,4.897788193684457E-9,6.165950018614822E-7,4.01,4.03,0
TERFENADINE,Approved Name,DTXSID2023642,Terfenadine,CC(C)(C)C1=CC=C(C=C1)C(O)CCCN1CCC(CC1)C(O)(C1=CC=CC=C1)C1=CC=CC=C1,2.8840315031266117E-11,123.02687708123811,97.72372209558107,439,2.2387211385683378E-8,0.6760829753919817,9.65,154881.66189124828,5.23,147,N/A,8.5,1.7378008287493763E-8,2.0417379446695275E-7,2.23,4.1,0
TOLMETIN,Approved Name,DTXSID2043951,Tolmetin,CN1C(CC(O)=O)=CC=C1C(=O)C1=CC=C(C)C=C1,1.7782794100389227E-11,2.9512092266663856,3.548133892335755,322,1.2882495516931322E-9,0.457088189614875,10.64,177.82794100389228,2.79,161,5.89,N/A,6.45654229034655E-7,0.0002754228703338166,2.64,1.27,0
TRAZODONE,Approved Name,DTXSID5045043,Trazodone,ClC1=CC=CC(=C1)N1CCN(CCCN2N=C3C=CC=CN3C2=O)CC1,2.6915348039269138E-11,15.848931924611133,8.31763771102671,329,1.1748975549395302E-8,9.549925860214358,11.7,489.77881936844614,2.42,87,N/A,6.02,8.709635899560797E-9,0.00009332543007969905,1.79,2.4,0
ALLOPURINOL,Approved Name,DTXSID4022573,Allopurinol,O=C1N=CNC2=C1C=NN2,2.344228815319918E-11,3.1622776601683795,3.548133892335755,330,5.623413251903491E-9,0.12589254117941673,7.74,29.512092266663856,-0.5,217,N/A,1.83,1.9952623149688828E-9,0.025118864315095794,-0.5,-0.5,1
AMIODARONE,Approved Name,DTXSID7022592,Amiodarone,CCCCC1=C(C(=O)C2=CC(I)=C(OCCN(CC)CC)C(I)=C2)C2=CC=CC=C2O1,2.3988329190194948E-11,851.1380382023768,9.120108393559097,469,0.0000010471285480508985,2.041737944669529,11.68,229086.76527677747,7.57,104,N/A,5.57,8.128305161640995E-10,0.0000054954087385762485,7.23,7.56,0
CANNABIDIOL,Approved Name,DTXSID00871959,Cannabidiol,[H][C@]1(C=C(C)CC[C@H]1C(C)=C)C1=C(O)C=C(CCCCC)C=C1O,1.2882495516931322E-10,912.0108393559096,36.30780547701014,385,2.344228815319918E-9,1.8620871366628675,9.33,6025.595860743575,6.38,67,9.64,N/A,4.1686938347033463E-10,0.00005011872336272725,6.38,6.38,0
CARBAMAZEPINE,Approved Name,DTXSID4022731,Carbamazepine,NC(=O)N1C2=CC=CC=C2C=CC2=CC=CC=C12,1.5135612484362072E-11,14.791083881682072,6.606934480075959,320,2.2387211385683377E-10,0.660693448007596,11,549.5408738576248,2.45,190,5.07,N/A,6.309573444801942E-10,0.0004897788193684461,1.88,0.12,1
CELECOXIB,Approved Name,DTXSID0022777,Celecoxib,CC1=CC=C(C=C1)C1=CC(=NN1C1=CC=C(C=C1)S(N)(=O)=O)C(F)(F)F,1.3803842646028866E-11,7.943282347242816,3.548133892335755,292,5.128613839913658E-9,0.4168693834703354,10.87,331.1311214825911,3.57,158,12.97,0.87,3.090295432513592E-11,0.000004168693834703355,2.13,2.97,0
CLOZAPINE,Approved Name,DTXSID5022855,Clozapine,CN1CCN(CC1)C1=NC2=C(NC3=C1C=CC=C3)C=CC(Cl)=C2,1.7378008287493762E-11,147.91083881682073,3.630780547701014,336,1.7378008287493762E-9,1.3803842646028848,10.5,537.0317963702527,3.23,183,N/A,9.78,3.715352290971728E-10,0.0001148153621496883,-1.05,0.85,0
CYCLOSPORINE,Synonym from Valid Source,DTXSID0020365,Cyclosporin A,[H][C@@]1([C@H](O)[C@H](C)C\C=C\C)N(C)C(=O)[C@H](C(C)C)N(C)C(=O)[C@H](CC(C)C)N(C)C(=O)[C@H](CC(C)C)N(C)C(=O)[C@@H](C)NC(=O)[C@H](C)NC(=O)[C@H](CC(C)C)N(C)C(=O)[C@@H](NC(=O)[C@H](CC(C)C)N(C)C(=O)CN(C)C(=O)[C@H](CC)NC1=O)C(C)C,1.8620871366628656E-10,10.471285480508996,14.791083881682072,380,2.2387211385683377E-11,0.33884415613920255,9.63,30902.95432513592,2.92,150,N/A,N/A,1.2589254117941662E-7,0.00018197008586099826,2.92,2.92,0
DOMPERIDONE,Approved Name,DTXSID1045116,Domperidone,ClC1=CC2=C(C=C1)N(C1CCN(CCCN3C(=O)NC4=C3C=CC=C4)CC1)C(=O)N2,2.8840315031266117E-11,32.359365692962825,8.912509381337454,327,8.317637711026709E-11,0.9772372209558107,9.71,524.8074602497728,3.9,242,6.55,4.24,3.019951720402019E-9,0.0001230268770812381,3.54,1.89,0
DRONABINOL,Synonym from Valid Source,DTXSID6021327,(-)-trans-Tetrahydrocannabinol,[H][C@@]12C=C(C)CC[C@@]1([H])C(C)(C)OC1=CC(CCCCC)=CC(O)=C21,4.6773514128719814E-11,371.5352290971724,85.11380382023764,328,8.317637711026709E-10,3.019951720402016,10.82,67608.29753919819,7.16,134,7.8,N/A,1.0232929922807536E-8,0.000012882495516931348,7.16,7.01,0
DROSPIRENONE,Approved Name,DTXSID7046465,Drospirenone,[H][C@@]12C[C@]1([H])[C@@]1([H])[C@]3([H])[C@]4([H])C[C@]4([H])[C@@]4(CCC(=O)O4)[C@@]3(C)CC[C@]1([H])[C@@]1(C)CCC(=O)C=C21,6.16595001861481E-11,38.90451449942807,257.03957827688646,390,1E-8,21.87761623949553,11.71,74131.02413009177,3,143,N/A,N/A,2.95120922666639E-9,0.00000851138038202376,3,3,0
HALOPERIDOL,Approved Name,DTXSID4034150,Haloperidol,OC1(CCN(CCCC(=O)C2=CC=C(F)C=C2)CC1)C1=CC=C(Cl)C=C1,2.8840315031266117E-11,81.2830516164099,5.370317963702527,390,4.897788193684456E-11,0.30902954325135906,10.43,1737.8008287493763,4.29,151,N/A,N/A,5.011872336272715E-9,0.00003715352290971728,4.29,4.29,0
IMATINIB,Approved Name,DTXSID3037125,Imatinib,CN1CCN(CC2=CC=C(C=C2)C(=O)NC2=CC(NC3=NC=CC(=N3)C3=CC=CN=C3)=C(C)C=C2)CC1,1.8620871366628657E-11,26.915348039269155,4.786300923226384,328,7.413102413009162E-10,0.7413102413009175,9.74,46773.51412871981,4.03,228,N/A,8.35,6.025595860743569E-10,4.78630092322638E-7,1.18,3.03,0
LAMOTRIGINE,Approved Name,DTXSID2023195,Lamotrigine,NC1=NC(N)=C(N=N1)C1=CC=CC(Cl)=C1Cl,1.3803842646028866E-11,26.915348039269155,6.165950018614822,336,1.1220184543019653E-9,0.42657951880159267,9.2,177.82794100389228,2.57,238,N/A,5.05,3.801893963205613E-10,0.00004265795188015926,2.44,2.57,0
NEVIRAPINE,Approved Name,DTXSID7031797,Nevirapine,CC1=CC=NC2=C1NC(=O)C1=CC=CN=C1N2C1CC1,1.659586907437563E-11,17.78279410038923,3.3884415613920256,332,1.7378008287493763E-10,1.096478196143185,10.79,794.3282347242813,1.81,152,N/A,2.92,3.981071705534969E-9,0.0006456542290346556,1.81,1.81,0
NIFEDIPINE,Approved Name,DTXSID2025715,Nifedipine,COC(=O)C1=C(C)NC(C)=C(C1C1=CC=CC=C1[N+]([O-])=O)C(=O)OC,6.456542290346562E-11,6.456542290346556,3.548133892335755,352,1.3182567385564074E-8,0.4897788193684462,9.4,158.48931924611142,2.53,173,N/A,4.93,8.317637711026709E-8,0.000017378008287493764,2.43,2.53,0
NIMODIPINE,Approved Name,DTXSID5023370,Nimodipine,COCCOC(=O)C1=C(C)NC(C)=C(C1C1=CC(=CC=C1)[N+]([O-])=O)C(=O)OC(C)C,8.317637711026709E-11,6.918309709189364,4.466835921509632,359,2.691534803926914E-8,2.7542287033381663,10.89,89.12509381337455,3.05,154,N/A,6.08,4.8977881936844667E-8,0.0000363078054770101,2.37,3.03,0
NITRENDIPINE,Approved Name,DTXSID0023373,Nitrendipine,CCOC(=O)C1=C(C)NC(C)=C(C1C1=CC(=CC=C1)[N+]([O-])=O)C(=O)OC,1.2022644346174132E-10,10.964781961431852,3.548133892335755,353,1.288249551693135E-8,0.6760829753919817,10.18,213.79620895022325,2.88,150,N/A,5.37,8.912509381337459E-8,0.00005623413251903491,2.64,2.88,0
OLANZAPINE,Approved Name,DTXSID9023388,Olanzapine,CN1CCN(CC1)C1=NC2=C(NC3=C1C=C(C)S3)C=CC=C2,3.548133892335761E-11,19.054607179632473,47.86300923226383,337,5.370317963702532E-10,1.2302687708123816,10.89,501.18723362727246,3,147,8.25,N/A,4.6773514128719815E-9,0.00007079457843841373,3,2.94,0
OXAZEPAM,Approved Name,DTXSID1021087,Oxazepam,OC1N=C(C2=CC=CC=C2)C2=CC(Cl)=CC=C2NC1=O,1.7782794100389227E-11,97.72372209558107,4.265795188015927,343,1.6595869074375631E-10,0.3467368504525316,9.23,363.0780547701014,2.24,205,8.93,N/A,3.715352290971728E-10,0.0001122018454301963,2.24,2.23,0
PACLITAXEL,Approved Name,DTXSID9023413,Paclitaxel,[H][C@@]12C[C@H](O)[C@@]3(C)C(=O)[C@H](OC(C)=O)C4=C(C)[C@H](C[C@@](O)([C@@H](OC(=O)C5=CC=CC=C5)[C@]3([H])[C@@]1(CO2)OC(C)=O)C4(C)C)OC(=O)[C@H](O)[C@@H](NC(=O)C1=CC=CC=C1)C1=CC=CC=C1,1.0471285480508985E-10,10.471285480508996,147.91083881682073,463,1.3803842646028866E-11,0.5248074602497725,9.58,22387.21138568338,2.01,221,6.16,N/A,7.762471166286927E-9,0.0015488166189124811,1.92,0.75,0
PRAZIQUANTEL,Approved Name,DTXSID9021182,Praziquantel,O=C(C1CCCCC1)N1CC2N(CCC3=C2C=CC=C3)C(=O)C1,3.311311214825908E-11,7.5857757502918375,7.5857757502918375,360,7.0794578438413736E-9,0.933254300796991,11.52,831.7637711026708,1.74,136,N/A,4.7,1E-8,0.0012882495516931337,1.68,1.74,0
PREDNISONE,Approved Name,DTXSID4021185,Prednisone,C[C@]12CC(=O)[C@H]3[C@@H](CCC4=CC(=O)C=C[C@]34C)[C@@H]1CC[C@]2(O)C(=O)CO,9.549925860214369E-11,3.715352290971725,97.72372209558107,406,1.2302687708123811E-9,0.5370317963702527,9.41,21877.616239495517,1.47,215,8.77,N/A,2.511886431509582E-9,0.0003311311214825911,1.47,1.45,0
PRIMIDONE,Approved Name,DTXSID7023510,Primidone,CCC1(C(=O)NCNC1=O)C1=CC=CC=C1,9.332543007969923E-12,2.344228815319922,3.311311214825911,272,4.265795188015934E-10,0.11748975549395294,9.01,79.43282347242814,0.91,281,8.36,N/A,4.8977881936844667E-8,0.0022908676527677724,0.91,0.86,0
RITONAVIR,Approved Name,DTXSID1048627,Ritonavir,CC(C)[C@H](NC(=O)N(C)CC1=CSC(=N1)C(C)C)C(=O)N[C@H](C[C@H](O)[C@H](CC1=CC=CC=C1)NC(=O)OCC1=CN=CS1)CC1=CC=CC=C1,5.7543993733715666E-11,35.48133892335755,87.09635899560806,327,1.1481536214968841E-10,0.31622776601683794,9.57,33884.415613920275,3.47,191,6.22,N/A,6.456542290346562E-11,0.0000033884415613920275,3.39,2.26,0
RIVAROXABAN,Approved Name,DTXSID3057723,Rivaroxaban,ClC1=CC=C(S1)C(=O)NC[C@H]1CN(C(=O)O1)C1=CC=C(C=C1)N1CCOCC1=O,1.7782794100389227E-11,11.481536214968829,3.3884415613920256,389,2.95120922666639E-10,2.884031503126606,10.18,95.49925860214358,2.08,164,N/A,3.94,1.2589254117941661E-8,0.0000407380277804113,2.07,2.08,0
ROFECOXIB,Approved Name,DTXSID2023567,Rofecoxib,CS(=O)(=O)C1=CC=C(C=C1)C1=C(C(=O)OC1)C1=CC=CC=C1,2.187761623949552E-11,3.2359365692962827,3.3884415613920256,403,6.309573444801943E-9,0.5370317963702527,10.35,1445.439770745928,3.17,141,N/A,N/A,4.6773514128719815E-8,0.00010232929922807536,3.17,3.17,0
SPIRONOLACTONE,Approved Name,DTXSID6034186,Spironolactone,[H][C@@]12CC[C@@]3(CCC(=O)O3)[C@@]1(C)CC[C@@]1([H])[C@@]2([H])[C@@H](CC2=CC(=O)CC[C@]12C)SC(C)=O,1.1748975549395304E-10,74.13102413009177,257.03957827688646,424,1.122018454301963E-8,9.772372209558107,11.68,50118.72336272725,2.78,207,N/A,N/A,7.943282347242822E-9,0.00005623413251903491,2.78,2.78,0
TACROLIMUS,Synonym - WARNING: Synonym mapped to two or more chemicals,DTXSID001350197,Tacrolimus hydrate,O.[H][C@]1(CC[C@@H](O)[C@@]([H])(C1)OC)\C=C(/C)[C@@]1([H])OC(=O)[C@]2([H])CCCCN2C(=O)C(=O)[C@]2(O)O[C@@]([H])([C@]([H])(C[C@H]2C)OC)[C@]([H])(C[C@@H](C)C\C(C)=C/[C@@]([H])(CC=C)C(=O)C[C@H](O)[C@H]1C)OC,1.8620871366628656E-10,10.232929922807541,28.183829312644534,463,1.9054607179632444E-9,1.202264434617413,9.61,33113.112148259075,2.43,181,N/A,6.19,1.445439770745928E-10,0.000060255958607435806,1.66,2.4,0
TACROLIMUS,Approved Name - WARNING: Synonym mapped to two or more chemicals,DTXSID5046354,Tacrolimus,[H][C@]12O[C@](O)([C@H](C)C[C@@H]1OC)C(=O)C(=O)N1CCCC[C@@]1([H])C(=O)O[C@@H]([C@H](C)[C@@H](O)CC(=O)[C@H](CC=C)\C=C(C)\C[C@H](C)C[C@@H]2OC)C(\C)=C\[C@@H]1CC[C@@H](O)[C@@H](C1)OC,1.8620871366628656E-10,10.232929922807541,28.183829312644534,463,1.9054607179632444E-9,1.202264434617413,9.61,33113.112148259075,2.43,181,N/A,6.19,1.445439770745928E-10,0.000060255958607435806,1.66,2.4,0
ZALEPLON,Approved Name,DTXSID5023748,Zaleplon,CCN(C(C)=O)C1=CC=CC(=C1)C1=CC=NC2=C(C=NN12)C#N,1.0715193052376049E-11,12.302687708123818,3.3884415613920256,327,1.5488166189124828E-8,2.3988329190194904,11.71,1513.5612484362086,1.23,162,N/A,1.25,5.888436553555884E-9,0.00008912509381337459,1.23,1.23,0
AZTREONAM,Approved Name,DTXSID0022640,Aztreonam,C[C@H]1[C@H](NC(=O)C(=N/OC(C)(C)C(O)=O)\C2=CSC(N)=N2)C(=O)N1S(O)(=O)=O,1.5848931924611107E-11,2.6915348039269156,4.466835921509632,282,1.1748975549395303E-11,0.44668359215096315,9.44,45.708818961487495,0.51,182,6.04,N/A,2.2387211385683378E-8,0.002818382931264455,0.4,-0.87,0
PENICILLIN G,Approved Name,DTXSID5046934,Penicillin G,[H][C@]12SC(C)(C)[C@@H](N1C(=O)[C@H]2NC(=O)CC1=CC=CC=C1)C(O)=O,1.698243652461746E-11,2.884031503126606,13.489628825916533,307,1.4791083881682073E-11,0.16595869074375605,9.46,707.945784384138,1.83,161,5.78,N/A,7.244359600749891E-11,0.03311311214825911,1.65,0.2,0
CAPTOPRIL,Approved Name,DTXSID1037197,Captopril,C[C@H](CS)C(=O)N1CCC[C@H]1C(O)=O,7.413102413009163E-12,2.884031503126606,4.466835921509632,292,3.46736850452531E-10,0.31622776601683794,8.61,56.23413251903491,0.34,106,2.62,N/A,0.000002818382931264455,0.10471285480508996,-2.54,-4.44,1
CEFONICID,Approved Name,DTXSID7022758,Cefonicid,O[C@@H](C(=O)N[C@H]1[C@H]2SCC(CSC3=NN=NN3CS(O)(=O)=O)=C(N2C1=O)C(O)=O)C1=CC=CC=C1,8.317637711026709E-11,3.1622776601683795,89.12509381337455,305,1.445439770745928E-11,0.3890451449942806,9.49,53.70317963702527,0.17,192,5.84,N/A,1.348962882591656E-9,0.0026302679918953813,0.01,-1.4,0
CEFOTAXIME,Approved Name,DTXSID6022761,Cefotaxime,[H][C@]12SCC(COC(C)=O)=C(N1C(=O)[C@H]2NC(=O)C(=N/OC)\C1=CSC(N)=N1)C(O)=O,6.456542290346562E-11,3.548133892335755,14.454397707459272,320,1.659586907437563E-11,0.32359365692962827,9.44,47.86300923226383,0.29,176,4.78,6.34,1.6218100973589331E-9,0.001202264434617413,-0.04,-1.56,0
CEFOXITIN,Approved Name,DTXSID1022764,Cefoxitin,CO[C@]1(NC(=O)CC2=CC=CS2)[C@H]2SCC(COC(N)=O)=C(N2C1=O)C(O)=O,4.78630092322638E-11,3.8018939632056115,14.791083881682072,273,1.4791083881682073E-11,0.32359365692962827,9.43,46.77351412871981,-0.02,210,5.16,N/A,1.6595869074375631E-9,0.008912509381337459,-0.52,-2.26,0
EMTRICITABINE,Approved Name,DTXSID0040129,Emtricitabine,NC1=NC(=O)N(C=C1F)[C@@H]1CS[C@H](CO)O1,1.148153621496884E-11,1.288249551693134,2.9512092266663856,330,6.309573444801942E-11,0.09772372209558107,8.4,53.70317963702527,-0.43,184,5.09,N/A,3.8904514499428046E-10,0.21877616239495523,-0.98,-2.74,1
ENALAPRILAT,Expert Validated Synonym,DTXSID0048975,Enalapril acid,C[C@H](N[C@@H](CCC1=CC=CC=C1)C(O)=O)C(=O)N1CCC[C@H]1C(O)=O,2.344228815319918E-11,3.1622776601683795,3.311311214825911,286,1.2589254117941662E-11,0.18620871366628675,9.29,114.81536214968828,-0.73,150,4.07,N/A,5.370317963702533E-11,0.011220184543019636,-2.18,-4.06,0
HYDROCHLOROTHIAZIDE,Approved Name,DTXSID2020713,Hydrochlorothiazide,NS(=O)(=O)C1=CC2=C(NCNS2(=O)=O)C=C1Cl,4.466835921509635E-12,2.137962089502232,7.244359600749901,255,2.754228703338163E-10,0.16982436524617442,8.53,52.48074602497726,-0.07,274,8.32,N/A,1.0471285480508985E-10,0.0023442288153199225,-0.07,-0.12,0
LEVOFLOXACIN,Approved Name,DTXSID0041060,Levofloxacin,C[C@H]1COC2=C(N3CCN(C)CC3)C(F)=CC3=C2N1C=C(C(O)=O)C3=O,2.3988329190194948E-11,4.36515832240166,3.3884415613920256,339,1.148153621496884E-9,0.36307805477010135,10.42,478.6300923226385,-0.39,169,1.2,N/A,1.445439770745928E-7,0.07762471166286916,-4.69,-6.59,0
METHOTREXATE SODIUM,Expert Validated Synonym,DTXSID10872452,Sodium L-(+)-methotrexate,N/A,N/A,N/A,N/A,N/A,N/A,N/A,N/A,N/A,N/A,N/A,N/A,N/A,N/A,N/A,N/A,N/A,N/A
METHYLDOPA,Synonym,DTXSID5023295,(-)-Methyldopa,C[C@](N)(CC1=CC=C(O)C(O)=C1)C(O)=O,1.5135612484362072E-11,5.370317963702527,4.073802778041127,281,1.4125375446227555E-9,0.3981071705534972,8.41,95.49925860214358,-1.42,231,4.25,7.68,4.78630092322638E-10,0.047863009232263824,-3.6,-1.88,1
TENOFOVIR,Approved Name,DTXSID9040132,Tenofovir,C[C@H](CN1C=NC2=C1N=CN=C2N)OCP(O)(O)=O,5.370317963702533E-11,3.311311214825911,5.1286138399136485,265,1.1220184543019652E-10,0.16218100973589297,8.54,50.11872336272722,-1.29,193,1.29,7.96,4.466835921509635E-9,0.16218100973589297,-2.22,-4.07,1
TOPIRAMATE,Approved Name,DTXSID8023688,Topiramate,CC1(C)O[C@@H]2CO[C@@]3(COS(N)(=O)=O)OC(C)(C)O[C@H]3[C@@H]2O1,1.7782794100389227E-11,1.4125375446227544,6.165950018614822,277,9.332543007969925E-9,2.5703957827688635,9.35,25.703957827688633,0.26,89,N/A,4.97,0.000010471285480508985,3.1622776601683795,0.15,0.26,0
VIGABATRIN,Searched by Synonym: Found 0 results,N/A,N/A,N/A,N/A,N/A,N/A,N/A,N/A,N/A,N/A,N/A,N/A,N/A,N/A,N/A,N/A,N/A,N/A,N/A,N/A
ATENOLOL,Approved Name,DTXSID2022628,Atenolol,CC(C)NCC(O)COC1=CC=C(CC(N)=O)C=C1,1.9952623149688828E-11,1.4125375446227544,3.548133892335755,297,3.090295432513592E-10,0.19952623149688797,9.23,301.9951720402016,0.16,147,N/A,8.16,1.0964781961431829E-9,0.05248074602497726,-2.5,-0.67,1
AZITHROMYCIN,Approved Name,DTXSID8030760,Azithromycin,CC[C@H]1OC(=O)[C@H](C)[C@@H](O[C@H]2C[C@@](C)(OC)[C@@H](O)[C@H](C)O2)[C@H](C)[C@@H](O[C@@H]2O[C@H](C)C[C@@H]([C@H]2O)N(C)C)[C@](C)(O)C[C@@H](C)CN(C)[C@H](C)[C@@H](O)[C@]1(C)O,2.5703957827688646E-11,6.165950018614822,15.13561248436208,385,1.2882495516931322E-11,0.5248074602497725,9.53,43651.58322401656,4.02,114,N/A,6.55,4.3651583224016655E-10,0.0002754228703338166,2.93,3.96,0
BACLOFEN,Approved Name,DTXSID5022641,Baclofen,NCC(CC(O)=O)C1=CC=C(Cl)C=C1,1.5135612484362072E-11,3.890451449942806,4.570881896148751,301,1.8620871366628656E-9,0.19054607179632474,8.12,61.65950018614822,-0.95,207,4.12,N/A,0.0000019054607179632483,0.0199526231496888,-2.35,-4.23,1
CHLOROQUINE,Approved Name,DTXSID2040446,Chloroquine,CCN(CC)CCCC(C)NC1=C2C=CC(Cl)=CC2=NC=C1,8.511380382023759E-11,44.6683592150963,3.3884415613920256,347,1.1748975549395303E-9,0.8709635899560807,10.64,2290.8676527677726,4.63,136,N/A,11.34,3.981071705534969E-8,0.0012302687708123812,-1.21,0.69,0
CIMETIDINE,Approved Name,DTXSID4020329,Cimetidine,CNC(NC#N)=NCCSCC1=C(C)NC=N1,1.621810097358933E-11,2.290867652767773,3.548133892335755,327,6.760829753919819E-10,0.3311311214825911,9.21,154.88166189124811,0.4,142,N/A,9.2,1.0232929922807536E-9,0.03548133892335755,-3.3,-1.41,0
DISOPYRAMIDE,Approved Name,DTXSID1045536,Disopyramide,CC(C)N(CCC(C(N)=O)(C1=CC=CC=C1)C1=CC=CC=N1)C(C)C,1.7378008287493762E-11,138.03842646028852,3.3884415613920256,338,1.6218100973589331E-9,1.3489628825916535,10.45,1621.8100973589299,2.58,95,N/A,8.93,1.1748975549395303E-9,0.019498445997580455,-0.85,1.04,0
FAMOTIDINE,Approved Name,DTXSID5023039,Famotidine,NC(=N)NC1=NC(CSCCC(=N)NS(N)(=O)=O)=CS1,1.7782794100389227E-11,1.6982436524617444,3.9810717055349722,311,1.0471285480508985E-10,0.13489628825916536,9.39,190.54607179632464,-0.64,164,N/A,5.71,1.8620871366628656E-9,0.0026915348039269166,-1.06,-0.65,0
FLECAINIDE,Approved Name,DTXSID8023054,Flecainide,FC(F)(F)COC1=CC(C(=O)NCC2CCCCN2)=C(OCC(F)(F)F)C=C1,1.7378008287493762E-11,3.4673685045253166,4.265795188015927,333,8.511380382023759E-9,0.33884415613920255,9.16,1949.8445997580454,3.78,146,7.87,8.52,2.6302679918953816E-9,0.0003630780547701014,1.08,2.92,0
FLUCONAZOLE,Approved Name,DTXSID3020627,Fluconazole,OC(CN1C=NC=N1)(CN1C=NC=N1)C1=C(F)C=C(F)C=C1,1.445439770745928E-11,6.918309709189364,4.570881896148751,293,7.58577575029185E-9,0.6025595860743578,10.05,51.28613839913648,0.5,176,N/A,2.12,8.709635899560796E-10,0.015848931924611134,0.5,0.5,0
METFORMIN,Approved Name,DTXSID2023270,Metformin,CN(C)C(=N)NC(N)=N,5.248074602497734E-11,1.9498445997580451,4.786300923226384,257,3.5481338923357603E-9,0.08709635899560805,5.93,9.549925860214358,0.38,161,N/A,13.28,6.606934480075964E-10,0.0588843655355589,-7.4,-5.5,0
METOCLOPRAMIDE,Approved Name,DTXSID6045169,Metoclopramide,CCN(CC)CCNC(=O)C1=CC(Cl)=C(N)C=C1OC,1.7378008287493762E-11,33.11311214825911,3.3884415613920256,348,1.9952623149688828E-10,0.5623413251903491,9.26,316.22776601683796,2.62,147,N/A,11.21,1.5135612484362072E-8,0.0005754399373371566,-3.09,-1.19,1
NADOLOL,Approved Name,DTXSID3023342,Nadolol,CC(C)(C)NCC(O)COC1=CC=CC2=C1CC(O)C(O)C2,2.29086765276777E-11,2.0892961308540396,6.760829753919817,335,1.0471285480508984E-8,0.31622776601683794,9.4,165.95869074375614,0.81,130,9.8,9.8,3.715352290971728E-10,0.043651583224016584,-3.49,-1.59,0
OFLOXACIN,Synonym - WARNING: Synonym mapped to two or more chemicals,DTXSID0041060,Levofloxacin,C[C@H]1COC2=C(N3CCN(C)CC3)C(F)=CC3=C2N1C=C(C(O)=O)C3=O,2.3988329190194948E-11,4.36515832240166,3.3884415613920256,339,1.148153621496884E-9,0.36307805477010135,10.42,478.6300923226385,-0.39,169,1.2,N/A,1.445439770745928E-7,0.07762471166286916,-4.69,-6.59,0
OFLOXACIN,Approved Name - WARNING: Synonym mapped to two or more chemicals,DTXSID3041085,Ofloxacin,CC1COC2=C(N3CCN(C)CC3)C(F)=CC3=C2N1C=C(C(O)=O)C3=O,2.3988329190194948E-11,4.36515832240166,3.3884415613920256,339,1.148153621496884E-9,0.36307805477010135,10.42,478.6300923226385,-0.39,169,1.2,N/A,1.445439770745928E-7,0.07762471166286916,-4.69,-6.59,0
PILSICAINIDE,Approved Name,DTXSID1046639,Pilsicainide,CC1=CC=CC(C)=C1NC(=O)CC12CCCN1CCC2,1.9952623149688828E-11,19.952623149688797,3.3884415613920256,349,3.2359365692962813E-10,2.3988329190194904,10.98,524.8074602497728,2.45,136,N/A,7.04,7.943282347242822E-7,0.002818382931264455,0.9,2.29,0
PSEUDOEPHEDRINE,Approved Name,DTXSID0023537,Pseudoephedrine,CN[C@@H](C)[C@@H](O)C1=CC=CC=C1,1.5488166189124796E-11,5.623413251903491,3.311311214825911,255,1.1481536214968817E-7,0.11220184543019636,7.85,128.82495516931337,1.49,90,N/A,9.58,0.02754228703338166,0.36307805477010135,-2.59,-0.69,0
PYRIDOSTIGMINE,Approved Name,DTXSID20165786,Pyridostigmine,CN(C)C(=O)OC1=C[N+](C)=CC=C1,1.3182567385564048E-11,5.1286138399136485,3.8018939632056115,266,0.000018197008586099827,0.10232929922807542,6.14,36.30780547701014,1.94,63,N/A,4.82,0.01548816618912481,0.1318256738556407,1.86,1.94,1
PYRIMETHAMINE,Approved Name,DTXSID9021217,Pyrimethamine,CCC1=NC(N)=NC(N)=C1C1=CC=C(Cl)C=C1,1.4125375446227554E-11,109.64781961431851,6.165950018614822,332,1.9952623149688828E-9,0.5011872336272722,9.25,288.40315031266056,2.69,233,N/A,6.73,1.3182567385564074E-8,0.00039810717055349735,1.44,2.61,0
SOTALOL,Approved Name,DTXSID0023589,Sotalol,CC(C)NCC(O)C1=CC=C(NS(C)(=O)=O)C=C1,1.3803842646028866E-11,2.041737944669529,3.3884415613920256,290,1.8620871366628656E-9,0.13489628825916536,8.54,97.72372209558107,0.24,207,8.12,N/A,4.1686938347033463E-10,0.005623413251903491,0.24,0.16,0
STAVUDINE,Approved Name,DTXSID1023819,Stavudine,CC1=CN([C@@H]2O[C@H](CO)C=C2)C(=O)NC1=O,6.025595860743569E-11,1.1220184543019633,3.3884415613920256,259,2.089296130854041E-9,0.19498445997580455,9.07,56.23413251903491,-0.72,149,8.69,N/A,1.4125375446227554E-8,0.1318256738556407,-0.72,-0.74,1
TERBUTALINE,Approved Name,DTXSID7021310,Terbutaline,CC(C)(C)NCC(O)C1=CC(O)=CC(O)=C1,1.621810097358933E-11,3.630780547701014,3.9810717055349722,298,3.4673685045253096E-11,0.11748975549395294,8.41,100,0.9,148,N/A,8.51,1.6595869074375596E-7,0.046773514128719815,-2.11,-0.24,1
DIGOXIN,Approved Name,DTXSID5022934,Digoxin,C[C@H]1O[C@H](C[C@H](O)[C@@H]1O)O[C@H]1[C@@H](O)C[C@H](O[C@H]2[C@@H](O)C[C@H](O[C@H]3CC[C@@]4(C)[C@H](CC[C@@H]5[C@@H]4C[C@@H](O)[C@]4(C)[C@H](CC[C@]54O)C4=CC(=O)OC4)C3)O[C@@H]2C)O[C@@H]1C,8.317637711026709E-11,10,257.03957827688646,409,1.3182567385564046E-10,0.3311311214825911,9.56,87096.35899560814,1.26,222,N/A,5.82,7.413102413009162E-10,0.00007585775750291836,0.77,1.25,0
LAMIVUDINE,Approved Name,DTXSID7023194,Lamivudine,NC1=NC(=O)N(C=C1)[C@@H]1CS[C@H](CO)O1,2.7542287033381634E-11,1.3803842646028848,2.9512092266663856,330,1E-8,0.1548816618912481,8.4,41.68693834703355,-0.93,187,7.25,N/A,4.265795188015934E-10,0.2137962089502232,-0.94,-1.31,0
LEVETIRACETAM,Approved Name,DTXSID9023207,Levetiracetam,CC[C@H](N1CCCC1=O)C(N)=O,5.6234132519034904E-12,2.2387211385683394,3.548133892335755,309,2.344228815319918E-9,0.1148153621496883,9.06,30.19951720402016,-0.82,144,9.42,N/A,0.000018620871366628657,0.5495408738576245,-0.82,-0.82,0
NIZATIDINE,Approved Name,DTXSID5023376,Nizatidine,CNC(NCCSCC1=CSC(CN(C)C)=N1)=C[N+]([O-])=O,1.7782794100389227E-11,4.677351412871983,3.548133892335755,342,1.6595869074375631E-9,0.4786300923226383,10.81,724.4359600749899,0.37,131,N/A,9.86,2.0417379446695275E-7,0.001995262314968879,-3.99,-2.09,0
AMPICILLIN,Approved Name,DTXSID4022602,Ampicillin,[H][C@]12SC(C)(C)[C@@H](N1C(=O)[C@H]2NC(=O)[C@H](N)C1=CC=CC=C1)C(O)=O,2.344228815319918E-11,2.9512092266663856,34.673685045253166,331,1.5135612484362072E-11,0.19498445997580455,9.34,87.09635899560806,1.35,167,5.86,N/A,1.621810097358933E-10,0.028840315031266057,1.19,-0.2,0
CEPHALEXIN,Approved Name,DTXSID9022780,Cephalexin,[H][C@]12SCC(C)=C(N1C(=O)[C@H]2NC(=O)[C@H](N)C1=CC=CC=C1)C(O)=O,6.309573444801942E-11,2.9512092266663856,35.48133892335755,311,1.5488166189124796E-11,0.19498445997580455,9.36,89.12509381337455,0.65,151,6.6,N/A,5.370317963702532E-10,0.005128613839913648,0.62,-0.21,0
GABAPENTIN,Approved Name,DTXSID0020074,Gabapentin,NCC1(CC(O)=O)CCCCC1,1.3182567385564048E-11,2.884031503126606,3.715352290971725,276,3.0199517204020194E-8,0.2691534803926916,7.92,125.89254117941675,-1.1,202,3.92,N/A,0.0005248074602497728,0.1778279410038923,-2.69,-4.58,1
PREGABALIN,Approved Name,DTXSID1045950,Pregabalin,CC(C)C[C@H](CN)CC(O)=O,1.3182567385564048E-11,3.4673685045253166,3.548133892335755,276,3.162277660168379E-8,0.14791083881682077,7.85,75.85775750291836,-1.99,250,4.08,N/A,0.01148153621496883,0.8709635899560807,-3.43,-5.31,1
ACYCLOVIR,Approved Name,DTXSID1022556,Acyclovir,NC1=NC(=O)C2=C(N1)N(COCCO)C=N2,9.332543007969923E-12,1.5848931924611136,4.466835921509632,337,1.7378008287493763E-10,0.3801893963205612,9.21,35.48133892335755,-1.03,253,7.06,5.23,6.165950018614809E-10,0.09772372209558107,-1.76,-2.31,0
APAZONE,Synonym,DTXSID6045408,Azapropazone,CCCC1C(=O)N2N(C1=O)C1=CC(C)=CC=C1N=C2N(C)C,1.7782794100389227E-11,8.912509381337454,7.244359600749901,329,1.445439770745928E-9,1.4454397707459274,9.31,281.8382931264455,0.5,247,N/A,3.3,6.165950018614822E-8,0.00016982436524617443,0.5,0.5,0
CANDESARTAN,Approved Name,DTXSID0022725,Candesartan,CCOC1=NC2=CC=CC(C(O)=O)=C2N1CC1=CC=C(C=C1)C1=C(C=CC=C1)C1=NN=NN1,1.7782794100389227E-11,3.2359365692962827,7.5857757502918375,328,7.079457843841374E-11,0.5623413251903491,9.66,724.4359600749899,4.14,200,1.71,N/A,3.715352290971728E-9,0.00018620871366628676,0.35,-1.55,0
CEFPROZIL,Approved Name,DTXSID6022767,Cefprozil,[H][C@]12SCC(C=CC)=C(N1C(=O)[C@H]2NC(=O)[C@H](N)C1=CC=C(O)C=C1)C(O)=O,1.2022644346174132E-10,5.370317963702527,89.12509381337455,333,1.8620871366628657E-11,0.19952623149688797,9.45,61.65950018614822,0.81,162,8.25,7.2,6.606934480075964E-9,0.009772372209558112,-0.9,0.6,0
CIPROFLOXACIN,Approved Name,DTXSID8022824,Ciprofloxacin,OC(=O)C1=CN(C2CC2)C2=CC(N3CCNCC3)=C(F)C=C2C1=O,2.29086765276777E-11,2.884031503126606,3.3884415613920256,348,9.332543007969923E-12,0.16218100973589297,9.43,301.9951720402016,0.28,224,-0.74,7.91,6.760829753919819E-10,0.006606934480075957,-2.13,-0.35,0
NITROFURANTOIN,Approved Name,DTXSID7020972,Nitrofurantoin,[O-][N+](=O)C1=CC=C(O1)C=NN1CC(=O)NC1=O,9.120108393559116E-12,2.3988329190194904,3.548133892335755,265,1.4454397707459279E-8,0.08912509381337455,9.76,56.23413251903491,-0.47,263,2.2,N/A,0.00002818382931264455,0.0004073802778041126,-3.77,-5.67,0
PENICILLIN V,Approved Name,DTXSID3023429,Penicillin V,[H][C@]12SC(C)(C)[C@@H](N1C(=O)[C@H]2NC(=O)COC1=CC=CC=C1)C(O)=O,1.698243652461746E-11,2.6915348039269156,6.606934480075959,298,1.3803842646028866E-11,0.14791083881682077,9.49,446.683592150963,2.09,174,5.68,N/A,2.089296130854041E-10,0.023988329190194897,1.87,0.36,0
SULFISOXAZOLE,Approved Name,DTXSID6021292,Sulfisoxazole,CC1=NOC(NS(=O)(=O)C2=CC=C(N)C=C2)=C1C,1.3803842646028866E-11,1.7378008287493754,3.3884415613920256,276,1.698243652461746E-10,0.10715193052376065,9.08,199.52623149688787,1.01,191,4.26,N/A,7.943282347242822E-9,0.0012302687708123812,-0.25,-2.13,0
AMISULPRIDE,Approved Name,DTXSID5042613,Amisulpride,CCN1CCCC1CNC(=O)C1=CC(=C(N)C=C1OC)S(=O)(=O)CC,2.0417379446695317E-11,1.4791083881682074,3.3884415613920256,350,1.3182567385564048E-11,0.18620871366628675,9.48,1288.2495516931335,1.1,127,N/A,9.8,2.8840315031266117E-11,0.0007762471166286919,-3.2,-1.3,0
PALIPERIDONE,Approved Name,DTXSID7049059,Paliperidone,CC1=C(CCN2CCC(CC2)C2=NOC3=CC(F)=CC=C23)C(=O)N2CCCC(O)C2=N1,8.128305161640995E-11,4.073802778041127,7.413102413009175,360,1.9952623149688786E-8,2.290867652767773,10.27,4365.158322401661,1.75,150,N/A,7.36,1.9952623149688828E-9,0.002818382931264455,-0.12,1.47,0
ROXITHROMYCIN,Approved Name,DTXSID8041117,Roxithromycin,CC[C@H]1OC(=O)[C@H](C)[C@@H](O[C@H]2C[C@@](C)(OC)[C@@H](O)[C@H](C)O2)[C@H](C)[C@@H](O[C@@H]2O[C@H](C)C[C@@H]([C@H]2O)N(C)C)[C@](C)(O)C[C@@H](C)\C(=N/OCOCCOC)[C@H](C)[C@@H](O)[C@]1(C)O,N/A,N/A,N/A,N/A,N/A,N/A,N/A,N/A,N/A,N/A,N/A,N/A,N/A,N/A,N/A,N/A,N/A
ACETAZOLAMIDE,Approved Name,DTXSID7022544,Acetazolamide,CC(=O)NC1=NN=C(S1)S(N)(=O)=O,1.9054607179632443E-12,1.62181009735893,3.548133892335755,264,5.011872336272715E-9,0.14454397707459277,8.14,17.78279410038923,-0.26,260,6.63,N/A,1.1748975549395302E-8,0.003890451449942805,-0.29,-1.1,0
LEVONORGESTREL,Approved Name,DTXSID3036496,Levonorgestrel,[H][C@@]12CC[C@@](O)(C#C)[C@@]1(CC)CC[C@]1([H])[C@@]3([H])CCC(=O)C=C3CC[C@@]21[H],7.762471166286927E-11,54.954087385762456,97.72372209558107,333,4.073802778041122E-9,3.3884415613920256,11.15,524807.4602497723,3.07,223,10.17,N/A,1.9498445997580416E-9,0.0000054954087385762485,3.07,3.07,0
MEDROXYPROGESTERONE ACETATE,Approved Name,DTXSID0025527,Medroxyprogesterone acetate,[H][C@@]12CC[C@](OC(C)=O)(C(C)=O)[C@@]1(C)CC[C@@]1([H])[C@@]2([H])C[C@H](C)C2=CC(=O)CC[C@]12C,6.606934480075964E-11,46.77351412871981,95.49925860214358,392,3.4673685045253164E-8,14.12537544622754,11.72,97723.72209558112,3.33,206,N/A,N/A,1.1748975549395303E-7,0.000009772372209558111,3.33,3.33,0
FLEROXACIN,Approved Name,DTXSID1046714,Fleroxacin,CN1CCN(CC1)C1=C(F)C=C2C(=O)C(=CN(CCF)C2=C1F)C(O)=O,1.8197008586099825E-11,4.36515832240166,4.466835921509632,322,1.7378008287493762E-9,0.6456542290346555,10.56,478.6300923226385,0.24,184,-2.18,6.75,4.5708818961487517E-10,0.018620871366628676,-1.03,0.15,0
FEXOFENADINE,Approved Name,DTXSID00861411,Fexofenadine,CC(C)(C(O)=O)C1=CC=C(C=C1)C(O)CCCN1CCC(CC1)C(O)(C1=CC=CC=C1)C1=CC=CC=C1,2.5118864315095823E-11,12.589254117941675,93.3254300796991,423,2.4547089156850285E-8,0.35481338923357547,9.45,158489.3192461114,4.51,143,4.17,8.78,2.6302679918953816E-9,0.0000054954087385762485,1.23,3.11,0
