Drug,SMILES,Type,pKa_exp,pkasolver_pKa_acid,opera_pKa_acid,molgpka_pKa_acid,unipka_pKa_acid,pkasolver_pKa_base,opera_pKa_base,molgpka_pKa_base,unipka_pKa_base,pkasolver_FG_acid,pkasolver_FG_base,molgpka_acid_raw,molgpka_base_raw,molgpka_acid_N,molgpka_base_N
Amphetamine,CC(N)Cc1ccccc1,BASE,NA,NA,NA,NA,NA,9.71785472869873,9.87,10.27,9.752597226,NA,aliphatic_amine,NA,10.27,0,1
Acetaminophen,CC(=O)Nc1ccc(O)cc1,NEUTRAL,9.5,9.54687282562256,NA,10.1,9.50707866,NA,NA,NA,NA,phenol,NA,"10.1, 13.84",NA,2,0
Aspirin,CC(=O)Oc1ccccc1C(=O)O,ACID,3.5,3.6455733299255373,4.2,3.39,3.788719355,NA,NA,NA,NA,carboxylate,NA,3.39,NA,1,0
Enalapril,CCOC(=O)[C@H](CCc1ccccc1)N[C@@H](C)C(=O)N1CCC[C@H]1C(=O)O,ACID,2.96,5.152421379089356,7.23,3.31,6.251129182,7.10762300491333,NA,5.38,NA,carboxylate,aliphatic_amine,3.31,5.38,1,1
Ethinyl estradiol,C#C[C@]1(O)CC[C@H]2[C@@H]3CCc4cc(O)ccc4[C@H]3CC[C@@]21C,ACID,NA,9.867010192871094,12.19,10.08,10.61608137,NA,NA,NA,3.053782622,phenol,NA,"12.43, 10.08",NA,2,0
Ethosuximide,CCC1(C)CC(=O)NC1=O,ACID,NA,6.44419900894165,9.18,10.99,9.21523023,NA,NA,NA,NA,imide,NA,10.99,NA,1,0
Ivermectin,CCC(C)C1C(CCC2(O1)CC3CC(O2)CC=C(C(C(C=CC=C4COC5C4(C(C=C(C5O)C)C(=O)O3)O)C)OC6CC(C(C(O6)C)OC7CC(C(C(O7)C)O)OC)OC)C)C,NEUTRAL,NA,8.55029296875,NA,NA,9.517235808,NA,NA,NA,3.619248974,alcohol,NA,"11.65, 13.25, 11.98",NA,3,0
Methohexital,C=CCC1(C(C)C#CCC)C(=O)NC(=O)N(C)C1=O,ACID,4.74,7.3327294921875,8.82,7.72,7.840355704,NA,NA,NA,NA,acidic_amide,NA,7.72,NA,1,0
Norethindrone,C#C[C@]1(O)CC[C@H]2[C@@H]3CCC4=CC(=O)CC[C@@H]4[C@H]3CC[C@@]21C,ACID,NA,8.424506530761718,10.32,NA,NA,NA,NA,NA,3.143837257,alcohol,NA,13.05,NA,1,0
Phenobarbital,CCC1(c2ccccc2)C(=O)NC(=O)NC1=O,ACID,7.49,7.574669151306153,7.71,7.37,7.010171163,NA,NA,NA,NA,acidic_amide,NA,"7.37, 7.37",NA,2,0
Theophylline,Cn1c(=O)c2nc[nH]c2n(C)c1=O.O,BASE,6.7,4.043516082763672,NA,9.43,8.300367378,8.830215187072755,3.19,NA,NA,acidic_aniline,heterocyclic_N_basic_5ring_polyhet,9.43,"2.08, 2.3, 2.45",1,3
Thiopental,CCCC(C)C1(CC)C(=O)NC(=S)NC1=O,ACID,4.199999999999999,7.690595645904541,5.69,7.01,7.424429906,NA,NA,NA,NA,acidic_amide,NA,"7.01, 7.01",0.44,2,1
Tinidazole,CCS(=O)(=O)CCn1c([N+](=O)[O-])cnc1C,BASE,NA,NA,NA,NA,NA,3.467329797744751,3.09,NA,NA,NA,heterocyclic_N_basic_5ring_polyhet,NA,"2.37, 1.13",0,2
Valproic Acid,CCCC(CCC)C(=O)O,ACID,4.8,4.836618785858154,5.25,4.75,4.636091143,NA,NA,NA,NA,carboxylate,NA,4.75,NA,1,0
Zonisamide,NS(=O)(=O)Cc1noc2ccccc12,ACID,NA,6.098102359771729,7.61,9.61,8.618392238,NA,NA,3.52,NA,sulfonamide,NA,"9.61, 9.61",3.52,2,1
Alprazolam,Cc1nnc2n1-c1ccc(Cl)cc1C(c1ccccc1)=NC2,BASE,2.4,NA,NA,NA,NA,4.153007087707519,4.83,4.22,4.546257511,NA,heterocyclic_N_basic_5ring_polyhet,NA,"4.22, 2.3996468, 2.7917118",0,3
Amitriptyline,CN(C)CCC=C1c2ccccc2CCc2ccccc21,BASE,9.4,NA,NA,NA,NA,9.493635368347167,9.91,9.33,9.250424558,NA,aliphatic_amine,NA,9.33,0,1
Amlodipine,CCOC(=O)C1=C(COCCN)NC(C)=C(C(=O)OC)C1c1ccccc1Cl,BASE,9.145,NA,NA,NA,10.31636038,6.789095344543457,8.37,8.7,8.419103943,NA,aliphatic_amine,NA,8.7,0,1
Bupivacaine,CCCCN1CCCCC1C(=O)Nc1c(C)cccc1C,BASE,8.129999999999999,10.074686241149902,NA,NA,NA,8.016181926727295,7.13,8.45,7.289709385,acidic_amide,aliphatic_amine,13.91,8.45,1,1
Buprenorphine,CO[C@@]12CC[C@@]3(C[C@@H]1[C@](C)(O)C(C)(C)C)[C@H]1Cc4ccc(O)c5c4[C@@]3(CCN1CC1CC1)[C@H]2O5,NEUTRAL,8.965,9.458731498718262,NA,9.32,9.98904695,8.642583236694335,NA,7.93,8.616951851,phenol,aliphatic_amine,"9.32, 13.49",7.93,2,1
Bupropion,CC(NC(C)(C)C)C(=O)c1cccc(Cl)c1,BASE,8.35,NA,NA,NA,NA,8.376285762786866,6.66,7.43,8.46860668,NA,aliphatic_amine,NA,7.43,0,1
Caffeine,Cn1c(=O)c2c(ncn2C)n(C)c1=O,BASE,0.6,NA,NA,NA,NA,3.648952217102051,2.43,NA,NA,NA,heterocyclic_N_basic_5ring_polyhet,NA,"2.06, 2.18, 2.38, 1.99",0,4
Chloramphenicol,O=C(N[C@H](CO)[C@H](O)c1ccc([N+](=O)[O-])cc1)C(Cl)Cl,ACID,0.645,8.026658191680909,9.39,NA,8.403356367,NA,NA,NA,NA,alcohol,NA,"13.03, 11.24, 12.07",NA,3,0
Chlorpromazine,CN(C)CCCN1c2ccccc2Sc2ccc(Cl)cc21,BASE,9.25,NA,NA,NA,NA,9.256706657409667,4.54,9.42,9.34410313,NA,aliphatic_amine,NA,"5.36, 9.42",0,2
Clemastine,CN1CCC[C@@H]1CCO[C@](C)(c1ccccc1)c1ccc(Cl)cc1,BASE,9.2,NA,NA,NA,NA,9.145569267272949,10.03,10.31,9.338692604,NA,aliphatic_amine,NA,10.31,0,1
Clindamycin,CCC[C@@H]1C[C@@H](C(=O)N[C@@H]([C@H]2O[C@H](SC)[C@H](O)[C@@H](O)[C@H]2O)[C@H](C)Cl)N(C)C1,BASE,NA,8.042730140686036,NA,NA,NA,7.217128391265869,6.58,8.68,7.407263225,alcohol,aliphatic_amine,"12.83, 12.69, 13.09, 12.83",8.68,4,1
Clomipramine,CN(C)CCCN1c2ccccc2CCc2ccc(Cl)cc21,BASE,9.38,NA,NA,NA,NA,8.766977272033692,7.42,9.41,9.649151443,NA,aliphatic_amine,NA,"6.91, 9.41",0,2
Clonazepam,O=C1CN=C(c2ccccc2Cl)c2cc([N+](=O)[O-])ccc2N1,ACID,NA,9.461673698425294,8.75,NA,10.74005207,NA,NA,3.78,NA,acidic_amide,NA,11.36,3.78,1,1
Codeine,COc1ccc2c3c1O[C@H]1[C@@H](O)C=C[C@H]4[C@@H](C2)N(C)CC[C@@]341,BASE,8.2,8.784990501403808,NA,NA,NA,8.010235786437988,7.95,8.01,7.773549982,alcohol,aliphatic_amine,13.47,8.01,1,1
Colchicine,COc1cc2c(c(OC)c1OC)-c1ccc(OC)c(=O)cc1[C@@H](NC(C)=O)CC2,BASE,NA,9.577218742370606,NA,NA,NA,NA,7.16,NA,NA,acidic_amide,NA,13.81,NA,1,0
Cotinine,CN1C(=O)CC[C@H]1c1cccnc1,BASE,4.5,NA,NA,NA,NA,3.1118795013427736,3.52,5,4.769493786,NA,heterocyclic_N_basic_6ring,NA,5,0,1
Desipramine,CNCCCN1c2ccccc2CCc2ccccc21,BASE,10.2,NA,NA,NA,NA,9.533452758789062,7.06,10.44,10.75895234,NA,aliphatic_amine,NA,"6.9, 10.44",0,2
Diazepam,CN1C(=O)CN=C(c2ccccc2)c2cc(Cl)ccc21,BASE,3.55,NA,NA,NA,NA,NA,3.6,4.2,4.104829906,NA,NA,NA,4.2,0,1
Dothiepin,CN(C)CC/C=C1\c2ccccc2CSc2ccccc21,ACID,9.25,NA,9.11,NA,NA,9.305014457702637,NA,9.3,8.982901048,NA,aliphatic_amine,NA,9.3,0,1
Doxepin,CN(C)CCC=C1c2ccccc2COc2ccccc21,BASE,9,NA,NA,NA,NA,8.952740783691405,10.11,9.29,9.359973251,NA,aliphatic_amine,NA,9.29,0,1
Duloxetine,CNCC[C@H](Oc1cccc2ccccc12)c1cccs1,BASE,9.97,NA,NA,NA,NA,9.844199180603027,5.24,9.98,9.129969382,NA,aliphatic_amine,NA,9.98,0,1
Escitalopram,CN(C)CCC[C@@]1(c2ccc(F)cc2)OCc2cc(C#N)ccc21,BASE,NA,NA,NA,NA,NA,9.605813484191895,7.36,9.67,8.841502533,NA,aliphatic_amine,NA,9.67,0,1
Fluoxetine,CNCCC(Oc1ccc(C(F)(F)F)cc1)c1ccccc1,BASE,10.2,NA,NA,NA,NA,9.746043128967285,12.54,9.97,9.338007557,NA,aliphatic_amine,NA,9.97,0,1
Fluvoxamine,COCCCC/C(=N\OCCN)c1ccc(C(F)(F)F)cc1,BASE,9.45,NA,NA,NA,NA,9.594550819396973,7.05,9.03,8.188420694,NA,aliphatic_amine,NA,"6.26, 9.03",0,2
Hydralazine,NNc1nncc2ccccc12,BASE,7.3,8.649924926757812,NA,NA,NA,5.767066478729248,7.15,5.96,7.499655774,acidic_aniline,heterocyclic_N_basic_polyhet,12.05,"5.39, 5.96",1,2
Hydromorphone,CN1CC[C@]23c4c5ccc(O)c4O[C@H]2C(=O)CC[C@H]3[C@H]1C5,BASE,NA,8.622216873168945,NA,9.21,9.30917636,7.934489612579346,7.38,8.36,7.800115036,phenol,aliphatic_amine,9.21,8.36,1,1
Hydroxychloroquine,CCN(CCO)CCCC(C)Nc1ccnc2cc(Cl)ccc12,AMPHOLYTE,NA,8.967913990020753,9.88,NA,NA,8.20999053955078,8.56,8.74,9.548848573,alcohol,aliphatic_amine,"13.81, 13.77","8.74, 6.34, 6.1445494",2,3
Imipramine,CN(C)CCCN1c2ccccc2CCc2ccccc21,BASE,9.5,NA,NA,NA,NA,9.018177070617675,7.89,9.48,9.768368672,NA,aliphatic_amine,NA,"7.01, 9.48",0,2
Isoniazid,NNC(=O)c1ccncc1,AMPHOLYTE,0.925,8.518807392120362,11.19,NA,NA,3.8529124450683594,5.67,4.14,3.560044537,acidic_amide,heterocyclic_N_basic_6ring,11.19,"3.5033698, 4, 4.14",1,3
Levodopa,N[C@@H](Cc1ccc(O)c(O)c1)C(=O)O,ACID,7.470000000000001,5.556838912963867,4.03,3.27,8.94948807,9.213680267333984,NA,8.67,NA,carboxylate,aliphatic_amine,"2.24, 5.16, 3.27",8.67,3,1
Methadone,CCC(=O)C(CC(C)N(C)C)(c1ccccc1)c1ccccc1,NEUTRAL,8.775,NA,NA,NA,NA,8.886227874755859,NA,9.55,8.605819371,NA,aliphatic_amine,NA,9.55,0,1
Methylphenidate,COC(=O)C(c1ccccc1)C1CCCCN1,BASE,9.24,NA,NA,NA,NA,9.279280853271484,10.54,9.66,9.113971593,NA,aliphatic_amine,NA,9.66,0,1
Metoprolol,COCCc1ccc(OCC(O)CNC(C)C)cc1,BASE,9.7,NA,NA,NA,NA,9.600602073669434,10.43,9.02,9.609009096,NA,aliphatic_amine,13.88,9.02,1,1
Metronidazole,Cc1ncc([N+](=O)[O-])n1CCO,BASE,0,7.258438034057617,NA,NA,NA,4.049307346343994,3.33,NA,NA,alcohol,heterocyclic_N_basic_5ring_polyhet,13.83,"1.46, 2.61",1,2
Mianserin,CN1CCN2c3ccccc3Cc3ccccc3C2C1,BASE,7.1,NA,NA,NA,NA,7.469741668701172,8.02,7.99,7.700633311,NA,aliphatic_amine,NA,"7.47, 7.99",0,2
Minoxidil,Nc1cc(N2CCCCC2)nc(N)[n+]1[O-],BASE,4.6,10.169734115600585,NA,NA,NA,9.77235378265381,5.59,6.96,4.219558697,acidic_aniline,aliphatic_amine,"11.57, 11.57, 12.23, 12.23","6.96, 5.44, 5.75, 5.37",4,4
Morphine,CN1CC[C@]23c4c5ccc(O)c4O[C@H]2[C@@H](O)C=C[C@H]3[C@H]1C5,BASE,8.18,8.176908836364746,NA,9.43,9.748568966,7.7969005584716795,8.06,8.03,7.923234899,alcohol,aliphatic_amine,"9.43, 13.1",8.03,2,1
Naltrexone,O=C1CC[C@@]2(O)[C@H]3Cc4ccc(O)c5c4[C@@]2(CCN3CC2CC2)[C@H]1O5,BASE,8.1,9.00490478515625,NA,9.08,9.304787286,8.49729148864746,6.87,7.26,8.186908652,alcohol,aliphatic_amine,"9.08, 12.86",7.26,2,1
Nicotine,CN1CCC[C@H]1c1cccnc1,NEUTRAL,8.08,NA,NA,NA,NA,8.292937088012696,NA,8.32,8.091322039,NA,aliphatic_amine,NA,"5.6024704, 8.32",0,2
Nortriptyline,CNCCC=C1c2ccccc2CCc2ccccc21,BASE,10.1,NA,NA,NA,NA,9.793729705810547,10.71,10.27,10.00607382,NA,aliphatic_amine,NA,10.27,0,1
Paroxetine,Fc1ccc([C@@H]2CCNC[C@H]2COc2ccc3c(c2)OCO3)cc1,NEUTRAL,9.805,NA,NA,NA,NA,9.788445777893067,NA,9.76,9.698828808,NA,aliphatic_amine,NA,9.76,0,1
Pefloxacin,CCn1cc(C(=O)O)c(=O)c2cc(F)c(N3CCN(C)CC3)cc21,AMPHOLYTE,NA,6.607101039886475,-1.71,6.59,7.988910863,6.860183143615723,7.17,7.2,5.560942976,carboxylate,aliphatic_amine,6.59,"3.556766, 6.61, 7.2",1,3
Prednisolone,C[C@]12C=CC(=O)C=C1CC[C@@H]1[C@@H]2[C@@H](O)C[C@@]2(C)[C@H]1CC[C@]2(O)C(=O)CO,ACID,0,6.693532009124755,8.59,NA,9.781829575,NA,NA,NA,3.022146542,alcohol,NA,"12.32, 12.64, 11.95",NA,3,0
Propranolol,CC(C)NCC(O)COc1cccc2ccccc12,BASE,9.475,NA,NA,NA,NA,9.543197212219239,8.86,9.05,9.4855458,NA,aliphatic_amine,13.77,9.05,1,1
Quinine,C=C[C@H]1CN2CC[C@H]1C[C@H]2[C@H](O)c1ccnc2ccc(OC)cc12,BASE,8.56,10.594068183898926,NA,NA,NA,9.416836929321288,8.25,9.28,8.145216558,alcohol,aliphatic_amine,12.87,"5.0054154, 9.28",1,2
Risperidone,Cc1nc2n(c(=O)c1CCN1CCC(c3noc4cc(F)ccc34)CC1)CCCC2,BASE,8.3,NA,NA,NA,NA,7.873133888244629,7.61,7.97,7.901076887,NA,aliphatic_amine,NA,"7.97, 3.1503768, 3.0089874",0,3
Sumatriptan,CNS(=O)(=O)Cc1ccc2[nH]cc(CCN(C)C)c2c1,ACID,9.5,7.934595928192139,10.22,NA,10.60273581,8.289345149993897,NA,9.24,8.944537559,sulfonamide,aliphatic_amine,"11.1, 12.38","4.69, 9.24, 2.6656632",2,3
Temazepam,CN1C(=O)C(O)N=C(c2ccccc2)c2cc(Cl)ccc21,BASE,NA,10.291334495544433,NA,NA,8.640871638,NA,4.19,5.06,NA,alcohol,NA,11.73,5.06,1,1
Timolol,CC(C)(C)NC[C@H](O)COc1nsnc1N1CCOCC1,BASE,8.8,NA,NA,NA,NA,9.198559799194335,9.6,9.15,9.676896409,NA,aliphatic_amine,13.57,"4.27, 9.15",1,2
Triprolidine,Cc1ccc(/C(=C\CN2CCCC2)c2ccccn2)cc1,BASE,9.69,NA,NA,NA,NA,8.981221466064452,8.15,9.1,8.777777972,NA,aliphatic_amine,NA,"4.9643726, 9.1",0,2
Venlafaxine,COc1ccc(C(CN(C)C)C2(O)CCCCC2)cc1,BASE,9.6,9.559253768920899,NA,NA,NA,9.4118510055542,9.4,9.14,8.652604486,alcohol,aliphatic_amine,13.95,9.14,1,1
Verapamil,COc1ccc(CCN(C)CCCC(C#N)(c2ccc(OC)c(OC)c2)C(C)C)cc1OC,BASE,8.92,NA,NA,NA,NA,8.920314445495606,8.43,9.2,8.54165249,NA,aliphatic_amine,NA,9.2,0,1
Zidovudine,Cc1cn([C@H]2C[C@H](N=[N+]=[N-])[C@@H](CO)O2)c(=O)[nH]c1=O,ACID,NA,8.79338701248169,6.88,9.47,NA,10.024857978820801,NA,NA,NA,alcohol,heterocyclic_N_basic_polyhet,"13.17, 9.47",2.17,2,1
Abacavir,Nc1nc(NC2CC2)c2ncn([C@H]3C=C[C@@H](CO)C3)c2n1,BASE,NA,9.062962131500244,NA,NA,NA,9.507510833740234,5.31,5.67,5.011136259,alcohol,aliphatic_amine,"13.78, 13.22, 13.57, 13.57","4.11, 4.5, 4.67, 4.84, 5.67, 4.84",4,6
Apixaban,COc1ccc(-n2nc(C(N)=O)c3c2C(=O)N(c2ccc(N4CCCCC4=O)cc2)CC3)cc1,ACID,8.56,9.32494005203247,8.66,NA,NA,3.6708833980560303,NA,4.37,NA,acidic_amide,heterocyclic_N_basic_5ring_polyhet,"11.41, 11.41","1.595423, 4.37",2,2
Budesonide,CCCC1O[C@@H]2C[C@H]3[C@@H]4CCC5=CC(=O)C=C[C@]5(C)[C@H]4[C@@H](O)C[C@]3(C)[C@]2(C(=O)CO)O1,ACID,NA,7.689782295227051,7.64,NA,NA,NA,NA,NA,NA,alcohol,NA,"12.57, 13.49",NA,2,0
Doxazosin,COc1cc2nc(N3CCN(C(=O)C4COc5ccccc5O4)CC3)nc(N)c2cc1OC,BASE,6.7,8.735058574676513,NA,NA,NA,6.234577522277832,6.15,6.77,7.030093638,acidic_aniline,heterocyclic_N_basic_polyhet,"13.52, 13.52","5.66, 6.55, 5.46, 6.77",2,4
Estradiol,C[C@]12CC[C@@H]3c4ccc(O)cc4CC[C@H]3[C@@H]1CC[C@@H]2O,ACID,NA,10.033016815185547,11.66,10.11,NA,NA,NA,NA,3.096985475,alcohol,NA,"10.11, 12.81",NA,2,0
Ethanol,CCO,ACID,NA,9.790678672790527,12.31,NA,NA,NA,NA,NA,NA,alcohol,NA,13.86,NA,1,0
Lorazepam,O=C1Nc2ccc(Cl)cc2C(c2ccccc2Cl)=NC1O,ACID,11.5,9.969268321990967,9.42,10.98,8.430040315,NA,NA,4.89,NA,acidic_amide,NA,"11.08, 10.98",4.89,2,1
Mirtazapine,CN1CCN2c3ncccc3Cc3ccccc3C2C1,BASE,7.3,NA,NA,NA,NA,7.376978378295899,7.35,7.8,7.59669736,NA,aliphatic_amine,NA,"5.412375, 7.2, 7.8",0,3
Pantoprazole,COc1ccnc(C[S+]([O-])c2nc3cc(OC(F)F)ccc3[nH]2)c1OC,BASE,5.845000000000001,NA,NA,9.28,9.042854793,7.281350135803223,0.36,5.18,4.651135685,NA,heterocyclic_N_basic_5ring_polyhet,9.28,"5.18, 3.96",1,2
Pentoxifylline,CC(=O)CCCCn1c(=O)c2c(ncn2C)n(C)c1=O,BASE,NA,NA,NA,NA,NA,4.40168981552124,2.41,NA,NA,NA,heterocyclic_N_basic_5ring_polyhet,NA,"2.21, 2.39, 2.48, 2",0,4
Propylthiouracil,CCCc1cc(=O)[nH]c(=S)[nH]1,BASE,NA,NA,NA,8.08,7.631256413,10.356938133239746,-0.26,3.32,NA,NA,heterocyclic_N_basic_polyhet,"9.28, 8.08","3.2, 0.67, 3.32",2,3
Quetiapine,OCCOCCN1CCN(C2=Nc3ccccc3Sc3ccccc32)CC1,BASE,6.91,7.883581962585449,NA,NA,NA,7.204112720489502,7.7,6.92,7.33771012,acidic_aniline,aliphatic_amine,13.78,"6.92, 6.86",1,2
Reboxetine,CCOc1ccccc1OC(c1ccccc1)C1CNCCO1,BASE,NA,NA,NA,NA,NA,7.797676010131836,7.71,8.19,7.502505921,NA,aliphatic_amine,NA,8.19,0,1
Theobromine,Cn1cnc2c1c(=O)[nH]c(=O)n2C,ACID,NA,NA,9.82,9.96,9.79174002,9.267797889709472,NA,NA,NA,NA,heterocyclic_N_basic_polyhet,9.96,"2.19, 2.6, 2.16",1,3
Thiopentone,NA,ACID,NA,NA,5.69,NA,7.424429906,NA,NA,NA,NA,NA,NA,NA,NA,0,0
Labetalol,CC(CCc1ccccc1)NCC(O)c1ccc(O)c(C(N)=O)c1,ACID,7.6,8.887249145507813,8.2,8.17,9.490039536,8.61929775238037,NA,9.07,8.361152746,alcohol,aliphatic_amine,"8.17, 8.62, 13.2, 13.2","9.07, 5.54",4,2
Acitretin,COc1cc(C)c(/C=C/C(C)=C/C=C/C(C)=C/C(=O)O)c(C)c1C,ACID,NA,5.253394107818604,6.13,5,4.642632631,NA,NA,NA,NA,carboxylate,NA,5,NA,1,0
Flurbiprofen,CC(C(=O)O)c1ccc(-c2ccccc2)c(F)c1,ACID,4.26,4.482896766662598,3.84,4.12,4.098926216,NA,NA,NA,NA,carboxylate,NA,4.12,NA,1,0
Ibuprofen,CC(C)Cc1ccc(C(C)C(=O)O)cc1,ACID,5.2,4.817349071502686,4.91,4.4,4.32520045,NA,NA,NA,NA,carboxylate,NA,4.4,NA,1,0
Mesalamine,Nc1ccc(O)c(C(=O)O)c1,ACID,NA,4.233887348175049,3.82,10.05,5.626864976,3.340347032546997,NA,4.83,NA,carboxylate,aliphatic_amine,"2.9, 12.98, 12.98, 10.05",4.83,4,1
Nelfinavir,Cc1c(O)cccc1C(=O)N[C@@H](CSc1ccccc1)[C@H](O)CN1C[C@H]2CCCC[C@H]2C[C@H]1C(=O)NC(C)(C)C,ACID,7.4350000000000005,8.939828186035156,7.44,9.51,9.568898631,7.810753307342529,NA,6.55,6.96195324,phenol,aliphatic_amine,"9.51, 13.6, 12.2, 12.61",6.55,4,1
Oxcarbazepine,NC(=O)N1c2ccccc2CC(=O)c2ccccc21,ACID,NA,8.442109985351562,12.36,NA,NA,NA,NA,NA,NA,acidic_amide,NA,"13.59, 13.59",NA,2,0
Piroxicam,CN1C(C(=O)Nc2ccccn2)=C(O)c2ccccc2S1(=O)=O,ACID,4.5,3.147769546508789,4.22,4.29,5.90161365,NA,NA,3.95,3.486915275,sulfonamide,NA,"4.29, 12.38","3.95, 3.34",2,2
Quinapril,CCOC(=O)[C@H](CCc1ccccc1)N[C@@H](C)C(=O)N1Cc2ccccc2C[C@H]1C(=O)O,ACID,NA,5.1470898914337155,6.81,3.4,6.257597141,7.011193199157715,NA,5.23,3.027017924,carboxylate,aliphatic_amine,3.4,5.23,1,1
Sulfasalazine,O=C(O)c1cc(/N=N/c2ccc(S(=O)(=O)Nc3ccccn3)cc2)ccc1O,ACID,2.325,4.096194133758545,4.01,6.12,NA,4.088634309768676,NA,NA,NA,sulfonamide,heterocyclic_N_basic_6ring,"2.61, 6.12, 7.22",1.72,3,1
Warfarin,CC(=O)CC(c1ccccc1)c1c(O)c2ccccc2oc1=O,NEUTRAL,4.9,5.562382507324219,NA,4.48,4.533883185,NA,NA,NA,NA,phenol,NA,4.48,NA,1,0
Albendazole,CCCSc1ccc2[nH]c(NC(=O)OC)nc2c1,ACID,NA,3.8124605083465575,10.58,9.57,9.721903557,9.965320587158203,NA,5.3,3.207588247,carbamate,heterocyclic_N_basic_5ring_polyhet,"9.57, 10.14",5.3,2,1
Aripiprazole,O=C1CCc2ccc(OCCCCN3CCN(c4cccc(Cl)c4Cl)CC3)cc2N1,BASE,NA,10.511249542236328,NA,NA,NA,7.559629764556885,7.05,7.69,7.875325242,acidic_amide,aliphatic_amine,13.81,"6.37, 7.69, 5.19",1,3
Citalopram,CN(C)CCCC1(c2ccc(F)cc2)OCc2cc(C#N)ccc21,BASE,9.440000000000001,NA,NA,NA,NA,9.605813484191895,7.36,9.67,8.913747263,NA,aliphatic_amine,NA,9.67,0,1
Dapsone,Nc1ccc(S(=O)(=O)c2ccc(N)cc2)cc1,BASE,NA,9.87073450088501,NA,NA,NA,3.636273889541626,1.49,4.08,NA,acidic_aniline,aliphatic_amine,"13.63, 13.63, 13.63, 13.63","4.08, 4.08",4,2
Efavirenz,O=C1Nc2ccc(Cl)cc2[C@@](C#CC2CC2)(C(F)(F)F)O1,ACID,7.18,4.930407848358154,9.38,10,9.996569682,NA,NA,NA,NA,carbamate,NA,10,NA,1,0
Lopinavir,Cc1cccc(C)c1OCC(=O)N[C@@H](Cc1ccccc1)[C@@H](O)C[C@H](Cc1ccccc1)NC(=O)[C@H](C(C)C)N1CCCNC1=O,ACID,NA,8.196475296020507,8.45,NA,NA,NA,NA,NA,3.146939938,acidic_amide,NA,"13.72, 13.66, 13.73, 13.73",NA,4,0
Loratadine,CCOC(=O)N1CCC(=C2c3ccc(Cl)cc3CCc3cccnc32)CC1,ACID,4.58,5.036717662811279,8.63,NA,NA,4.322069597244263,NA,4.33,4.666054232,carbamate,heterocyclic_N_basic_6ring,NA,4.33,0,1
Naproxen,COc1ccc2cc([C@H](C)C(=O)O)ccc2c1,ACID,4.1899999999999995,4.509268817901611,5,4.42,4.209588544,NA,NA,NA,NA,carboxylate,NA,4.42,NA,1,0
Nefazodone,CCc1nn(CCCN2CCN(c3cccc(Cl)c3)CC2)c(=O)n1CCOc1ccccc1,ACID,6.645,NA,8.2,NA,NA,6.649334564208984,NA,7.42,7.425226761,NA,aliphatic_amine,NA,"2.5421128, 3.68645, 7.42, 6.08",0,4
Phenacetin,CCOc1ccc(NC(C)=O)cc1,ACID,2.2,NA,13.44,NA,NA,NA,NA,NA,NA,NA,NA,13.86,NA,1,0
Propafenone,CCCNCC(O)COc1ccccc1C(=O)CCc1ccccc1,BASE,9.27,NA,NA,NA,NA,8.856993103027344,7.18,9.08,9.018863854,NA,aliphatic_amine,13.81,9.08,1,1
Quazepam,Fc1ccccc1C1=NCC(=S)N(CC(F)(F)F)c2ccc(Cl)cc21,BASE,NA,NA,NA,NA,NA,NA,4.12,4.44,3.582733398,NA,NA,NA,4.44,0,1
Fexofenadine,CC(C)(C(=O)O)c1ccc(C(O)CCCN2CCC(C(O)(c3ccccc3)c3ccccc3)CC2)cc1,AMPHOLYTE,4.7,5.496658096313476,4.17,4.42,9.016579895,7.367578735351563,8.78,9.45,4.362147744,carboxylate,aliphatic_amine,"4.42, 12.95, 13.04",9.45,3,1
Tolmetin,Cc1ccc(C(=O)c2ccc(CC(=O)O)n2C)cc1,ACID,3.5,3.893364009857178,5.89,4.34,4.31299941,NA,NA,NA,NA,carboxylate,NA,4.34,1.12,1,1
Trazodone,O=c1n(CCCN2CCN(c3cccc(Cl)c3)CC2)nc2ccccn12,BASE,6.73,NA,NA,NA,NA,6.982229881286621,6.02,7.46,7.472564385,NA,aliphatic_amine,NA,"6.07, 7.46, 3.0855703, 3.3851137",0,4
Allopurinol,Oc1ncnc2[nH]ncc12,BASE,9.35,5.140163507461548,NA,10.19,8.738347108,9.436239051818848,1.83,NA,NA,phenol,heterocyclic_N_basic_5ring_polyhet,"0.79, 10.19","2.43, 2.29, 2.8",2,3
Amiodarone,CCCCc1oc2ccccc2c1C(=O)c1cc(I)c(OCCN(CC)CC)c(I)c1,BASE,8.73,NA,NA,NA,NA,7.505460777282715,5.57,8.97,8.394369678,NA,aliphatic_amine,NA,8.97,0,1
Cannabidiol,C=C(C)[C@@H]1CCC(C)=C[C@H]1c1c(O)cc(CCCCC)cc1O,ACID,NA,10.068207359313964,9.64,9.71,9.484321496,NA,NA,NA,NA,phenol,NA,"9.71, 9.71",NA,2,0
Carbamazepine,NC(=O)N1c2ccccc2C=Cc2ccccc21,ACID,NA,9.155458641052245,5.07,NA,NA,NA,NA,NA,NA,acidic_amide,NA,"13.58, 13.58",NA,2,0
Celecoxib,Cc1ccc(-c2cc(C(F)(F)F)nn2-c2ccc(S(N)(=O)=O)cc2)cc1,AMPHOLYTE,NA,6.695106449127198,12.97,9.72,9.67281207,NA,0.87,4.06,NA,sulfonamide,NA,"9.72, 9.72","1.114461, 4.06",2,2
Clozapine,CN1CCN(C2=Nc3cc(Cl)ccc3Nc3ccccc32)CC1,BASE,7.63,8.05432451248169,NA,NA,NA,9.157950305938721,9.78,7.84,8.022353918,acidic_aniline,aliphatic_amine,13.89,"7.47, 7.84, 6.86",1,3
Cyclosporine,C/C=C/C[C@@H](C)[C@@H](O)[C@H]1C(=O)N[C@@H](CC)C(=O)N(C)CC(=O)N(C)[C@@H](CC(C)C)C(=O)N[C@@H](C(C)C)C(=O)N(C)[C@@H](CC(C)C)C(=O)N[C@@H](C)C(=O)N[C@H](C)C(=O)N(C)[C@@H](CC(C)C)C(=O)N(C)[C@@H](CC(C)C)C(=O)N(C)[C@@H](C(C)C)C(=O)N1C,NEUTRAL,NA,7.284310569763184,NA,NA,10.45259388,NA,NA,NA,3.810944219,alcohol,NA,"13.43, 12.92, 13.1, 13.1, 13.12",NA,5,0
Domperidone,O=c1[nH]c2ccccc2n1CCCN1CCC(n2c(=O)[nH]c3cc(Cl)ccc32)CC1,AMPHOLYTE,7.9,NA,6.55,10.41,NA,10.064715118408204,4.24,8.95,7.873477149,NA,heterocyclic_N_basic_5ring_polyhet,"10.83, 10.41","3.6702952, 8.95, 3.5544157",2,3
Dronabinol/THC,CCCCCc1cc(O)c2c(c1)OC(C)(C)[C@@H]1CCC(C)=C[C@@H]21,NEUTRAL,NA,10.631449737548827,NA,9.74,10.00868846,NA,NA,NA,NA,phenol,NA,9.74,NA,1,0
Drospirenone,C[C@]12CCC(=O)C=C1[C@@H]1C[C@@H]1[C@H]1[C@@H]3[C@@H]4C[C@@H]4[C@@]4(CCC(=O)O4)[C@@]3(C)CC[C@@H]12,NEUTRAL,NA,NA,NA,NA,NA,NA,NA,NA,NA,NA,NA,NA,NA,0,0
Haloperidol,O=C(CCCN1CCC(O)(c2ccc(Cl)cc2)CC1)c1ccc(F)cc1,NEUTRAL,8.65,9.396087989807128,NA,NA,NA,8.505235061645507,NA,8.14,8.340421122,alcohol,aliphatic_amine,13.84,8.14,1,1
Imatinib,Cc1ccc(NC(=O)c2ccc(CN3CCN(C)CC3)cc2)cc1Nc1nccc(-c2cccnc2)n1,BASE,8.07,9.079437484741211,NA,NA,NA,9.143615989685058,8.35,7.58,7.815788918,acidic_aniline,aliphatic_amine,"12.94, 13.16","3.1035824, 6.1, 7.53, 7.58, 2.5978408, 4.0660896",2,6
Lamotrigine,Nc1nnc(-c2cccc(Cl)c2Cl)c(N)n1,BASE,5.195,7.978097190856934,NA,NA,NA,7.6443267440795895,5.05,6.59,4.186398479,acidic_aniline,aliphatic_amine,"12.87, 12.87, 13.24, 13.24","6.59, 3.94, 5.19",4,3
Nevirapine,Cc1ccnc2c1NC(=O)c1cccnc1N2C1CC1,BASE,NA,9.827936935424805,NA,NA,NA,4.213680524826049,2.92,4.82,3.97308877,acidic_amide,aliphatic_amine,11.96,"3.26, 3.86, 4.82",1,3
Nifedipine,COC(=O)C1=C(C)NC(C)=C(C(=O)OC)C1c1ccccc1[N+](=O)[O-],BASE,1,NA,NA,NA,9.675294011,4.806663103103638,4.93,NA,NA,NA,aliphatic_amine,NA,NA,0,0
Nimodipine,COCCOC(=O)C1=C(C)NC(C)=C(C(=O)OC(C)C)C1c1cccc([N+](=O)[O-])c1,BASE,NA,NA,NA,NA,10.06973332,4.811790447235108,6.08,NA,NA,NA,aliphatic_amine,NA,NA,0,0
Nitrendipine,CCOC(=O)C1=C(C)NC(C)=C(C(=O)OC)C1c1cccc([N+](=O)[O-])c1,BASE,NA,NA,NA,NA,10.18604317,4.774965686798096,5.37,NA,NA,NA,aliphatic_amine,NA,NA,0,0
Olanzapine,Cc1cc2c(s1)Nc1ccccc1N=C2N1CCN(C)CC1,ACID,7.9,7.943711757659912,8.25,NA,NA,8.718348445892333,NA,8.25,7.644094064,acidic_aniline,aliphatic_amine,14.21,"8.25, 7.65, 7.29",1,3
Oxazepam,O=C1Nc2ccc(Cl)cc2C(c2ccccc2)=NC1O,ACID,0.165,10.188254280090332,8.93,NA,8.284693808,NA,NA,4.94,NA,acidic_amide,NA,"11.25, 11.08",4.94,2,1
Paclitaxel,CC(=O)O[C@H]1C(=O)[C@@]2(C)[C@H]([C@H](OC(=O)c3ccccc3)[C@]3(O)C[C@H](OC(=O)[C@H](O)[C@@H](NC(=O)c4ccccc4)c4ccccc4)C(C)=C1C3(C)C)[C@]1(OC(C)=O)CO[C@@H]1C[C@@H]2O,ACID,NA,7.77158224105835,6.16,NA,9.874135606,NA,NA,NA,NA,alcohol,NA,"11.48, 11.65, 11.12, 12.12",NA,4,0
Praziquantel,O=C(C1CCCCC1)N1CC(=O)N2CCc3ccccc3C2C1,BASE,NA,NA,NA,NA,NA,NA,4.7,NA,NA,NA,NA,NA,NA,0,0
Prednisone,C[C@]12C=CC(=O)C=C1CC[C@@H]1[C@@H]2C(=O)C[C@@]2(C)[C@H]1CC[C@]2(O)C(=O)CO,ACID,NA,6.415539512634277,8.77,NA,9.626511577,NA,NA,NA,NA,alcohol,NA,"12.26, 12.47",NA,2,0
Primidone,CCC1(c2ccccc2)C(=O)NCNC1=O,ACID,NA,8.74431022644043,8.36,NA,10.64587219,NA,NA,NA,NA,acidic_amide,NA,"11.9, 11.9",NA,2,0
Ritonavir,CC(C)c1nc(CN(C)C(=O)N[C@H](C(=O)N[C@@H](Cc2ccccc2)C[C@H](O)[C@H](Cc2ccccc2)NC(=O)OCc2cncs2)C(C)C)cs1,ACID,NA,4.4440897274017335,6.22,NA,NA,5.422878103256226,NA,3.33,3.690548628,carbamate,heterocyclic_N_basic_5ring_polyhet,"11.53, 11.7, 11.86, 11.37","3.33, 2.54",4,2
Rivaroxaban,O=C(NC[C@H]1CN(c2ccc(N3CCOCC3=O)cc2)C(=O)O1)c1ccc(Cl)s1,BASE,NA,8.71687349319458,NA,NA,NA,NA,3.94,NA,NA,acidic_amide,NA,13.37,NA,1,0
Rofecoxib,CS(=O)(=O)c1ccc(C2=C(c3ccccc3)C(=O)OC2)cc1,NEUTRAL,NA,NA,NA,NA,NA,NA,NA,NA,NA,NA,NA,NA,NA,0,0
Spironolactone,CC(=O)S[C@@H]1CC2=CC(=O)CC[C@]2(C)[C@H]2CC[C@@]3(C)[C@@H](CC[C@@]34CCC(=O)O4)[C@H]12,NEUTRAL,NA,NA,NA,NA,NA,NA,NA,NA,NA,NA,NA,NA,NA,0,0
Tacrolimus,C=CC[C@@H]1/C=C(\C)C[C@H](C)C[C@H](OC)[C@H]2O[C@@](O)(C(=O)C(=O)N3CCCC[C@H]3C(=O)O[C@H](/C(C)=C/[C@@H]3CC[C@@H](O)[C@H](OC)C3)[C@H](C)[C@@H](O)CC1=O)[C@H](C)C[C@@H]2OC.O,BASE,NA,7.364769172668457,NA,10.24,7.951761076,NA,6.19,NA,3.256255896,alcohol,NA,"12.36, 10.24, 13.45",NA,3,0
Zaleplon,CCN(C(C)=O)c1cccc(-c2ccnc3c(C#N)cnn23)c1,BASE,NA,NA,NA,NA,NA,NA,1.25,NA,NA,NA,NA,NA,"1.57, 1.41, 1.39",0,3
Aztreonam,C[C@H]1[C@H](NC(=O)/C(=N\OC(C)(C)C(=O)O)c2csc(N)n2)C(=O)N1S(=O)(=O)O,ACID,2.75,3.996499500274658,6.04,8.74,NA,3.0378773689270018,NA,5.3,3.39044504,acidic_amide,aliphatic_amine,"1.26, 8.74, -0.14","5.13, 3.1084957, 5.3",3,3
Benzylpenicillin,CC1(C)S[C@@H]2[C@H](NC(=O)Cc3ccccc3)C(=O)N2[C@H]1C(=O)O,ACID,2.72,6.1173726844787595,5.78,NA,NA,NA,NA,NA,NA,acidic_amide,NA,"2.61, 12.32",NA,2,0
Captopril,C[C@H](CS)C(=O)N1CCC[C@H]1C(=O)O,ACID,3.7,3.8357811832427977,2.62,3.5,3.343830641,NA,NA,NA,NA,carboxylate,NA,"3.5, 9.56",NA,2,0
Cefonicid,O=C(O)C1=C(CSc2nnnn2CS(=O)(=O)O)CS[C@@H]2[C@H](NC(=O)[C@H](O)c3ccccc3)C(=O)N12,ACID,NA,4.051737060546875,5.84,9.61,NA,NA,NA,NA,NA,alcohol,NA,"1.44, -0.82, 10.31, 9.61",2.15,4,1
Cefotaxime,CO/N=C(\C(=O)N[C@@H]1C(=O)N2C(C(=O)O)=C(COC(C)=O)CS[C@H]12)c1csc(N)n1,AMPHOLYTE,3.75,3.2604321956634523,4.78,9.17,3.521451405,3.9180069255828855,6.34,5.27,3.072007333,carboxylate,aliphatic_amine,"2.43, 9.17","3.04, 3.2661133, 5.27",2,3
Cefoxitin,CO[C@@]1(NC(=O)Cc2cccs2)C(=O)N2C(C(=O)O)=C(COC(N)=O)CS[C@@H]21,ACID,NA,3.213924837112427,5.16,NA,NA,NA,NA,NA,NA,carboxylate,NA,"2.56, 12.79, 12.79, 12.06",2.44,4,1
Emtricitabine,Nc1nc(=O)n([C@@H]2CS[C@H](CO)O2)cc1F,ACID,NA,8.034459400177003,5.09,NA,NA,4.112766199111938,NA,4.89,NA,acidic_aniline,aliphatic_amine,"13.56, 13.12, 13.12","2.31, 4.89, 2.36",3,3
Enalaprilat,C[C@H](N[C@@H](CCc1ccccc1)C(=O)O)C(=O)N1CCC[C@H]1C(=O)O.O.O,ACID,NA,3.109260320663452,4.07,3.93,3.986791193,7.473747005462647,NA,7.42,NA,carboxylate,aliphatic_amine,"3.93, 2.09",7.42,2,1
Hydrochlorothiazide,NS(=O)(=O)c1cc2c(cc1Cl)NCNS2(=O)=O,ACID,9.035,7.35687484741211,8.32,9.01,9.947031402,4.412129621505738,NA,4,NA,sulfonamide,aliphatic_amine,"9.06, 9.06, 9.7, 9.01","4, 2.15, 2.85",4,3
Levofloxacin,C[C@H]1COc2c(N3CCN(C)CC3)c(F)cc3c(=O)c(C(=O)O)cn1c23.C[C@H]1COc2c(N3CCN(C)CC3)c(F)cc3c(=O)c(C(=O)O)cn1c23.O,ACID,6.1,6.620166549682617,1.2,8.49,6.482451694,6.8051581382751465,NA,7.19,5.689029001,carboxylate,aliphatic_amine,"8.49, 8.49","3.4005299, 6.4, 7.19, 3.4005299, 6.4, 7.19",2,6
Methotrexate,CN(Cc1cnc2nc(N)nc(N)c2n1)c1ccc(C(=O)N[C@@H](CCC(=O)O)C(=O)O)cc1,AMPHOLYTE,4.7,3.6141524600982664,1.74,3.32,4.443264582,6.476412506103515,8.44,6.32,NA,carboxylate,aliphatic_amine,"4.22, 3.32, 12.88, 11.91, 11.91, 11.17, 11.17","4.29, 5.3, 5.91, 4.91, 6.32, 5.87, 4.46",7,7
Methyldopa,C[C@](N)(Cc1ccc(O)c(O)c1)C(=O)O,AMPHOLYTE,2.218,5.760492067337037,4.25,5.17,9.021622043,7.857598419189453,7.68,9.17,NA,carboxylate,aliphatic_amine,"2.31, 7.8, 5.17",9.17,3,1
Tenofovir,C[C@H](Cn1cnc2c(N)ncnc21)OCP(=O)(O)O.O,AMPHOLYTE,NA,4.574927043914795,1.29,NA,4.450149135,3.3153982162475586,7.96,5.58,NA,phosphate,heterocyclic_N_basic_polyhet,"2.62, 2.62, 11.8, 11.8","3.01, 3.84, 5.58, 4.34, 3.96",4,5
Topiramate,CC1(C)O[C@@H]2[C@@H](CO[C@@]3(COS(N)(=O)=O)OC(C)(C)O[C@@H]23)O1,BASE,8.68,7.28404483795166,NA,9.23,9.086546388,NA,4.97,3.96,NA,sulfonamide,NA,"9.23, 9.23",3.96,2,1
Vigabatrin,C=CC(N)CCC(=O)O,NEUTRAL,9.5,4.9296157264709475,NA,4.36,9.161388871,9.528127555847169,NA,9.67,4.476306343,carboxylate,aliphatic_amine,4.36,9.67,1,1
Atenolol,CC(C)NCC(O)COc1ccc(CC(N)=O)cc1,BASE,9.54,NA,NA,NA,NA,9.506144485473634,8.16,9.12,9.664320881,NA,aliphatic_amine,"13.87, 13.84, 13.84","5.55, 9.12",3,2
Azithromycin,CC[C@H]1OC(=O)[C@H](C)[C@@H](O[C@H]2C[C@@](C)(OC)[C@@H](O)[C@H](C)O2)[C@H](C)[C@@H](O[C@@H]2O[C@H](C)C[C@H](N(C)C)[C@H]2O)[C@](C)(O)C[C@@H](C)CN(C)[C@H](C)[C@@H](O)[C@]1(C)O,BASE,9.094999999999999,8.861665229797364,NA,NA,NA,8.846673240661621,6.55,9.02,8.924896076,alcohol,aliphatic_amine,"13.34, 13.09, 13.48, 13.3, 13.16","8.85, 9.02",5,2
Baclofen,NCC(CC(=O)O)c1ccc(Cl)cc1,ACID,6.699999999999999,4.558400936126709,4.12,4.16,9.462241386,9.107638607025146,NA,9.5,4.0295086,carboxylate,aliphatic_amine,4.16,9.5,1,1
Chloroquine,CCN(CC)CCCC(C)Nc1ccnc2cc(Cl)ccc12,BASE,9.9,NA,NA,NA,10.58506834,8.972896461486817,11.34,10.09,10.33177371,NA,aliphatic_amine,13.79,"6.78, 6.42, 10.09",1,3
Cimetidine,CN/C(=N\CCSCc1nc[nH]c1C)NC#N,BASE,6.885,NA,NA,9.37,10.97617825,7.969078273773193,9.2,8.68,6.901544225,NA,heterocyclic_N_basic_5ring_polyhet,"9.37, 12.8, 13.95","6.854847, 8.68",3,2
Disopyramide,CC(C)N(CCC(C(N)=O)(c1ccccc1)c1ccccn1)C(C)C,BASE,10.32,NA,NA,NA,10.13927157,9.46804141998291,8.93,9.48,9.495698661,NA,aliphatic_amine,"13.32, 13.32","4.6325912, 6, 9.48",2,3
Famotidine,NC(N)=Nc1nc(CSCC/C(N)=N/S(N)(=O)=O)cs1,BASE,7.1,8.897116413116455,NA,8.19,9.277032997,7.819827346801758,5.71,7.11,6.684102226,sulfonamide,aliphatic_amine,"8.19, 8.19","7.11, 4.230238, 4.53, 2.68, 4.32",2,5
Flecainide,O=C(NCC1CCCCN1)c1cc(OCC(F)(F)F)ccc1OCC(F)(F)F,AMPHOLYTE,9.3,9.182248382568359,7.87,NA,NA,9.107427864074706,8.52,9.52,8.986857574,acidic_amide,aliphatic_amine,13.79,9.52,1,1
Fluconazole,OC(Cn1cncn1)(Cn1cncn1)c1ccc(F)cc1F,BASE,NA,8.877418422698975,NA,NA,NA,3.605141363143921,2.12,NA,NA,alcohol,heterocyclic_N_basic_5ring_polyhet,11.2,"2.92, 2.92",1,2
Metformin,CN(C)C(=N)NC(=N)N,BASE,11.25,NA,NA,9.85,8.862782634,NA,13.28,9.57,NA,NA,NA,"9.85, 12.42, 10.33","9.18, 9.57",3,2
Metoclopramide,CCN(CC)CCNC(=O)c1cc(Cl)c(N)cc1OC,BASE,9.455,8.917244415283204,NA,NA,NA,8.87051773071289,11.21,9.04,9.476687622,acidic_amide,aliphatic_amine,"13.4, 13.4, 13.77","5.79, 9.04",3,2
Nadolol,CC(C)(C)NCC(O)COc1cccc2c1CC(O)C(O)C2,AMPHOLYTE,9.67,NA,9.8,NA,NA,9.578009490966798,9.8,9.41,9.449872851,NA,aliphatic_amine,"13.8, 13.79, 13.79",9.41,3,1
Ofloxacin,CC1COc2c(N3CCN(C)CC3)c(F)cc3c(=O)c(C(=O)O)cn1c23,ACID,8.31,6.519378051757813,1.2,5.48,8.132888484,6.762609634399414,NA,7.2,5.330074552,carboxylate,aliphatic_amine,5.48,"3.4020233, 6.4, 7.2",1,3
Pilsicainide,Cc1cccc(C)c1NC(=O)CC12CCCN1CCC2,BASE,NA,10.562206649780274,NA,NA,NA,8.691837730407714,7.04,10.48,8.843619618,acidic_amide,aliphatic_amine,13.88,10.48,1,1
Pseudoephedrine,CN[C@@H](C)[C@@H](O)c1ccccc1,BASE,10.055,10.666882286071777,NA,NA,NA,9.778911628723144,9.58,9.52,9.555706009,alcohol,aliphatic_amine,13.85,9.52,1,1
Pyridostigmine,CN(C)C(=O)Oc1ccc[n+](C)c1,BASE,NA,NA,NA,NA,10.83075992,NA,4.82,NA,NA,NA,NA,NA,2.67,0,1
Pyrimethamine,CCc1nc(N)nc(N)c1-c1ccc(Cl)cc1,BASE,7.36,9.686914558410644,NA,NA,NA,9.843728561401367,6.73,6.77,7.027011129,acidic_aniline,aliphatic_amine,"12.58, 12.58, 13.11, 13.11","4.82, 6.29, 5.82, 6.77",4,4
Sotalol,CC(C)NCC(O)c1ccc(NS(C)(=O)=O)cc1,ACID,9.76,7.106814002990722,8.12,8.53,9.768856265,8.80897367477417,NA,8.96,8.528644876,sulfonamide,aliphatic_amine,"12.63, 8.53",8.96,2,1
Stavudine,Cc1cn([C@H]2C=C[C@@H](CO)O2)c(=O)[nH]c1=O,ACID,NA,7.7335772132873535,8.69,9.44,9.433355508,9.430817184448243,NA,NA,NA,alcohol,heterocyclic_N_basic_polyhet,"13.04, 9.44",1.99,2,1
Terbutaline,CC(C)(C)NCC(O)c1cc(O)cc(O)c1,BASE,8.7,NA,NA,9.39,9.441461144,9.456154861450194,8.51,9.42,8.740306382,NA,aliphatic_amine,"9.39, 9.39, 13",9.42,3,1
Digoxin,C[C@H]1O[C@@H](O[C@H]2[C@@H](O)C[C@H](O[C@H]3[C@@H](O)C[C@H](O[C@H]4CC[C@@]5(C)[C@H](CC[C@@H]6[C@@H]5C[C@@H](O)[C@]5(C)[C@@H](C7=CC(=O)OC7)CC[C@]65O)C4)O[C@@H]3C)O[C@@H]2C)C[C@H](O)[C@@H]1O,BASE,NA,8.794686145782471,NA,NA,9.348579655,NA,5.82,NA,3.515348144,alcohol,NA,"13.37, 13.07, 13.48, 13.42, 13.7, 13.43",NA,6,0
Lamivudine,Nc1ccn([C@@H]2CS[C@H](CO)O2)c(=O)n1,ACID,NA,8.579412307739258,7.25,NA,NA,4.225261669158936,NA,4.7,3.349664173,alcohol,heterocyclic_N_basic_polyhet,"13.55, 13.27, 13.27","2.71, 4.7, 4.17",3,3
Levetiracetam,CC[C@@H](C(N)=O)N1CCCC1=O,ACID,NA,7.882407970428467,9.42,NA,NA,NA,NA,3.01,NA,acidic_amide,NA,"13.85, 13.85",3.01,2,1
Nizatidine,CNC(=C[N+](=O)[O-])NCCSCc1csc(CN(C)C)n1,BASE,6.59,NA,NA,NA,10.18206896,6.195940132141113,9.86,7.19,7.482116221,NA,aliphatic_amine,NA,"2.7876182, 7.19",0,2
Alphamethyldopa,NA,AMPHOLYTE,NA,NA,4.25,NA,NA,NA,7.68,NA,NA,NA,NA,NA,NA,0,0
Ampicillin,CC1(C)S[C@@H]2[C@H](NC(=O)[C@H](N)c3ccccc3)C(=O)N2[C@H]1C(=O)O,ACID,4.895,3.144306173324585,5.86,NA,7.049866261,3.5523139381408693,NA,6.9,NA,carboxylate,aliphatic_amine,"2.6, 11.24",6.9,2,1
Gabapentin,NCC1(CC(=O)O)CCCCC1,ACID,4.1,4.877278366088867,3.92,4.58,10.26559047,9.99729362487793,NA,10.81,3.970644823,carboxylate,aliphatic_amine,4.58,10.81,1,1
Pregabalin,CC(C)C[C@H](CN)CC(=O)O,ACID,NA,5.089657077789306,4.08,4.32,10.32377318,9.743877983093261,NA,10.33,4.15117084,carboxylate,aliphatic_amine,4.32,10.33,1,1
Acyclovir,Nc1nc2c(ncn2COCCO)c(=O)[nH]1,AMPHOLYTE,NA,9.03635540008545,7.06,9.72,9.063105325,9.399751243591309,5.23,5.97,NA,alcohol,heterocyclic_N_basic_polyhet,"12.79, 9.72, 11.86, 11.86","3.21, 2.57, 5.97, 2.17",4,4
Candesartan,CCOc1nc2cccc(C(=O)O)c2n1Cc1ccc(-c2ccccc2-c2nnn[nH]2)cc1,ACID,3.9,5.1941495132446285,1.71,4.02,3.892440305,4.546955709457397,NA,5.33,NA,tetrazole,heterocyclic_N_basic_5ring_polyhet,"2.79, 4.02","5.33, 2.82",2,2
Cefprozil,CC=CC1=C(C(=O)O)N2C(=O)[C@@H](NC(=O)[C@H](N)c3ccc(O)cc3)[C@H]2SC1,AMPHOLYTE,NA,3.2685599231719973,8.25,8.97,7.495032327,4.016300897598267,7.2,6.81,NA,carboxylate,aliphatic_amine,"2.74, 11.24, 8.97",6.81,3,1
Ciprofloxacin,O=C(O)c1cn(C2CC2)c2cc(N3CCNCC3)c(F)cc2c1=O,AMPHOLYTE,6.225,6.76483720779419,-0.74,6.79,8.99440918,7.446367130279541,7.91,8.56,5.584633609,carboxylate,aliphatic_amine,6.79,"4.1877103, 7.72, 8.56",1,3
Nitrofurantoin,O=C1CN(/N=C/c2ccc([N+](=O)[O-])o2)C(=O)N1,ACID,NA,8.668867282867431,2.2,7.29,6.649630361,NA,NA,4.88,NA,acidic_amide,NA,7.29,"4.88, 4.15",1,2
Penicillin V,CC1(C)S[C@@H]2[C@H](NC(=O)COc3ccccc3)C(=O)N2[C@H]1C(=O)O,ACID,2.735,3.06099778175354,5.68,10.71,NA,NA,NA,NA,NA,carboxylate,NA,"2.61, 10.71",NA,2,0
Sulfisoxazole,Cc1noc(NS(=O)(=O)c2ccc(N)cc2)c1C,ACID,5,6.207624492645263,4.26,6.24,3.98862592,5.605841522216797,NA,4.09,NA,sulfonamide,aliphatic_amine,"6.24, 13.2, 13.2",4.09,3,1
Amisulpride,CCN1CCCC1CNC(=O)c1cc(S(=O)(=O)CC)c(N)cc1OC,BASE,9.335,9.305875282287598,NA,NA,NA,8.978714599609376,9.8,9.08,9.085707357,acidic_aniline,aliphatic_amine,"13.77, 12.28, 12.28","9.08, 4.95",3,2
Paliperidone,Cc1nc2n(c(=O)c1CCN1CCC(c3noc4cc(F)ccc34)CC1)CCCC2O,BASE,NA,8.655125789642334,NA,NA,NA,8.181589660644532,7.36,7.96,8.122336506,alcohol,aliphatic_amine,12.99,"3.063642, 7.96, 2.6715145",1,3
Roxithromycin,CC[C@H]1OC(=O)[C@H](C)[C@@H](O[C@H]2C[C@@](C)(OC)[C@@H](O)[C@H](C)O2)[C@H](C)[C@@H](O[C@@H]2O[C@H](C)C[C@H](N(C)C)[C@H]2O)[C@](C)(O)C[C@@H](C)/C(=N\OCOCCOC)[C@H](C)[C@@H](O)[C@]1(C)O,NEUTRAL,9.235,8.769520721435548,NA,NA,10.92098376,8.615099754333496,NA,7.74,8.261097727,alcohol,aliphatic_amine,"13.37, 13.05, 13.05, 13.2, 12.97","7.74, 7.13",5,2
Levonorgestrel,C#C[C@]1(O)CC[C@H]2[C@@H]3CCC4=CC(=O)CC[C@@H]4[C@H]3CC[C@@]21CC,ACID,NA,8.390453662872314,10.17,NA,NA,NA,NA,NA,3.560410446,alcohol,NA,13.07,NA,1,0
Medroxyprogesterone,CC(=O)O[C@]1(C(C)=O)CC[C@H]2[C@@H]3C[C@H](C)C4=CC(=O)CC[C@]4(C)[C@H]3CC[C@@]21C,ACID,NA,NA,9.58,NA,10.23904434,NA,NA,NA,3.380374264,NA,NA,NA,NA,0,0
Fleroxacin,CN1CCN(c2c(F)cc3c(=O)c(C(=O)O)cn(CCF)c3c2F)CC1,AMPHOLYTE,6.85,6.366045818328858,-2.18,6.38,7.92260346,6.50859302520752,6.75,6.99,5.355650624,carboxylate,aliphatic_amine,6.38,"2.5475059, 6.5, 6.99",1,3
