Drug,pKa_pkasolver,N_pka_pkasolver
AMPHETAMINE,9.718,1
ACETAMINOPHEN,"5.891, 9.547, 10.991",3
ASPIRIN,3.646,1
ENALAPRIL,"5.152, 7.108, 7.456",3
ETHINYL ESTRADIOL,"9.867, 10.367",2
ETHOSUXIMIDE,"6.444, 9.415",2
IVERMECTIN,"8.55, 8.702",2
METHOHEXITAL,7.333,1
NORETHINDRONE,8.425,1
PHENOBARBITAL,"7.575, 7.996",2
THEOPHYLLINE,"4.044, 5.608, 8.83",3
THIOPENTAL,"7.691, 8.148",2
TINIDAZOLE,3.467,1
VALPROIC ACID,4.837,1
ZONISAMIDE,"2.56, 6.098, 8.089",3
ALPRAZOLAM,"3.366, 4.153",2
AMITRIPTYLINE,9.494,1
AMLODIPINE,"5.231, 6.789",2
AMOXAPINE,"7.592, 9.886",2
BUPIVACAINE,"5.629, 8.016, 10.075",3
BUPRENORPHINE,"8.643, 9.459, 10.018",3
BUPROPION,8.376,1
CAFFEINE,3.649,1
CHLORAMPHENICOL,"5.475, 8.027, 8.712, 9.126",4
CHLORPROMAZINE,"4.667, 9.257",2
CLEMASTINE,9.146,1
CLINDAMYCIN,"5.377, 7.217, 8.043, 8.149, 8.231, 8.704",6
CLOMIPRAMINE,"5.462, 8.767",2
CLONAZEPAM,"5.923, 9.462",2
CODEINE,"8.01, 8.785",2
COLCHICINE,"6.212, 9.577",2
COTININE,"3.112, 4.966",2
DESIPRAMINE,"5.907, 9.533",2
DIAZEPAM,3.351,1
DOTHIEPIN,9.305,1
DOXEPIN,8.953,1
DULOXETINE,9.844,1
ESCITALOPRAM,9.606,1
FLUOXETINE,9.746,1
FLUVOXAMINE,9.595,1
HYDRALAZINE,"2.728, 3.532, 5.767, 8.65",4
HYDROMORPHONE,"7.934, 8.622",2
HYDROXYCHLOROQUINE,"5.21, 5.784, 8.21, 8.968",4
IMIPRAMINE,"5.813, 9.018",2
ISONIAZID,"3.853, 8.519",2
LEVODOPA,"5.557, 9.214",2
MAPROTILINE,10.529,1
METHADONE,8.886,1
METHYLPHENIDATE,9.279,1
METOPROLOL,9.601,1
METRONIDAZOLE,"4.049, 7.258",2
MIANSERIN,"6.586, 7.47",2
MINOXIDIL,"3.709, 4.305, 5.015, 5.117, 9.772, 10.17",6
MORPHINE,"7.797, 8.177, 8.618",3
NALTREXONE,"8.497, 9.005, 9.103",3
NICOTINE,"4.932, 8.293",2
NORTRIPTYLINE,9.794,1
PAROXETINE,9.788,1
PEFLOXACIN,"5.194, 6.607, 6.86",3
PREDNISOLONE,"6.694, 7.029, 8.285",3
PROPRANOLOL,9.543,1
QUININE,"6.88, 9.417, 10.594",3
RISPERIDONE,"4.504, 6.14, 7.873",3
SUMATRIPTAN,"6.868, 7.935, 8.289, 8.793, 10.176",5
TEMAZEPAM,"2.84, 10.291",2
TIMOLOL,"4.46, 4.685, 9.199",3
TRIPROLIDINE,"5.906, 8.981",2
VENLAFAXINE,"9.412, 9.559",2
VERAPAMIL,8.92,1
ZIDOVUDINE,"5.81, 8.047, 8.793, 10.025",4
ZOLPIDEM,"4.38, 6.381",2
ABACAVIR,"3.932, 3.94, 4.504, 5.71, 9.063, 9.508",6
APIXABAN,"2.852, 3.671, 4.594, 6.964, 9.325",5
BUDESONIDE,"7.69, 7.797",2
DOXAZOSIN,"4.917, 5.993, 6.235, 8.735",4
ESTRADIOL,10.033,1
ALCOHOL,9.791,1
LIDOCAINE,"5.808, 7.88, 9.983",3
LORAZEPAM,"6.315, 9.969, 10.846",3
MIRTAZAPINE,"3.763, 4.607, 7.377",3
PANTOPRAZOLE,"4.132, 4.38, 7.281",3
PENTOXIFYLLINE,4.402,1
PROPYLTHIOURACIL,"4.885, 8.737, 10.357",3
QUETIAPINE,"7.204, 7.884, 9.863",3
REBOXETINE,7.798,1
THEOBROMINE,"4.211, 5.414, 9.268",3
THIOPENTAL SODIUM,"7.691, 8.148",2
LABETALOL,"7.242, 8.619, 8.887, 9.145, 9.365",5
ACITRETIN,5.253,1
FLURBIPROFEN,4.483,1
IBUPROFEN,4.817,1
MESALAMINE,"3.34, 4.234, 5.85, 6.842",4
NELFINAVIR,"5.976, 7.811, 8.439, 8.94, 9.212, 9.249, 9.693",7
OXCARBAZEPINE,"6.26, 8.442",2
PIROXICAM,"2.984, 3.148, 3.378, 5.492, 8.516",5
PROBENECID,"3.008, 3.362",2
QUINAPRIL,"5.147, 7.011",2
SULFASALAZINE,"4.089, 4.096, 5.132, 5.93",4
WARFARIN,5.562,1
ALBENDAZOLE,"3.812, 5.677, 9.046, 9.965",4
ARIPIPRAZOLE,"5.406, 6.158, 7.56, 10.511",4
CITALOPRAM,9.606,1
DAPSONE,"2.637, 3.636, 9.871, 10.337",4
EFAVIRENZ,"4.93, 6.702",2
LOPINAVIR,"6.175, 6.292, 6.95, 8.196, 8.609, 8.775, 9.346",7
LORATADINE,"4.322, 5.037",2
NAPROXEN,4.509,1
NEFAZODONE,"4.092, 5.026, 6.649",3
PHENACETIN,"5.334, 11.173",2
PROPAFENONE,8.857,1
QUAZEPAM,3.175,1
TERFENADINE,"8.785, 9.644, 10.392",3
TOLMETIN,3.893,1
TRAZODONE,"2.987, 4.71, 6.982",3
ALLOPURINOL,"3.146, 4.226, 5.14, 9.436",4
AMIODARONE,7.505,1
CANNABIDIOL,"10.068, 10.481",2
CARBAMAZEPINE,"7.003, 9.155",2
CELECOXIB,"2.512, 6.695, 9.165",3
CLOZAPINE,"5.424, 8.054, 9.158, 10.681",4
CYCLOSPORINE,"5.615, 5.655, 5.715, 5.733, 5.763, 5.779, 5.78, 5.797, 5.969, 6.169, 7.284, 7.467, 7.643, 7.911, 8.146",15
DOMPERIDONE,"5.981, 8.034, 9.188, 10.065",4
DRONABINOL,10.631,1
DROSPIRENONE,,0
HALOPERIDOL,"8.505, 9.396",2
IMATINIB,"3.511, 4.388, 4.837, 5.24, 8.18, 9.079, 9.144, 10.163",8
LAMOTRIGINE,"3.358, 3.625, 4.798, 5.248, 7.644, 7.978",6
NEVIRAPINE,"3.09, 3.478, 4.214, 4.446, 9.828",5
NIFEDIPINE,4.807,1
NIMODIPINE,4.812,1
NITRENDIPINE,4.775,1
OLANZAPINE,"5.07, 7.944, 8.718, 10.061",4
OXAZEPAM,"6.46, 10.188, 11.119",3
PACLITAXEL,"4.522, 7.772, 7.933, 8.39, 8.506",5
PRAZIQUANTEL,5.664,1
PREDNISONE,"6.416, 7.523",2
PRIMIDONE,"5.693, 8.744, 9.262",3
RITONAVIR,"4.444, 5.106, 5.247, 5.423, 5.478, 7.564, 8.188, 8.522, 8.647",9
RIVAROXABAN,"2.892, 3.792, 5.178, 8.717",4
ROFECOXIB,,0
SPIRONOLACTONE,,0
TACROLIMUS,"6.322, 7.365, 7.571, 8.369",4
ZALEPLON,"2.647, 2.711, 3.784",3
AZTREONAM,"2.471, 2.666, 2.782, 3.001, 3.038, 3.996",6
PENICILLIN G,"2.989, 3.309, 3.463, 6.117",4
CAPTOPRIL,"3.836, 6.551, 7.514, 7.663",4
CEFONICID,"2.523, 2.547, 2.731, 2.758, 2.996, 4.052, 5.382",7
CEFOTAXIME,"2.584, 2.874, 2.882, 2.96, 3.26, 3.918, 5.498",7
CEFOXITIN,"3.002, 3.214, 3.229, 3.418, 4.513, 6.136",6
EMTRICITABINE,"2.863, 4.113, 8.034, 8.424",4
ENALAPRILAT,"3.109, 4.967, 7.474",3
HYDROCHLOROTHIAZIDE,"4.412, 7.357, 7.705, 8.664, 9.102, 9.171",6
LEVOFLOXACIN,"5.973, 6.62, 6.805",3
METHOTREXATE,"2.805, 3.359, 3.614, 3.779, 4.321, 4.807, 5.15, 6.248, 6.476, 8.398",10
METHYLDOPA,"5.76, 7.858",2
TENOFOVIR,"3.193, 3.315, 4.575, 4.924, 8.164",5
TOPIRAMATE,"7.284, 8.903",2
VIGABATRIN,"4.93, 9.528",2
ATENOLOL,"8.125, 9.506",2
AZITHROMYCIN,"8.831, 8.847, 8.862, 8.863",4
BACLOFEN,"4.558, 9.108",2
CHLOROQUINE,"5.541, 6.102, 8.973",3
CIMETIDINE,"4.853, 5.96, 7.969",3
DISOPYRAMIDE,"4.565, 8.185, 9.468",3
FAMOTIDINE,"5.1, 7.82, 8.897",3
FLECAINIDE,"4.612, 9.107, 9.182",3
FLUCONAZOLE,"3.229, 3.296, 3.493, 3.605, 8.877",5
METFORMIN,11.789,1
METOCLOPRAMIDE,"3.781, 5.627, 8.871, 8.917, 9.252",5
NADOLOL,9.578,1
OFLOXACIN,"5.196, 6.519, 6.763",3
PILSICAINIDE,"6.039, 8.692, 10.562",3
PSEUDOEPHEDRINE,"9.779, 10.667",2
PYRIDOSTIGMINE,,0
PYRIMETHAMINE,"3.644, 3.902, 6.631, 7.888, 9.687, 9.844",6
SOTALOL,"7.107, 8.809, 9.064, 10.086",4
STAVUDINE,"5.521, 7.734, 9.431",3
TERBUTALINE,9.456,1
DIGOXIN,"8.795, 8.816, 8.846",3
LAMIVUDINE,"3.434, 4.225, 8.579, 9.036",4
LEVETIRACETAM,"5.999, 6.928, 7.882",3
NIZATIDINE,"3.995, 5.668, 5.893, 6.196",4
AMPICILLIN,"3.144, 3.421, 3.552, 3.708, 5.858",5
CEPHALEXIN,"2.619, 2.929, 3.018, 3.569, 4.972",5
GABAPENTIN,"4.877, 9.997",2
PREGABALIN,"5.09, 9.744",2
ACYCLOVIR,"4.704, 5.751, 9.036, 9.143, 9.4",5
APAZONE,"3.81, 7.242",2
CANDESARTAN,"3.893, 4.547, 4.928, 5.194",4
CEFPROZIL,"3.036, 3.269, 3.435, 3.845, 4.016, 5.32",6
CIPROFLOXACIN,"5.194, 6.765, 7.446",3
NITROFURANTOIN,8.669,1
PENICILLIN V,"3.061, 3.404, 3.773, 5.942",4
SULFISOXAZOLE,"4.158, 5.606, 6.208, 6.587, 9.095",5
AMISULPRIDE,"3.715, 5.463, 8.979, 9.306, 9.606",5
PALIPERIDONE,"4.293, 5.214, 8.182, 8.655",4
ROXITHROMYCIN,"8.615, 8.77",2
ACETAZOLAMIDE,"5.103, 5.311, 6.902, 8.037, 8.888",5
LEVONORGESTREL,8.39,1
MEDROXYPROGESTERONE ACETATE,,0
FLEROXACIN,"4.928, 6.366, 6.509",3
FEXOFENADINE,"5.497, 7.368, 7.899, 8.704",4
