Drug,SMILES,pKa_values,pKa_pkasolver,unipka_acidic_macro_pKa,unipka_basic_macro_pKa,unipka_error,pKa_acid_v2,pKa_base_v2
Amphetamine,CC(N)Cc1ccccc1,,9.718,,9.752597226,,,9.717854729
Acetaminophen,CC(=O)Nc1ccc(O)cc1,"9.63, 0, 9.5","5.891, 9.547, 10.991",9.50707866,,,9.546872826,
Aspirin,CC(=O)Oc1ccccc1C(=O)O,"3.5, 3.5, 3.5, 3.5, 3.5, 3.47",3.646,3.788719355,,,3.64557333,
Enalapril,CCOC(=O)[C@H](CCc1ccccc1)N[C@@H](C)C(=O)N1CCC[C@H]1C(=O)O,"5.49, 3, 2.92, 2.92","5.152, 7.108, 7.456",6.251129182,,,5.152421379,7.107623005
Ethinyl estradiol,C#C[C@]1(O)CC[C@H]2[C@@H]3CCc4cc(O)ccc4[C@H]3CC[C@@]21C,,"9.867, 10.367",10.61608137,3.053782622,,9.867010193,
Ethosuximide,CCC1(C)CC(=O)NC1=O,,"6.444, 9.415",9.21523023,,,6.444199009,
Ivermectin,CCC(C)C1C(CCC2(O1)CC3CC(O2)CC=C(C(C(C=CC=C4COC5C4(C(C=C(C5O)C)C(=O)O3)O)C)OC6CC(C(C(O6)C)OC7CC(C(C(O7)C)O)OC)OC)C)C,,"8.55, 8.702",9.517235808,3.619248974,,8.550292969,
Methohexital,C=CCC1(C(C)C#CCC)C(=O)NC(=O)N(C)C1=O,4.74,7.333,7.840355704,,,7.332729492,
Norethindrone,C#C[C@]1(O)CC[C@H]2[C@@H]3CCC4=CC(=O)CC[C@@H]4[C@H]3CC[C@@]21C,,8.425,,3.143837257,,8.424506531,
Phenobarbital,CCC1(c2ccccc2)C(=O)NC(=O)NC1=O,"7.5, 7.5, 7.26, 7.49, 7.4, 7.5, 7.2","7.575, 7.996",7.010171163,,,7.574669151,
Theophylline,Cn1c(=O)c2nc[nH]c2n(C)c1=O.O,"8.8, 0, 4.6, 8.8","4.044, 5.608, 8.83",8.300367378,,,4.043516083,8.830215187
Thiopental,CCCC(C)C1(CC)C(=O)NC(=S)NC1=O,"0.8, 7.6","7.691, 8.148",7.424429906,,,7.690595646,
Tinidazole,CCS(=O)(=O)CCn1c([N+](=O)[O-])cnc1C,,3.467,,,,,3.467329798
Valproic Acid,CCCC(CCC)C(=O)O,4.8,4.837,4.636091143,,,4.836618786,
Zonisamide,NS(=O)(=O)Cc1noc2ccccc12,,"2.56, 6.098, 8.089",8.618392238,,,6.09810236,
Alprazolam,Cc1nnc2n1-c1ccc(Cl)cc1C(c1ccccc1)=NC2,"6.2, 2.4, 2.4","3.366, 4.153",,4.546257511,,,4.153007088
Amitriptyline,CN(C)CCC=C1c2ccccc2CCc2ccccc21,"9.4, 9.42, 9.4, 9.4, 9.4, 9.49, 9.4, 8.2, 9.4, 9.5, 9.4",9.494,,9.250424558,,,9.493635368
Amlodipine,CCOC(=O)C1=C(COCCN)NC(C)=C(C(=O)OC)C1c1ccccc1Cl,"9.5, 9.03, 8.6, 8.6, 9.26, 9.45","5.231, 6.789",10.31636038,8.419103943,,,6.789095345
Bupivacaine,CCCCN1CCCCC1C(=O)Nc1c(C)cccc1C,"8.16, 8.1","5.629, 8.016, 10.075",,7.289709385,,10.07468624,8.016181927
Buprenorphine,CO[C@@]12CC[C@@]3(C[C@@H]1[C@](C)(O)C(C)(C)C)[C@H]1Cc4ccc(O)c5c4[C@@]3(CCN1CC1CC1)[C@H]2O5,"9.62, 8.31","8.643, 9.459, 10.018",9.98904695,8.616951851,,9.458731499,8.642583237
Bupropion,CC(NC(C)(C)C)C(=O)c1cccc(Cl)c1,"8.2, 8.35, 8.6",8.376,,8.46860668,,,8.376285763
Caffeine,Cn1c(=O)c2c(ncn2C)n(C)c1=O,"0.6, 0, 3.6",3.649,,,,,3.648952217
Chloramphenicol,O=C(N[C@H](CO)[C@H](O)c1ccc([N+](=O)[O-])cc1)C(Cl)Cl,"1.29, 0","5.475, 8.027, 8.712, 9.126",8.403356367,,,8.026658192,
Chlorpromazine,CN(C)CCCN1c2ccccc2Sc2ccc(Cl)cc21,"9.24, 9.25, 9.3, 9.2, 9.22, 9.41, 9.3, 9.22, 9.54, 9.3, 9.24, 9.25, 9.2, 9.22, 9.36, 9.19, 9.3, 9.22, 9.3","4.667, 9.257",,9.34410313,,,9.256706657
Clemastine,CN1CCC[C@@H]1CCO[C@](C)(c1ccccc1)c1ccc(Cl)cc1,9.2,9.146,,9.338692604,,,9.145569267
Clindamycin,CCC[C@@H]1C[C@@H](C(=O)N[C@@H]([C@H]2O[C@H](SC)[C@H](O)[C@@H](O)[C@H]2O)[C@H](C)Cl)N(C)C1,,"5.377, 7.217, 8.043, 8.149, 8.231, 8.704",,7.407263225,,8.042730141,7.217128391
Clomipramine,CN(C)CCCN1c2ccccc2CCc2ccc(Cl)cc21,"9.38, 9.38, 9.2, 9.38, 9.38, 9.1, 9.38, 9.4","5.462, 8.767",,9.649151443,,,8.766977272
Clonazepam,O=C1CN=C(c2ccccc2Cl)c2cc([N+](=O)[O-])ccc2N1,,"5.923, 9.462",10.74005207,,,9.461673698,
Codeine,COc1ccc2c3c1O[C@H]1[C@@H](O)C=C[C@H]4[C@@H](C2)N(C)CC[C@@]341,"8.2, 8.22, 7.9, 8.2, 8.2, 9.48, 8.4","8.01, 8.785",,7.773549982,,8.784990501,8.010235786
Colchicine,COc1cc2c(c(OC)c1OC)-c1ccc(OC)c(=O)cc1[C@@H](NC(C)=O)CC2,,"6.212, 9.577",,,,9.577218742,
Cotinine,CN1C(=O)CC[C@H]1c1cccnc1,4.5,"3.112, 4.966",,4.769493786,,,3.111879501
Desipramine,CNCCCN1c2ccccc2CCc2ccccc21,"10.23, 10.23, 10.44, 10.2, 5.32, 10.2, 9.8, 3.35, 10.16, 10.23, 10.2, 10.2, 10, 10.2","5.907, 9.533",,10.75895234,,,9.533452759
Diazepam,CN1C(=O)CN=C(c2ccccc2)c2cc(Cl)ccc21,"3.55, 3.55, 3.4, 3.6, 0.09",3.351,,4.104829906,,,
Dothiepin,CN(C)CC/C=C1\c2ccccc2CSc2ccccc21,9.25,9.305,,8.982901048,,,9.305014458
Doxepin,CN(C)CCC=C1c2ccccc2COc2ccccc21,"9, 8, 9, 9.37, 8",8.953,,9.359973251,,,8.952740784
Duloxetine,CNCC[C@H](Oc1cccc2ccccc12)c1cccs1,9.97,9.844,,9.129969382,,,9.844199181
Escitalopram,CN(C)CCC[C@@]1(c2ccc(F)cc2)OCc2cc(C#N)ccc21,,9.606,,8.841502533,,,9.605813484
Fluoxetine,CNCCC(Oc1ccc(C(F)(F)F)cc1)c1ccccc1,"10.2, 10.2, 9.5, 10.2, 10.1, 10.5",9.746,,9.338007557,,,9.746043129
Fluvoxamine,COCCCC/C(=N\OCCN)c1ccc(C(F)(F)F)cc1,"9.5, 9.4",9.595,,8.188420694,,,9.594550819
Hydralazine,NNc1nncc2ccccc12,7.3,"2.728, 3.532, 5.767, 8.65",,7.499655774,,8.649924927,5.767066479
Hydromorphone,CN1CC[C@]23c4c5ccc(O)c4O[C@H]2C(=O)CC[C@H]3[C@H]1C5,,"7.934, 8.622",9.30917636,7.800115036,,8.622216873,7.934489613
Hydroxychloroquine,CCN(CCO)CCCC(C)Nc1ccnc2cc(Cl)ccc12,,"5.21, 5.784, 8.21, 8.968",,9.548848573,,8.96791399,8.20999054
Imipramine,CN(C)CCCN1c2ccccc2CCc2ccccc21,"9.51, 9.45, 9.5, 9.5, 3.52, 9.5, 9.45, 2.1, 9.51, 9.45, 9.4, 10.2, 9.5, 9.5, 9","5.813, 9.018",,9.768368672,,,9.018177071
Isoniazid,NNC(=O)c1ccncc1,"1.8, 0.05","3.853, 8.519",,3.560044537,,8.518807392,3.852912445
Levodopa,N[C@@H](Cc1ccc(O)c(O)c1)C(=O)O,"12.73, 2.21","5.557, 9.214",8.94948807,,,5.556838913,9.213680267
Methadone,CCC(=O)C(CC(C)N(C)C)(c1ccccc1)c1ccccc1,"8.25, 9.3",8.886,,8.605819371,,,8.886227875
Methylphenidate,COC(=O)C(c1ccccc1)C1CCCCN1,"9.24, 9.24",9.279,,9.113971593,,,9.279280853
Metoprolol,COCCc1ccc(OCC(O)CNC(C)C)cc1,"9.6, 9.7, 9.7, 9.7, 9.7, 9.18, 6.55, 9.63, 9.7, 9.18, 2.45, 9.56, 9.7, 9.7, 13.74, 9.7, 9.17",9.601,,9.609009096,,,9.600602074
Metronidazole,Cc1ncc([N+](=O)[O-])n1CCO,0,"4.049, 7.258",,,,7.258438034,4.049307346
Mianserin,CN1CCN2c3ccccc3Cc3ccccc3C2C1,"7.1, 7.1, 8.4","6.586, 7.47",,7.700633311,,,7.469741669
Minoxidil,Nc1cc(N2CCCCC2)nc(N)[n+]1[O-],4.6,"3.709, 4.305, 5.015, 5.117, 9.772, 10.17",,4.219558697,,10.16973412,9.772353783
Morphine,CN1CC[C@]23c4c5ccc(O)c4O[C@H]2[C@@H](O)C=C[C@H]3[C@H]1C5,"8.18, 8.18, 9.26, 9.26, 9.46, 8.18, 8.17, 8.13, 9.6, 7.93, 8.18, 8.18, 8.18, 8.3, 7.93","7.797, 8.177, 8.618",9.748568966,7.923234899,,8.176908836,7.796900558
Naltrexone,O=C1CC[C@@]2(O)[C@H]3Cc4ccc(O)c5c4[C@@]2(CCN3CC2CC2)[C@H]1O5,8.1,"8.497, 9.005, 9.103",9.304787286,8.186908652,,9.004904785,8.497291489
Nicotine,CN1CCC[C@H]1c1cccnc1,"8.1, 8.1, 8, 8.08, 3.4, 7.66, 7.9, 8.11, 8.1","4.932, 8.293",,8.091322039,,,8.292937088
Nortriptyline,CNCCC=C1c2ccccc2CCc2ccccc21,"10.1, 9.7, 9.7, 10.41, 10.1, 10.41, 10.13, 10.1, 13.9",9.794,,10.00607382,,,9.793729706
Paroxetine,Fc1ccc([C@@H]2CCNC[C@H]2COc2ccc3c(c2)OCO3)cc1,"9.51, 11.2, 10.1, 9.51, 10.1, 9.51, 9.5, 10.34",9.788,,9.698828808,,,9.788445778
Pefloxacin,CCn1cc(C(=O)O)c(=O)c2cc(F)c(N3CCN(C)CC3)cc21,,"5.194, 6.607, 6.86",7.988910863,5.560942976,,6.60710104,6.860183144
Prednisolone,C[C@]12C=CC(=O)C=C1CC[C@@H]1[C@@H]2[C@@H](O)C[C@@]2(C)[C@H]1CC[C@]2(O)C(=O)CO,0,"6.694, 7.029, 8.285",9.781829575,3.022146542,,6.693532009,
Propranolol,CC(C)NCC(O)COc1cccc2ccccc12,"9.45, 9.45, 9.5, 9.5, 9.15, 6.49, 9.68, 9.53, 9.64, 9.45, 9.17, 2.3, 9.53, 9.45, 9.6, 9.6, 10.17, 9.5, 9.45, 9.56, 9.51, 9.43, 9.35, 7.5",9.543,,9.4855458,,,9.543197212
Quinine,C=C[C@H]1CN2CC[C@H]1C[C@H]2[C@H](O)c1ccnc2ccc(OC)cc12,"8.8, 9.13, 8.5, 8.8, 8.55, 8.56, 1.6, 3.1, 8.8","6.88, 9.417, 10.594",,8.145216558,,10.59406818,9.416836929
Risperidone,Cc1nc2n(c(=O)c1CCN1CCC(c3noc4cc(F)ccc34)CC1)CCCC2,"7.91, 8.3, 8.7, 3.16, 3.16, 8.63, 8.3, 8.3, 8.3, 13, 8.2","4.504, 6.14, 7.873",,7.901076887,,,7.873133888
Sumatriptan,CNS(=O)(=O)Cc1ccc2[nH]cc(CCN(C)C)c2c1,"9.5, 9.5, 9.4, 9.68, 9.5, 8.7","6.868, 7.935, 8.289, 8.793, 10.176",10.60273581,8.944537559,,7.934595928,8.28934515
Temazepam,CN1C(=O)C(O)N=C(c2ccccc2)c2cc(Cl)ccc21,,"2.84, 10.291",8.640871638,,,10.2913345,
Timolol,CC(C)(C)NC[C@H](O)COc1nsnc1N1CCOCC1,"8.8, 9.3, 9.53, 8.8, 9.53, 8.8, 3.9","4.46, 4.685, 9.199",,9.676896409,,,9.198559799
Triprolidine,Cc1ccc(/C(=C\CN2CCCC2)c2ccccn2)cc1,"9.69, 9.25, 9.69","5.906, 8.981",,8.777777972,,,8.981221466
Venlafaxine,COc1ccc(C(CN(C)C)C2(O)CCCCC2)cc1,"9.5, 9.2, 9.9, 9.9, 9.5, 9.7, 9.5, 10","9.412, 9.559",,8.652604486,,9.559253769,9.411851006
Verapamil,COc1ccc(CCN(C)CCCC(C#N)(c2ccc(OC)c(OC)c2)C(C)C)cc1OC,"9.2, 8.92, 8.29, 8.9, 9.04, 8.92, 8.68, 4.18, 8.92, 8.92, 8.92, 8.76, 1.36, 9.07, 8.92, 8.9, 8.7, 9",8.92,,8.54165249,,,8.920314445
Zidovudine,Cc1cn([C@H]2C[C@H](N=[N+]=[N-])[C@@H](CO)O2)c(=O)[nH]c1=O,,"5.81, 8.047, 8.793, 10.025",,,"Acidic: AtomValenceException: Explicit valence for atom # 8 N, 5, is greater than permitted | Basic: AtomValenceException: Explicit valence for atom # 8 N, 5, is greater than permitted",8.793387012,10.02485798
Abacavir,Nc1nc(NC2CC2)c2ncn([C@H]3C=C[C@@H](CO)C3)c2n1,,"3.932, 3.94, 4.504, 5.71, 9.063, 9.508",,5.011136259,,9.062962132,9.507510834
Apixaban,COc1ccc(-n2nc(C(N)=O)c3c2C(=O)N(c2ccc(N4CCCCC4=O)cc2)CC3)cc1,8.56,"2.852, 3.671, 4.594, 6.964, 9.325",,,,9.324940052,3.670883398
Budesonide,CCCC1O[C@@H]2C[C@H]3[C@@H]4CCC5=CC(=O)C=C[C@]5(C)[C@H]4[C@@H](O)C[C@]3(C)[C@]2(C(=O)CO)O1,,"7.69, 7.797",,,,7.689782295,
Doxazosin,COc1cc2nc(N3CCN(C(=O)C4COc5ccccc5O4)CC3)nc(N)c2cc1OC,"6.5, 6.9","4.917, 5.993, 6.235, 8.735",,7.030093638,,8.735058575,6.234577522
Estradiol,C[C@]12CC[C@@H]3c4ccc(O)cc4CC[C@H]3[C@@H]1CC[C@@H]2O,,10.033,,3.096985475,,10.03301682,
Ethanol,CCO,,9.791,,,,9.790678673,
Lorazepam,O=C1Nc2ccc(Cl)cc2C(c2ccccc2Cl)=NC1O,11.5,"6.315, 9.969, 10.846",8.430040315,,,9.969268322,
Mirtazapine,CN1CCN2c3ncccc3Cc3ccccc3C2C1,"7.3, 7.1, 7.3, 3.59, 7.79, 7.3, 7.3, 7.3","3.763, 4.607, 7.377",,7.59669736,,,7.376978378
Pantoprazole,COc1ccnc(C[S+]([O-])c2nc3cc(OC(F)F)ccc3[nH]2)c1OC,"3.92, 8.19, 4, 7.69","4.132, 4.38, 7.281",9.042854793,4.651135685,,,7.281350136
Pentoxifylline,CC(=O)CCCCn1c(=O)c2c(ncn2C)n(C)c1=O,,4.402,,,,,4.401689816
Propylthiouracil,CCCc1cc(=O)[nH]c(=S)[nH]1,,"4.885, 8.737, 10.357",7.631256413,,,,10.35693813
Quetiapine,OCCOCCN1CCN(C2=Nc3ccccc3Sc3ccccc32)CC1,"3.64, 6.91, 11.18","7.204, 7.884, 9.863",,7.33771012,,7.883581963,7.20411272
Reboxetine,CCOc1ccccc1OC(c1ccccc1)C1CNCCO1,,7.798,,7.502505921,,,7.79767601
Theobromine,Cn1cnc2c1c(=O)[nH]c(=O)n2C,,"4.211, 5.414, 9.268",9.79174002,,,,9.26779789
Thiopentone,CCCC(C)C1(CC)C(=O)NC(=S)NC1=O,"0.8, 7.6","7.691, 8.148",7.424429906,,,7.690595646,
Labetalol,CC(CCc1ccccc1)NCC(O)c1ccc(O)c(C(N)=O)c1,"7.4, 9.3, 2.1, 7.4, 9.3, 7.4, 9.4, 7.8","7.242, 8.619, 8.887, 9.145, 9.365",9.490039536,8.361152746,,8.887249146,8.619297752
Acitretin,COc1cc(C)c(/C=C/C(C)=C/C=C/C(C)=C/C(=O)O)c(C)c1C,,5.253,4.642632631,,,5.253394108,
Flurbiprofen,CC(C(=O)O)c1ccc(-c2ccccc2)c(F)c1,"4.2, 4.6, 4.2, 4.6, 4.03, 4.3, 4.22, 4.5",4.483,4.098926216,,,4.482896767,
Ibuprofen,CC(C)Cc1ccc(C(C)C(=O)O)cc1,"5.2, 7.95, 5.2, 5.2, 2.92, 4.45, 5.4, 4.8, 4.67, 4.83, 5.35, 6.01, 6.3",4.817,4.32520045,,,4.817349072,
Mesalamine,Nc1ccc(O)c(C(=O)O)c1,,"3.34, 4.234, 5.85, 6.842",5.626864976,,,4.233887348,3.340347033
Nelfinavir,Cc1c(O)cccc1C(=O)N[C@@H](CSc1ccccc1)[C@H](O)CN1C[C@H]2CCCC[C@H]2C[C@H]1C(=O)NC(C)(C)C,"6.3, 8.57","5.976, 7.811, 8.439, 8.94, 9.212, 9.249, 9.693",9.568898631,6.96195324,,8.939828186,7.810753307
Oxcarbazepine,NC(=O)N1c2ccccc2CC(=O)c2ccccc21,,"6.26, 8.442",,,,8.442109985,
Piroxicam,CN1C(C(=O)Nc2ccccn2)=C(O)c2ccccc2S1(=O)=O,"6.5, 1.86, 7.43, 4.5, 6.3, 1.88, 5.3, 2.23, 1.89, 5.29, 1.89, 4.74, 0, 0.55, 5.3, 2.5, 1.9, 5.3, 1.86, 5.46, 5.3","2.984, 3.148, 3.378, 5.492, 8.516",5.90161365,3.486915275,,3.147769547,
Quinapril,CCOC(=O)[C@H](CCc1ccccc1)N[C@@H](C)C(=O)N1Cc2ccccc2C[C@H]1C(=O)O,,"5.147, 7.011",6.257597141,3.027017924,,5.147089891,7.011193199
Sulfasalazine,O=C(O)c1cc(/N=N/c2ccc(S(=O)(=O)Nc3ccccn3)cc2)ccc1O,"2.65, 2","4.089, 4.096, 5.132, 5.93",,,,4.096194134,4.08863431
Warfarin,CC(=O)CC(c1ccccc1)c1c(O)c2ccccc2oc1=O,"5.1, 4.85, 5.1, 4.9, 0.41",5.562,4.533883185,,,5.562382507,
Albendazole,CCCSc1ccc2[nH]c(NC(=O)OC)nc2c1,,"3.812, 5.677, 9.046, 9.965",9.721903557,3.207588247,,3.812460508,9.965320587
Aripiprazole,O=C1CCc2ccc(OCCCCN3CCN(c4cccc(Cl)c4Cl)CC3)cc2N1,,"5.406, 6.158, 7.56, 10.511",,7.875325242,,10.51124954,7.559629765
Citalopram,CN(C)CCCC1(c2ccc(F)cc2)OCc2cc(C#N)ccc21,"9.38, 9.2, 9.72, 9.5, 9.7, 9.38",9.606,,8.913747263,,,9.605813484
Dapsone,Nc1ccc(S(=O)(=O)c2ccc(N)cc2)cc1,,"2.637, 3.636, 9.871, 10.337",,,,9.870734501,3.63627389
Efavirenz,O=C1Nc2ccc(Cl)cc2[C@@](C#CC2CC2)(C(F)(F)F)O1,7.18,"4.93, 6.702",9.996569682,,,4.930407848,
Lopinavir,Cc1cccc(C)c1OCC(=O)N[C@@H](Cc1ccccc1)[C@@H](O)C[C@H](Cc1ccccc1)NC(=O)[C@H](C(C)C)N1CCCNC1=O,,"6.175, 6.292, 6.95, 8.196, 8.609, 8.775, 9.346",,3.146939938,,8.196475296,
Loratadine,CCOC(=O)N1CCC(=C2c3ccc(Cl)cc3CCc3cccnc32)CC1,4.58,"4.322, 5.037",,4.666054232,,5.036717663,4.322069597
Naproxen,COc1ccc2cc([C@H](C)C(=O)O)ccc2c1,"4.01, 4.2, 4.18, 4.18, 8.41, 4.2, 4, 4.4, 3.29, 4.18, 4.2, 4.2",4.509,4.209588544,,,4.509268818,
Nefazodone,CCc1nn(CCCN2CCN(c3cccc(Cl)c3)CC2)c(=O)n1CCOc1ccccc1,"6.79, 6.5, 6.5, 13.8","4.092, 5.026, 6.649",,7.425226761,,,6.649334564
Phenacetin,CCOc1ccc(NC(C)=O)cc1,2.2,"5.334, 11.173",,,,,
Propafenone,CCCNCC(O)COc1ccccc1C(=O)CCc1ccccc1,"9.27, 9.27, 9.2, 9.31, 9.27, 9.27, 8.8, 9, 9.48, 9.3",8.857,,9.018863854,,,8.856993103
Quazepam,Fc1ccccc1C1=NCC(=S)N(CC(F)(F)F)c2ccc(Cl)cc21,,3.175,,3.582733398,,,
Fexofenadine,CC(C)(C(=O)O)c1ccc(C(O)CCCN2CCC(C(O)(c3ccccc3)c3ccccc3)CC2)cc1,"4.2, 4.7, 9.3","5.497, 7.368, 7.899, 8.704",9.016579895,4.362147744,,5.496658096,7.367578735
Tolmetin,Cc1ccc(C(=O)c2ccc(CC(=O)O)n2C)cc1,"3.5, 3.5, 3.5, 3.5",3.893,4.31299941,,,3.89336401,
Trazodone,O=c1n(CCCN2CCN(c3cccc(Cl)c3)CC2)nc2ccccn12,"6.79, 6.79, 6.7, 6.73, 6.73, 6.79, 6.7","2.987, 4.71, 6.982",,7.472564385,,,6.982229881
Allopurinol,Oc1ncnc2[nH]ncc12,"9.7, 9","3.146, 4.226, 5.14, 9.436",8.738347108,,,5.140163507,9.436239052
Amiodarone,CCCCc1oc2ccccc2c1C(=O)c1cc(I)c(OCCN(CC)CC)c(I)c1,"8.73, 8.73, 6.6, 9.37, 8.7, 8.73, 9.06, 4.84",7.505,,8.394369678,,,7.505460777
Cannabidiol,C=C(C)[C@@H]1CCC(C)=C[C@H]1c1c(O)cc(CCCCC)cc1O,,"10.068, 10.481",9.484321496,,,10.06820736,
Carbamazepine,NC(=O)N1c2ccccc2C=Cc2ccccc21,,"7.003, 9.155",,,,9.155458641,
Celecoxib,Cc1ccc(-c2cc(C(F)(F)F)nn2-c2ccc(S(N)(=O)=O)cc2)cc1,,"2.512, 6.695, 9.165",9.67281207,,,6.695106449,
Clozapine,CN1CCN(C2=Nc3cc(Cl)ccc3Nc3ccccc32)CC1,"7.63, 7.63, 8, 3.79, 7.7, 3.79, 7.96, 7.63, 7.9, 7.8, 7.63, 7.63, 7.5, 4.02","5.424, 8.054, 9.158, 10.681",,8.022353918,,8.054324512,9.157950306
Cyclosporine,C/C=C/C[C@@H](C)[C@@H](O)[C@H]1C(=O)N[C@@H](CC)C(=O)N(C)CC(=O)N(C)[C@@H](CC(C)C)C(=O)N[C@@H](C(C)C)C(=O)N(C)[C@@H](CC(C)C)C(=O)N[C@@H](C)C(=O)N[C@H](C)C(=O)N(C)[C@@H](CC(C)C)C(=O)N(C)[C@@H](CC(C)C)C(=O)N(C)[C@@H](C(C)C)C(=O)N1C,,"5.615, 5.655, 5.715, 5.733, 5.763, 5.779, 5.78, 5.797, 5.969, 6.169, 7.284, 7.467, 7.643, 7.911, 8.146",10.45259388,3.810944219,,7.28431057,
Domperidone,O=c1[nH]c2ccccc2n1CCCN1CCC(n2c(=O)[nH]c3cc(Cl)ccc32)CC1,"7.9, 7.7, 8.06, 7.9, 7.9","5.981, 8.034, 9.188, 10.065",,7.873477149,,,10.06471512
Dronabinol/THC,CCCCCc1cc(O)c2c(c1)OC(C)(C)[C@@H]1CCC(C)=C[C@@H]21,,10.631,10.00868846,,,10.63144974,
Drospirenone,C[C@]12CCC(=O)C=C1[C@@H]1C[C@@H]1[C@H]1[C@@H]3[C@@H]4C[C@@H]4[C@@]4(CCC(=O)O4)[C@@]3(C)CC[C@@H]12,,,,,,,
Haloperidol,O=C(CCCN1CCC(O)(c2ccc(Cl)cc2)CC1)c1ccc(F)cc1,"8.65, 8.65, 8.3, 8.25, 9.02, 8.3, 9.02, 8.65, 9.07, 8.65, 8.65, 8.5, 8.65, 8.3","8.505, 9.396",,8.340421122,,9.39608799,8.505235062
Imatinib,Cc1ccc(NC(=O)c2ccc(CN3CCN(C)CC3)cc2)cc1Nc1nccc(-c2cccnc2)n1,8.07,"3.511, 4.388, 4.837, 5.24, 8.18, 9.079, 9.144, 10.163",,7.815788918,,9.079437485,9.14361599
Lamotrigine,Nc1nnc(-c2cccc(Cl)c2Cl)c(N)n1,"5.7, 5.19, 5.19, 5.2","3.358, 3.625, 4.798, 5.248, 7.644, 7.978",,4.186398479,,7.978097191,7.644326744
Nevirapine,Cc1ccnc2c1NC(=O)c1cccnc1N2C1CC1,,"3.09, 3.478, 4.214, 4.446, 9.828",,3.97308877,,9.827936935,4.213680525
Nifedipine,COC(=O)C1=C(C)NC(C)=C(C(=O)OC)C1c1ccccc1[N+](=O)[O-],1,4.807,9.675294011,,,,4.806663103
Nimodipine,COCCOC(=O)C1=C(C)NC(C)=C(C(=O)OC(C)C)C1c1cccc([N+](=O)[O-])c1,,4.812,10.06973332,,,,4.811790447
Nitrendipine,CCOC(=O)C1=C(C)NC(C)=C(C(=O)OC)C1c1cccc([N+](=O)[O-])c1,,4.775,10.18604317,,,,4.774965687
Olanzapine,Cc1cc2c(s1)Nc1ccccc1N=C2N1CCN(C)CC1,"8, 4.66, 8.5, 7.8","5.07, 7.944, 8.718, 10.061",,7.644094064,,7.943711758,8.718348446
Oxazepam,O=C1Nc2ccc(Cl)cc2C(c2ccccc2)=NC1O,"0.06, 0.27","6.46, 10.188, 11.119",8.284693808,,,10.18825428,
Paclitaxel,CC(=O)O[C@H]1C(=O)[C@@]2(C)[C@H]([C@H](OC(=O)c3ccccc3)[C@]3(O)C[C@H](OC(=O)[C@H](O)[C@@H](NC(=O)c4ccccc4)c4ccccc4)C(C)=C1C3(C)C)[C@]1(OC(C)=O)CO[C@@H]1C[C@@H]2O,,"4.522, 7.772, 7.933, 8.39, 8.506",9.874135606,,,7.771582241,
Praziquantel,O=C(C1CCCCC1)N1CC(=O)N2CCc3ccccc3C2C1,,5.664,,,,,
Prednisone,C[C@]12C=CC(=O)C=C1CC[C@@H]1[C@@H]2C(=O)C[C@@]2(C)[C@H]1CC[C@]2(O)C(=O)CO,,"6.416, 7.523",9.626511577,,,6.415539513,
Primidone,CCC1(c2ccccc2)C(=O)NCNC1=O,,"5.693, 8.744, 9.262",10.64587219,,,8.744310226,
Ritonavir,CC(C)c1nc(CN(C)C(=O)N[C@H](C(=O)N[C@@H](Cc2ccccc2)C[C@H](O)[C@H](Cc2ccccc2)NC(=O)OCc2cncs2)C(C)C)cs1,,"4.444, 5.106, 5.247, 5.423, 5.478, 7.564, 8.188, 8.522, 8.647",,3.690548628,,4.444089727,5.422878103
Rivaroxaban,O=C(NC[C@H]1CN(c2ccc(N3CCOCC3=O)cc2)C(=O)O1)c1ccc(Cl)s1,,"2.892, 3.792, 5.178, 8.717",,,,8.716873493,
Rofecoxib,CS(=O)(=O)c1ccc(C2=C(c3ccccc3)C(=O)OC2)cc1,,,,,,,
Spironolactone,CC(=O)S[C@@H]1CC2=CC(=O)CC[C@]2(C)[C@H]2CC[C@@]3(C)[C@@H](CC[C@@]34CCC(=O)O4)[C@H]12,,,,,,,
Tacrolimus,C=CC[C@@H]1/C=C(\C)C[C@H](C)C[C@H](OC)[C@H]2O[C@@](O)(C(=O)C(=O)N3CCCC[C@H]3C(=O)O[C@H](/C(C)=C/[C@@H]3CC[C@@H](O)[C@H](OC)C3)[C@H](C)[C@@H](O)CC1=O)[C@H](C)C[C@@H]2OC.O,,"6.322, 7.365, 7.571, 8.369",7.951761076,3.256255896,,7.364769173,
Zaleplon,CCN(C(C)=O)c1cccc(-c2ccnc3c(C#N)cnn23)c1,,"2.647, 2.711, 3.784",,,,,
Aztreonam,C[C@H]1[C@H](NC(=O)/C(=N\OC(C)(C)C(=O)O)c2csc(N)n2)C(=O)N1S(=O)(=O)O,2.75,"2.471, 2.666, 2.782, 3.001, 3.038, 3.996",,3.39044504,,3.9964995,3.037877369
Benzylpenicillin,CC1(C)S[C@@H]2[C@H](NC(=O)Cc3ccccc3)C(=O)N2[C@H]1C(=O)O,"2.6, 2.8, 2.72","2.989, 3.309, 3.463, 6.117",,,,6.117372684,
Captopril,C[C@H](CS)C(=O)N1CCC[C@H]1C(=O)O,3.7,"3.836, 6.551, 7.514, 7.663",3.343830641,,,3.835781183,
Cefonicid,O=C(O)C1=C(CSc2nnnn2CS(=O)(=O)O)CS[C@@H]2[C@H](NC(=O)[C@H](O)c3ccccc3)C(=O)N12,,"2.523, 2.547, 2.731, 2.758, 2.996, 4.052, 5.382",,,,4.051737061,
Cefotaxime,CO/N=C(\C(=O)N[C@@H]1C(=O)N2C(C(=O)O)=C(COC(C)=O)CS[C@H]12)c1csc(N)n1,3.75,"2.584, 2.874, 2.882, 2.96, 3.26, 3.918, 5.498",3.521451405,3.072007333,,3.260432196,3.918006926
Cefoxitin,CO[C@@]1(NC(=O)Cc2cccs2)C(=O)N2C(C(=O)O)=C(COC(N)=O)CS[C@@H]21,,"3.002, 3.214, 3.229, 3.418, 4.513, 6.136",,,,3.213924837,
Emtricitabine,Nc1nc(=O)n([C@@H]2CS[C@H](CO)O2)cc1F,,"2.863, 4.113, 8.034, 8.424",,,,8.0344594,4.112766199
Enalaprilat,C[C@H](N[C@@H](CCc1ccccc1)C(=O)O)C(=O)N1CCC[C@H]1C(=O)O.O.O,,"3.109, 4.967, 7.474",3.986791193,,,3.109260321,7.473747005
Hydrochlorothiazide,NS(=O)(=O)c1cc2c(cc1Cl)NCNS2(=O)=O,"10.07, 7, 9.95, 7.9, 8.53, 0, 8.68, 9.39, 9.82, 10.1","4.412, 7.357, 7.705, 8.664, 9.102, 9.171",9.947031402,,,7.356874847,4.412129622
Levofloxacin,C[C@H]1COc2c(N3CCN(C)CC3)c(F)cc3c(=O)c(C(=O)O)cn1c23.C[C@H]1COc2c(N3CCN(C)CC3)c(F)cc3c(=O)c(C(=O)O)cn1c23.O,"5.1, 6, 8.6, 8.12, 6.1, 6, 8.5","5.973, 6.62, 6.805",6.482451694,5.689029001,,6.62016655,6.805158138
Methotrexate,CN(Cc1cnc2nc(N)nc(N)c2n1)c1ccc(C(=O)N[C@@H](CCC(=O)O)C(=O)O)cc1,"3.8, 4.7, 3.36, 5.6, 5.5, 3.1, 5.4, 4.7","2.805, 3.359, 3.614, 3.779, 4.321, 4.807, 5.15, 6.248, 6.476, 8.398",4.443264582,,,3.61415246,6.476412506
Methyldopa,C[C@](N)(Cc1ccc(O)c(O)c1)C(=O)O,"12.66, 2.21, 2.218","5.76, 7.858",9.021622043,,,5.760492067,7.857598419
Tenofovir,C[C@H](Cn1cnc2c(N)ncnc21)OCP(=O)(O)O.O,,"3.193, 3.315, 4.575, 4.924, 8.164",4.450149135,,,4.574927044,3.315398216
Topiramate,CC1(C)O[C@@H]2[C@@H](CO[C@@]3(COS(N)(=O)=O)OC(C)(C)O[C@@H]23)O1,"8.66, 8.7","7.284, 8.903",9.086546388,,,7.284044838,
Vigabatrin,C=CC(N)CCC(=O)O,9.5,"4.93, 9.528",9.161388871,4.476306343,,4.929615726,9.528127556
Atenolol,CC(C)NCC(O)COc1ccc(CC(N)=O)cc1,"9.6, 9.6, 9.6, 9.3, 9.54, 9.6, 9.19, 9.54, 9.58, 9.6, 9.7, 9.6, 9.43, 9.36, 9.36, 9.37, 7.4","8.125, 9.506",,9.664320881,,,9.506144485
Azithromycin,CC[C@H]1OC(=O)[C@H](C)[C@@H](O[C@H]2C[C@@](C)(OC)[C@@H](O)[C@H](C)O2)[C@H](C)[C@@H](O[C@@H]2O[C@H](C)C[C@H](N(C)C)[C@H]2O)[C@](C)(O)C[C@@H](C)CN(C)[C@H](C)[C@@H](O)[C@]1(C)O,"8.74, 9.45","8.831, 8.847, 8.862, 8.863",,8.924896076,,8.86166523,8.846673241
Baclofen,NCC(CC(=O)O)c1ccc(Cl)cc1,"3.7, 9.7","4.558, 9.108",9.462241386,4.0295086,,4.558400936,9.107638607
Chloroquine,CCN(CC)CCCC(C)Nc1ccnc2cc(Cl)ccc12,"10.2, 9.9, 10.27, 9.94, 9.94, 8.41, 8.1, 10.8, 8.4, 8.38, 8.5","5.541, 6.102, 8.973",10.58506834,10.33177371,,,8.972896461
Cimetidine,CN/C(=N\CCSCc1nc[nH]c1C)NC#N,"6.97, 6.97, 6.4, 14, 6.8, 6.8, 7.02, 6.8, 6.97, 6.76, 6.8, 7","4.853, 5.96, 7.969",10.97617825,6.901544225,,,7.969078274
Disopyramide,CC(C)N(CCC(C(N)=O)(c1ccccc1)c1ccccn1)C(C)C,"10.4, 10.1, 10.32","4.565, 8.185, 9.468",10.13927157,9.495698661,,,9.46804142
Famotidine,NC(N)=Nc1nc(CSCC/C(N)=N/S(N)(=O)=O)cs1,"7.1, 7.1, 0.02","5.1, 7.82, 8.897",9.277032997,6.684102226,,8.897116413,7.819827347
Flecainide,O=C(NCC1CCCCN1)c1cc(OCC(F)(F)F)ccc1OCC(F)(F)F,"9.3, 9.3, 9.3, 9.3, 9.28","4.612, 9.107, 9.182",,8.986857574,,9.182248383,9.107427864
Fluconazole,OC(Cn1cncn1)(Cn1cncn1)c1ccc(F)cc1F,,"3.229, 3.296, 3.493, 3.605, 8.877",,,,8.877418423,3.605141363
Metformin,CN(C)C(=N)NC(=N)N,"11.5, 11, 12.4, 2.8",11.789,8.862782634,,,,
Metoclopramide,CCN(CC)CCNC(=O)c1cc(Cl)c(N)cc1OC,"9.33, 9.51, 9.3, 9.59, 9.59, 9.51, 9.4, 9.33","3.781, 5.627, 8.871, 8.917, 9.252",,9.476687622,,8.917244415,8.870517731
Nadolol,CC(C)(C)NCC(O)COc1cccc2c1CC(O)C(O)C2,"9.67, 9.7, 9.67, 2.37, 9.69, 9.67, 9.9, 9.3",9.578,,9.449872851,,,9.578009491
Ofloxacin,CC1COc2c(N3CCN(C)CC3)c(F)cc3c(=O)c(C(=O)O)cn1c23,8.31,"5.196, 6.519, 6.763",8.132888484,5.330074552,,6.519378052,6.762609634
Pilsicainide,Cc1cccc(C)c1NC(=O)CC12CCCN1CCC2,,"6.039, 8.692, 10.562",,8.843619618,,10.56220665,8.69183773
Pseudoephedrine,CN[C@@H](C)[C@@H](O)c1ccccc1,"10.25, 9.86","9.779, 10.667",,9.555706009,,10.66688229,9.778911629
Pyridostigmine,CN(C)C(=O)Oc1ccc[n+](C)c1,,,10.83075992,,,,
Pyrimethamine,CCc1nc(N)nc(N)c1-c1ccc(Cl)cc1,7.36,"3.644, 3.902, 6.631, 7.888, 9.687, 9.844",,7.027011129,,9.686914558,9.843728561
Sotalol,CC(C)NCC(O)c1ccc(NS(C)(=O)=O)cc1,"9.76, 9.76","7.107, 8.809, 9.064, 10.086",9.768856265,8.528644876,,7.106814003,8.808973675
Stavudine,Cc1cn([C@H]2C=C[C@@H](CO)O2)c(=O)[nH]c1=O,,"5.521, 7.734, 9.431",9.433355508,,,7.733577213,9.430817184
Terbutaline,CC(C)(C)NCC(O)c1cc(O)cc(O)c1,"11.1, 8.7, 8.7, 8.8, 8.67, 8.65, 8.7, 8.8, 10",9.456,9.441461144,8.740306382,,,9.456154861
Digoxin,C[C@H]1O[C@@H](O[C@H]2[C@@H](O)C[C@H](O[C@H]3[C@@H](O)C[C@H](O[C@H]4CC[C@@]5(C)[C@H](CC[C@@H]6[C@@H]5C[C@@H](O)[C@]5(C)[C@@H](C7=CC(=O)OC7)CC[C@]65O)C4)O[C@@H]3C)O[C@@H]2C)C[C@H](O)[C@@H]1O,,"8.795, 8.816, 8.846",9.348579655,3.515348144,,8.794686146,
Lamivudine,Nc1ccn([C@@H]2CS[C@H](CO)O2)c(=O)n1,,"3.434, 4.225, 8.579, 9.036",,3.349664173,,8.579412308,4.225261669
Levetiracetam,CC[C@@H](C(N)=O)N1CCCC1=O,,"5.999, 6.928, 7.882",,,,7.88240797,
Nizatidine,CNC(=C[N+](=O)[O-])NCCSCc1csc(CN(C)C)n1,"6.59, 6.59, 6.8","3.995, 5.668, 5.893, 6.196",10.18206896,7.482116221,,,6.195940132
Alphamethyldopa,,,,,,Acidic: TypeError: 'float' object is not iterable | Basic: TypeError: 'float' object is not iterable,,
Ampicillin,CC1(C)S[C@@H]2[C@H](NC(=O)[C@H](N)c3ccccc3)C(=O)N2[C@H]1C(=O)O,"2.55, 7.14, 2.65, 7.25","3.144, 3.421, 3.552, 3.708, 5.858",7.049866261,,,3.144306173,3.552313938
Gabapentin,NCC1(CC(=O)O)CCCCC1,"4.1, 3.9, 10.5","4.877, 9.997",10.26559047,3.970644823,,4.877278366,9.997293625
Pregabalin,CC(C)C[C@H](CN)CC(=O)O,,"5.09, 9.744",10.32377318,4.15117084,,5.089657078,9.743877983
Acyclovir,Nc1nc2c(ncn2COCCO)c(=O)[nH]1,,"4.704, 5.751, 9.036, 9.143, 9.4",9.063105325,,,9.0363554,9.399751244
Candesartan,CCOc1nc2cccc(C(=O)O)c2n1Cc1ccc(-c2ccccc2-c2nnn[nH]2)cc1,"3.9, 5.3, 3.9","3.893, 4.547, 4.928, 5.194",3.892440305,,,5.194149513,4.546955709
Cefprozil,CC=CC1=C(C(=O)O)N2C(=O)[C@@H](NC(=O)[C@H](N)c3ccc(O)cc3)[C@H]2SC1,,"3.036, 3.269, 3.435, 3.845, 4.016, 5.32",7.495032327,,,3.268559923,4.016300898
Ciprofloxacin,O=C(O)c1cn(C2CC2)c2cc(N3CCNCC3)c(F)cc2c1=O,"6.2, 6.16, 8.62, 6.25, 6.02, 8.62","5.194, 6.765, 7.446",8.99440918,5.584633609,,6.764837208,7.44636713
Nitrofurantoin,O=C1CN(/N=C/c2ccc([N+](=O)[O-])o2)C(=O)N1,,8.669,6.649630361,,,8.668867283,
Penicillin V,CC1(C)S[C@@H]2[C@H](NC(=O)COc3ccccc3)C(=O)N2[C@H]1C(=O)O,2.735,"3.061, 3.404, 3.773, 5.942",,,,3.060997782,
Sulfisoxazole,Cc1noc(NS(=O)(=O)c2ccc(N)cc2)c1C,"5, 5, 4.8","4.158, 5.606, 6.208, 6.587, 9.095",3.98862592,,,6.207624493,5.605841522
Amisulpride,CCN1CCCC1CNC(=O)c1cc(S(=O)(=O)CC)c(N)cc1OC,"9.3, 9.37","3.715, 5.463, 8.979, 9.306, 9.606",,9.085707357,,9.305875282,8.9787146
Paliperidone,Cc1nc2n(c(=O)c1CCN1CCC(c3noc4cc(F)ccc34)CC1)CCCC2O,,"4.293, 5.214, 8.182, 8.655",,8.122336506,,8.65512579,8.181589661
Roxithromycin,CC[C@H]1OC(=O)[C@H](C)[C@@H](O[C@H]2C[C@@](C)(OC)[C@@H](O)[C@H](C)O2)[C@H](C)[C@@H](O[C@@H]2O[C@H](C)C[C@H](N(C)C)[C@H]2O)[C@](C)(O)C[C@@H](C)/C(=N\OCOCCOC)[C@H](C)[C@@H](O)[C@]1(C)O,"9.2, 9.27","8.615, 8.77",10.92098376,8.261097727,,8.769520721,8.615099754
Levonorgestrel,C#C[C@]1(O)CC[C@H]2[C@@H]3CCC4=CC(=O)CC[C@@H]4[C@H]3CC[C@@]21CC,,8.39,,3.560410446,,8.390453663,
Medroxyprogesterone,CC(=O)[C@@]1(O)CC[C@H]2[C@@H]3C[C@H](C)C4=CC(=O)CC[C@]4(C)[C@H]3CC[C@@]21C,,8.343,10.23904434,3.380374264,,8.343230362,
Fleroxacin,CN1CCN(c2c(F)cc3c(=O)c(C(=O)O)cn(CCF)c3c2F)CC1,"5.5, 8.2, 8.8, 5.5","4.928, 6.366, 6.509",7.92260346,5.355650624,,6.366045818,6.508593025
